ISO-10303-21;
HEADER;
/* Generated by software containing ST-Developer
 * from STEP Tools, Inc. (www.steptools.com) 
 */

FILE_DESCRIPTION(
/* description */ (''),
/* implementation_level */ '2;1');

FILE_NAME(
/* name */ 'Sadrita 16 pad Case.step',
/* time_stamp */ '2026-05-10T11:15:44+05:30',
/* author */ (''),
/* organization */ (''),
/* preprocessor_version */ 'ST-DEVELOPER v20.1',
/* originating_system */ 'Autodesk Translation Framework v15.8.0.0',
/* authorisation */ '');

FILE_SCHEMA (('AUTOMOTIVE_DESIGN { 1 0 10303 214 3 1 1 }'));
ENDSEC;

DATA;
#10=MECHANICAL_DESIGN_GEOMETRIC_PRESENTATION_REPRESENTATION('',(#13),#5362);
#11=SHAPE_REPRESENTATION_RELATIONSHIP('SRR','None',#5369,#12);
#12=ADVANCED_BREP_SHAPE_REPRESENTATION('',(#14),#5361);
#13=STYLED_ITEM('',(#5379),#14);
#14=MANIFOLD_SOLID_BREP('Body1',#2862);
#15=CYLINDRICAL_SURFACE('',#2955,3.);
#16=CYLINDRICAL_SURFACE('',#2958,3.00000000000001);
#17=CYLINDRICAL_SURFACE('',#2961,3.);
#18=CYLINDRICAL_SURFACE('',#2964,3.00000000000001);
#19=CYLINDRICAL_SURFACE('',#2969,5.00000000000002);
#20=CYLINDRICAL_SURFACE('',#2972,5.00000000000002);
#21=CYLINDRICAL_SURFACE('',#2975,5.00000000000001);
#22=CYLINDRICAL_SURFACE('',#2978,4.99999999999999);
#23=CYLINDRICAL_SURFACE('',#2982,1.7);
#24=CYLINDRICAL_SURFACE('',#2985,1.7);
#25=CYLINDRICAL_SURFACE('',#2988,1.7);
#26=CYLINDRICAL_SURFACE('',#2991,1.7);
#27=CIRCLE('',#2945,4.99999999999999);
#28=CIRCLE('',#2946,5.00000000000001);
#29=CIRCLE('',#2947,5.00000000000002);
#30=CIRCLE('',#2948,5.00000000000002);
#31=CIRCLE('',#2949,1.7);
#32=CIRCLE('',#2950,1.7);
#33=CIRCLE('',#2951,1.7);
#34=CIRCLE('',#2952,1.7);
#35=CIRCLE('',#2956,3.);
#36=CIRCLE('',#2957,3.);
#37=CIRCLE('',#2959,3.00000000000001);
#38=CIRCLE('',#2960,3.00000000000001);
#39=CIRCLE('',#2962,3.);
#40=CIRCLE('',#2963,3.);
#41=CIRCLE('',#2965,3.00000000000001);
#42=CIRCLE('',#2966,3.00000000000001);
#43=CIRCLE('',#2970,5.00000000000002);
#44=CIRCLE('',#2973,5.00000000000002);
#45=CIRCLE('',#2976,5.00000000000001);
#46=CIRCLE('',#2979,4.99999999999999);
#47=CIRCLE('',#2983,1.7);
#48=CIRCLE('',#2986,1.7);
#49=CIRCLE('',#2989,1.7);
#50=CIRCLE('',#2992,1.7);
#51=B_SPLINE_SURFACE_WITH_KNOTS('',3,1,((#3615,#3616),(#3617,#3618),(#3619,
#3620),(#3621,#3622),(#3623,#3624)),.UNSPECIFIED.,.F.,.F.,.F.,(4,1,4),(2,
2),(0.,0.0969835256612967,0.219588939180393),(-0.1,0.),.UNSPECIFIED.);
#52=B_SPLINE_SURFACE_WITH_KNOTS('',3,1,((#3632,#3633),(#3634,#3635),(#3636,
#3637),(#3638,#3639),(#3640,#3641)),.UNSPECIFIED.,.F.,.F.,.F.,(4,1,4),(2,
2),(0.,0.0933452706370902,0.199424350486858),(-0.1,0.),.UNSPECIFIED.);
#53=B_SPLINE_SURFACE_WITH_KNOTS('',3,1,((#3649,#3650),(#3651,#3652),(#3653,
#3654),(#3655,#3656),(#3657,#3658)),.UNSPECIFIED.,.F.,.F.,.F.,(4,1,4),(2,
2),(0.,0.132313839557712,0.253169578844091),(-0.1,0.),.UNSPECIFIED.);
#54=B_SPLINE_SURFACE_WITH_KNOTS('',3,1,((#3666,#3667),(#3668,#3669),(#3670,
#3671),(#3672,#3673),(#3674,#3675)),.UNSPECIFIED.,.F.,.F.,.F.,(4,1,4),(2,
2),(0.,0.140179594245964,0.262545904615993),(-0.1,0.),.UNSPECIFIED.);
#55=B_SPLINE_SURFACE_WITH_KNOTS('',3,1,((#3683,#3684),(#3685,#3686),(#3687,
#3688),(#3689,#3690),(#3691,#3692)),.UNSPECIFIED.,.F.,.F.,.F.,(4,1,4),(2,
2),(0.,0.13329985804517,0.290914757026062),(-0.1,0.),.UNSPECIFIED.);
#56=B_SPLINE_SURFACE_WITH_KNOTS('',3,1,((#3700,#3701),(#3702,#3703),(#3704,
#3705),(#3706,#3707),(#3708,#3709)),.UNSPECIFIED.,.F.,.F.,.F.,(4,1,4),(2,
2),(0.,0.112060594558747,0.230564201441309),(-0.1,0.),.UNSPECIFIED.);
#57=B_SPLINE_SURFACE_WITH_KNOTS('',3,1,((#3717,#3718),(#3719,#3720),(#3721,
#3722),(#3723,#3724),(#3725,#3726)),.UNSPECIFIED.,.F.,.F.,.F.,(4,1,4),(2,
2),(0.,0.108618439900863,0.216900316469608),(-0.1,0.),.UNSPECIFIED.);
#58=B_SPLINE_SURFACE_WITH_KNOTS('',3,1,((#3734,#3735),(#3736,#3737),(#3738,
#3739),(#3740,#3741),(#3742,#3743)),.UNSPECIFIED.,.F.,.F.,.F.,(4,1,4),(2,
2),(0.,0.13397615920793,0.233260251951944),(-0.1,0.),.UNSPECIFIED.);
#59=B_SPLINE_SURFACE_WITH_KNOTS('',3,1,((#3757,#3758),(#3759,#3760),(#3761,
#3762),(#3763,#3764),(#3765,#3766)),.UNSPECIFIED.,.F.,.F.,.F.,(4,1,4),(2,
2),(0.,0.0766568170757372,0.202239743165591),(-0.1,0.),.UNSPECIFIED.);
#60=B_SPLINE_SURFACE_WITH_KNOTS('',3,1,((#3776,#3777),(#3778,#3779),(#3780,
#3781),(#3782,#3783),(#3784,#3785)),.UNSPECIFIED.,.F.,.F.,.F.,(4,1,4),(2,
2),(0.,0.0620012922283807,0.128548297839083),(-0.1,0.),.UNSPECIFIED.);
#61=B_SPLINE_SURFACE_WITH_KNOTS('',3,1,((#3793,#3794),(#3795,#3796),(#3797,
#3798),(#3799,#3800),(#3801,#3802)),.UNSPECIFIED.,.F.,.F.,.F.,(4,1,4),(2,
2),(0.,0.0735780065346051,0.138009258969739),(-0.1,0.),.UNSPECIFIED.);
#62=B_SPLINE_SURFACE_WITH_KNOTS('',3,1,((#3810,#3811),(#3812,#3813),(#3814,
#3815),(#3816,#3817),(#3818,#3819)),.UNSPECIFIED.,.F.,.F.,.F.,(4,1,4),(2,
2),(0.,0.124874546104471,0.218683715408149),(-0.1,0.),.UNSPECIFIED.);
#63=B_SPLINE_SURFACE_WITH_KNOTS('',3,1,((#3827,#3828),(#3829,#3830),(#3831,
#3832),(#3833,#3834),(#3835,#3836)),.UNSPECIFIED.,.F.,.F.,.F.,(4,1,4),(2,
2),(0.,0.0986949483389095,0.225227565699462),(-0.1,0.),.UNSPECIFIED.);
#64=B_SPLINE_SURFACE_WITH_KNOTS('',3,1,((#3844,#3845),(#3846,#3847),(#3848,
#3849),(#3850,#3851),(#3852,#3853)),.UNSPECIFIED.,.F.,.F.,.F.,(4,1,4),(2,
2),(0.,0.0593538018337627,0.134924261291608),(-0.1,0.),.UNSPECIFIED.);
#65=B_SPLINE_SURFACE_WITH_KNOTS('',3,1,((#3861,#3862),(#3863,#3864),(#3865,
#3866),(#3867,#3868),(#3869,#3870)),.UNSPECIFIED.,.F.,.F.,.F.,(4,1,4),(2,
2),(0.,0.0581715883695987,0.111877787703719),(-0.1,0.),.UNSPECIFIED.);
#66=B_SPLINE_SURFACE_WITH_KNOTS('',3,1,((#3878,#3879),(#3880,#3881),(#3882,
#3883),(#3884,#3885),(#3886,#3887)),.UNSPECIFIED.,.F.,.F.,.F.,(4,1,4),(2,
2),(0.,0.0886582630706875,0.149261529144986),(-0.1,0.),.UNSPECIFIED.);
#67=B_SPLINE_SURFACE_WITH_KNOTS('',3,1,((#4034,#4035),(#4036,#4037),(#4038,
#4039),(#4040,#4041),(#4042,#4043)),.UNSPECIFIED.,.F.,.F.,.F.,(4,1,4),(2,
2),(0.,0.0515260589996714,0.124865544938649),(-0.1,0.),.UNSPECIFIED.);
#68=B_SPLINE_SURFACE_WITH_KNOTS('',3,1,((#4051,#4052),(#4053,#4054),(#4055,
#4056),(#4057,#4058),(#4059,#4060)),.UNSPECIFIED.,.F.,.F.,.F.,(4,1,4),(2,
2),(0.,0.0476528978479604,0.0902512811070757),(-0.1,0.),.UNSPECIFIED.);
#69=B_SPLINE_SURFACE_WITH_KNOTS('',3,1,((#4068,#4069),(#4070,#4071),(#4072,
#4073),(#4074,#4075),(#4076,#4077)),.UNSPECIFIED.,.F.,.F.,.F.,(4,1,4),(2,
2),(0.,0.14039514670026,0.220608589131529),(-0.1,0.),.UNSPECIFIED.);
#70=B_SPLINE_SURFACE_WITH_KNOTS('',3,1,((#4097,#4098),(#4099,#4100),(#4101,
#4102),(#4103,#4104),(#4105,#4106)),.UNSPECIFIED.,.F.,.F.,.F.,(4,1,4),(2,
2),(0.,0.0985246200193099,0.242531908679141),(-0.1,0.),.UNSPECIFIED.);
#71=B_SPLINE_SURFACE_WITH_KNOTS('',3,1,((#4114,#4115),(#4116,#4117),(#4118,
#4119),(#4120,#4121),(#4122,#4123)),.UNSPECIFIED.,.F.,.F.,.F.,(4,1,4),(2,
2),(0.,0.0874849280932453,0.166662155442377),(-0.1,0.),.UNSPECIFIED.);
#72=B_SPLINE_SURFACE_WITH_KNOTS('',3,1,((#4131,#4132),(#4133,#4134),(#4135,
#4136),(#4137,#4138),(#4139,#4140)),.UNSPECIFIED.,.F.,.F.,.F.,(4,1,4),(2,
2),(0.,0.123827643393653,0.269603213234834),(-0.1,0.),.UNSPECIFIED.);
#73=B_SPLINE_SURFACE_WITH_KNOTS('',3,1,((#4148,#4149),(#4150,#4151),(#4152,
#4153),(#4154,#4155),(#4156,#4157)),.UNSPECIFIED.,.F.,.F.,.F.,(4,1,4),(2,
2),(0.,0.126742949292072,0.244829213467394),(-0.1,0.),.UNSPECIFIED.);
#74=B_SPLINE_SURFACE_WITH_KNOTS('',3,1,((#4165,#4166),(#4167,#4168),(#4169,
#4170),(#4171,#4172),(#4173,#4174)),.UNSPECIFIED.,.F.,.F.,.F.,(4,1,4),(2,
2),(0.,0.0982934604704169,0.201047521052419),(-0.1,0.),.UNSPECIFIED.);
#75=B_SPLINE_SURFACE_WITH_KNOTS('',3,1,((#4182,#4183),(#4184,#4185),(#4186,
#4187),(#4188,#4189),(#4190,#4191)),.UNSPECIFIED.,.F.,.F.,.F.,(4,1,4),(2,
2),(0.,0.0918139731844383,0.186084784879919),(-0.1,0.),.UNSPECIFIED.);
#76=B_SPLINE_SURFACE_WITH_KNOTS('',3,1,((#4199,#4200),(#4201,#4202),(#4203,
#4204),(#4205,#4206),(#4207,#4208)),.UNSPECIFIED.,.F.,.F.,.F.,(4,1,4),(2,
2),(0.,0.168502825089584,0.285932114874105),(-0.1,0.),.UNSPECIFIED.);
#77=B_SPLINE_SURFACE_WITH_KNOTS('',3,1,((#4232,#4233),(#4234,#4235),(#4236,
#4237),(#4238,#4239),(#4240,#4241)),.UNSPECIFIED.,.F.,.F.,.F.,(4,1,4),(2,
2),(0.,0.0598463467023998,0.179382481534972),(-0.1,0.),.UNSPECIFIED.);
#78=B_SPLINE_SURFACE_WITH_KNOTS('',3,1,((#4249,#4250),(#4251,#4252),(#4253,
#4254),(#4255,#4256),(#4257,#4258)),.UNSPECIFIED.,.F.,.F.,.F.,(4,1,4),(2,
2),(0.,0.0500725208354175,0.105658706728948),(-0.1,0.),.UNSPECIFIED.);
#79=B_SPLINE_SURFACE_WITH_KNOTS('',3,1,((#4266,#4267),(#4268,#4269),(#4270,
#4271),(#4272,#4273),(#4274,#4275)),.UNSPECIFIED.,.F.,.F.,.F.,(4,1,4),(2,
2),(0.,0.0560260342389495,0.106038220594067),(-0.1,0.),.UNSPECIFIED.);
#80=B_SPLINE_SURFACE_WITH_KNOTS('',3,1,((#4283,#4284),(#4285,#4286),(#4287,
#4288),(#4289,#4290),(#4291,#4292)),.UNSPECIFIED.,.F.,.F.,.F.,(4,1,4),(2,
2),(0.,0.0451344355096402,0.095738562406031),(-0.1,0.),.UNSPECIFIED.);
#81=B_SPLINE_SURFACE_WITH_KNOTS('',3,1,((#4300,#4301),(#4302,#4303),(#4304,
#4305),(#4306,#4307),(#4308,#4309)),.UNSPECIFIED.,.F.,.F.,.F.,(4,1,4),(2,
2),(0.,0.0441803111650296,0.0871870820235045),(-0.1,0.),.UNSPECIFIED.);
#82=B_SPLINE_SURFACE_WITH_KNOTS('',3,1,((#4317,#4318),(#4319,#4320),(#4321,
#4322),(#4323,#4324),(#4325,#4326)),.UNSPECIFIED.,.F.,.F.,.F.,(4,1,4),(2,
2),(0.,0.143651898211807,0.221658074242343),(-0.1,0.),.UNSPECIFIED.);
#83=B_SPLINE_SURFACE_WITH_KNOTS('',3,1,((#4562,#4563),(#4564,#4565),(#4566,
#4567),(#4568,#4569),(#4570,#4571)),.UNSPECIFIED.,.F.,.F.,.F.,(4,1,4),(2,
2),(0.,0.20571383542861,0.375965989306986),(-0.1,0.),.UNSPECIFIED.);
#84=B_SPLINE_SURFACE_WITH_KNOTS('',3,1,((#4581,#4582),(#4583,#4584),(#4585,
#4586),(#4587,#4588),(#4589,#4590)),.UNSPECIFIED.,.F.,.F.,.F.,(4,1,4),(2,
2),(0.,0.123801700553247,0.269688098796691),(-0.1,0.),.UNSPECIFIED.);
#85=B_SPLINE_SURFACE_WITH_KNOTS('',3,1,((#4598,#4599),(#4600,#4601),(#4602,
#4603),(#4604,#4605),(#4606,#4607)),.UNSPECIFIED.,.F.,.F.,.F.,(4,1,4),(2,
2),(0.,0.106160022776815,0.215988689203041),(-0.1,0.),.UNSPECIFIED.);
#86=B_SPLINE_SURFACE_WITH_KNOTS('',3,1,((#4615,#4616),(#4617,#4618),(#4619,
#4620),(#4621,#4622),(#4623,#4624)),.UNSPECIFIED.,.F.,.F.,.F.,(4,1,4),(2,
2),(0.,0.102306147371449,0.206487537807894),(-0.1,0.),.UNSPECIFIED.);
#87=B_SPLINE_SURFACE_WITH_KNOTS('',3,1,((#4632,#4633),(#4634,#4635),(#4636,
#4637),(#4638,#4639),(#4640,#4641)),.UNSPECIFIED.,.F.,.F.,.F.,(4,1,4),(2,
2),(0.,0.0947730531913094,0.201519921421102),(-0.1,0.),.UNSPECIFIED.);
#88=B_SPLINE_SURFACE_WITH_KNOTS('',3,1,((#4649,#4650),(#4651,#4652),(#4653,
#4654),(#4655,#4656),(#4657,#4658)),.UNSPECIFIED.,.F.,.F.,.F.,(4,1,4),(2,
2),(0.,0.0934872881285682,0.184466348435717),(-0.1,0.),.UNSPECIFIED.);
#89=B_SPLINE_SURFACE_WITH_KNOTS('',3,1,((#4666,#4667),(#4668,#4669),(#4670,
#4671),(#4672,#4673),(#4674,#4675)),.UNSPECIFIED.,.F.,.F.,.F.,(4,1,4),(2,
2),(0.,0.161714132937982,0.279522561351023),(-0.1,0.),.UNSPECIFIED.);
#90=B_SPLINE_SURFACE_WITH_KNOTS('',3,1,((#4683,#4684),(#4685,#4686),(#4687,
#4688),(#4689,#4690),(#4691,#4692)),.UNSPECIFIED.,.F.,.F.,.F.,(4,1,4),(2,
2),(0.,0.0890933334785232,0.240968178243915),(-0.1,0.),.UNSPECIFIED.);
#91=B_SPLINE_SURFACE_WITH_KNOTS('',3,1,((#4700,#4701),(#4702,#4703),(#4704,
#4705),(#4706,#4707),(#4708,#4709)),.UNSPECIFIED.,.F.,.F.,.F.,(4,1,4),(2,
2),(0.,0.0410789155588964,0.0846051098953477),(-0.1,0.),.UNSPECIFIED.);
#92=B_SPLINE_SURFACE_WITH_KNOTS('',3,1,((#4717,#4718),(#4719,#4720),(#4721,
#4722),(#4723,#4724),(#4725,#4726)),.UNSPECIFIED.,.F.,.F.,.F.,(4,1,4),(2,
2),(0.,0.0441007504944838,0.0877460077871056),(-0.1,0.),.UNSPECIFIED.);
#93=B_SPLINE_SURFACE_WITH_KNOTS('',3,1,((#4734,#4735),(#4736,#4737),(#4738,
#4739),(#4740,#4741),(#4742,#4743)),.UNSPECIFIED.,.F.,.F.,.F.,(4,1,4),(2,
2),(0.,0.0960905604322883,0.175488087287057),(-0.1,0.),.UNSPECIFIED.);
#94=B_SPLINE_SURFACE_WITH_KNOTS('',3,1,((#4751,#4752),(#4753,#4754),(#4755,
#4756),(#4757,#4758),(#4759,#4760)),.UNSPECIFIED.,.F.,.F.,.F.,(4,1,4),(2,
2),(0.,0.0716531035052003,0.162930847290214),(-0.1,0.),.UNSPECIFIED.);
#95=B_SPLINE_SURFACE_WITH_KNOTS('',3,1,((#4768,#4769),(#4770,#4771),(#4772,
#4773),(#4774,#4775),(#4776,#4777)),.UNSPECIFIED.,.F.,.F.,.F.,(4,1,4),(2,
2),(0.,0.0842805376765445,0.153376758818445),(-0.1,0.),.UNSPECIFIED.);
#96=B_SPLINE_SURFACE_WITH_KNOTS('',3,1,((#4789,#4790),(#4791,#4792),(#4793,
#4794),(#4795,#4796),(#4797,#4798)),.UNSPECIFIED.,.F.,.F.,.F.,(4,1,4),(2,
2),(0.,0.146966351198809,0.301488291703568),(-0.1,0.),.UNSPECIFIED.);
#97=B_SPLINE_SURFACE_WITH_KNOTS('',3,1,((#4806,#4807),(#4808,#4809),(#4810,
#4811),(#4812,#4813),(#4814,#4815)),.UNSPECIFIED.,.F.,.F.,.F.,(4,1,4),(2,
2),(0.,0.202236261827393,0.364582017946416),(-0.1,0.),.UNSPECIFIED.);
#98=B_SPLINE_SURFACE_WITH_KNOTS('',3,1,((#4823,#4824),(#4825,#4826),(#4827,
#4828),(#4829,#4830),(#4831,#4832)),.UNSPECIFIED.,.F.,.F.,.F.,(4,1,4),(2,
2),(0.,0.114277117313481,0.244821570708734),(-0.1,0.),.UNSPECIFIED.);
#99=B_SPLINE_SURFACE_WITH_KNOTS('',3,1,((#4840,#4841),(#4842,#4843),(#4844,
#4845),(#4846,#4847),(#4848,#4849)),.UNSPECIFIED.,.F.,.F.,.F.,(4,1,4),(2,
2),(0.,0.0963896771550312,0.198104329605704),(-0.1,0.),.UNSPECIFIED.);
#100=B_SPLINE_SURFACE_WITH_KNOTS('',3,1,((#4857,#4858),(#4859,#4860),(#4861,
#4862),(#4863,#4864),(#4865,#4866)),.UNSPECIFIED.,.F.,.F.,.F.,(4,1,4),(2,
2),(0.,0.0908020809035048,0.183172698411352),(-0.1,0.),.UNSPECIFIED.);
#101=B_SPLINE_SURFACE_WITH_KNOTS('',3,1,((#4874,#4875),(#4876,#4877),(#4878,
#4879),(#4880,#4881),(#4882,#4883)),.UNSPECIFIED.,.F.,.F.,.F.,(4,1,4),(2,
2),(0.,0.139578174612155,0.275922408160667),(-0.1,0.),.UNSPECIFIED.);
#102=B_SPLINE_SURFACE_WITH_KNOTS('',3,1,((#4891,#4892),(#4893,#4894),(#4895,
#4896),(#4897,#4898),(#4899,#4900)),.UNSPECIFIED.,.F.,.F.,.F.,(4,1,4),(2,
2),(0.,0.176729238006567,0.304174769778969),(-0.1,0.),.UNSPECIFIED.);
#103=B_SPLINE_SURFACE_WITH_KNOTS('',3,1,((#4908,#4909),(#4910,#4911),(#4912,
#4913),(#4914,#4915),(#4916,#4917)),.UNSPECIFIED.,.F.,.F.,.F.,(4,1,4),(2,
2),(0.,0.0737442089101463,0.203802097127476),(-0.1,0.),.UNSPECIFIED.);
#104=B_SPLINE_SURFACE_WITH_KNOTS('',3,1,((#4925,#4926),(#4927,#4928),(#4929,
#4930),(#4931,#4932),(#4933,#4934)),.UNSPECIFIED.,.F.,.F.,.F.,(4,1,4),(2,
2),(0.,0.0447972978441761,0.103671420093607),(-0.1,0.),.UNSPECIFIED.);
#105=B_SPLINE_SURFACE_WITH_KNOTS('',3,1,((#4942,#4943),(#4944,#4945),(#4946,
#4947),(#4948,#4949),(#4950,#4951)),.UNSPECIFIED.,.F.,.F.,.F.,(4,1,4),(2,
2),(0.,0.0403597988918166,0.0787643465781286),(-0.1,0.),.UNSPECIFIED.);
#106=B_SPLINE_SURFACE_WITH_KNOTS('',3,1,((#4959,#4960),(#4961,#4962),(#4963,
#4964),(#4965,#4966),(#4967,#4968)),.UNSPECIFIED.,.F.,.F.,.F.,(4,1,4),(2,
2),(0.,0.071181661769054,0.136060942049406),(-0.1,0.),.UNSPECIFIED.);
#107=B_SPLINE_SURFACE_WITH_KNOTS('',3,1,((#4976,#4977),(#4978,#4979),(#4980,
#4981),(#4982,#4983),(#4984,#4985)),.UNSPECIFIED.,.F.,.F.,.F.,(4,1,4),(2,
2),(0.,0.104710174422084,0.188049593807309),(-0.1,0.),.UNSPECIFIED.);
#108=B_SPLINE_SURFACE_WITH_KNOTS('',3,1,((#4993,#4994),(#4995,#4996),(#4997,
#4998),(#4999,#5000),(#5001,#5002)),.UNSPECIFIED.,.F.,.F.,.F.,(4,1,4),(2,
2),(0.,0.0885894990903307,0.190220898473398),(-0.1,0.),.UNSPECIFIED.);
#109=B_SPLINE_SURFACE_WITH_KNOTS('',3,1,((#5010,#5011),(#5012,#5013),(#5014,
#5015),(#5016,#5017),(#5018,#5019)),.UNSPECIFIED.,.F.,.F.,.F.,(4,1,4),(2,
2),(0.,0.109348877780687,0.200035043303363),(-0.1,0.),.UNSPECIFIED.);
#110=B_SPLINE_SURFACE_WITH_KNOTS('',3,1,((#5031,#5032),(#5033,#5034),(#5035,
#5036),(#5037,#5038),(#5039,#5040)),.UNSPECIFIED.,.F.,.F.,.F.,(4,1,4),(2,
2),(0.,0.164355653343691,0.350821560259347),(-0.1,0.),.UNSPECIFIED.);
#111=FACE_BOUND('',#289,.T.);
#112=FACE_BOUND('',#313,.T.);
#113=FACE_BOUND('',#387,.T.);
#114=FACE_BOUND('',#400,.T.);
#115=FACE_BOUND('',#421,.T.);
#116=FACE_BOUND('',#422,.T.);
#117=FACE_BOUND('',#423,.T.);
#118=FACE_BOUND('',#424,.T.);
#119=FACE_BOUND('',#442,.T.);
#120=FACE_BOUND('',#443,.T.);
#121=FACE_BOUND('',#444,.T.);
#122=FACE_BOUND('',#445,.T.);
#123=FACE_BOUND('',#446,.T.);
#124=FACE_BOUND('',#447,.T.);
#125=FACE_BOUND('',#448,.T.);
#126=FACE_BOUND('',#449,.T.);
#127=FACE_BOUND('',#450,.T.);
#128=FACE_BOUND('',#451,.T.);
#129=FACE_BOUND('',#452,.T.);
#130=FACE_BOUND('',#455,.T.);
#131=FACE_BOUND('',#458,.T.);
#132=FACE_BOUND('',#461,.T.);
#133=FACE_BOUND('',#464,.T.);
#134=FACE_OUTER_BOUND('',#288,.T.);
#135=FACE_OUTER_BOUND('',#290,.T.);
#136=FACE_OUTER_BOUND('',#291,.T.);
#137=FACE_OUTER_BOUND('',#292,.T.);
#138=FACE_OUTER_BOUND('',#293,.T.);
#139=FACE_OUTER_BOUND('',#294,.T.);
#140=FACE_OUTER_BOUND('',#295,.T.);
#141=FACE_OUTER_BOUND('',#296,.T.);
#142=FACE_OUTER_BOUND('',#297,.T.);
#143=FACE_OUTER_BOUND('',#298,.T.);
#144=FACE_OUTER_BOUND('',#299,.T.);
#145=FACE_OUTER_BOUND('',#300,.T.);
#146=FACE_OUTER_BOUND('',#301,.T.);
#147=FACE_OUTER_BOUND('',#302,.T.);
#148=FACE_OUTER_BOUND('',#303,.T.);
#149=FACE_OUTER_BOUND('',#304,.T.);
#150=FACE_OUTER_BOUND('',#305,.T.);
#151=FACE_OUTER_BOUND('',#306,.T.);
#152=FACE_OUTER_BOUND('',#307,.T.);
#153=FACE_OUTER_BOUND('',#308,.T.);
#154=FACE_OUTER_BOUND('',#309,.T.);
#155=FACE_OUTER_BOUND('',#310,.T.);
#156=FACE_OUTER_BOUND('',#311,.T.);
#157=FACE_OUTER_BOUND('',#312,.T.);
#158=FACE_OUTER_BOUND('',#314,.T.);
#159=FACE_OUTER_BOUND('',#315,.T.);
#160=FACE_OUTER_BOUND('',#316,.T.);
#161=FACE_OUTER_BOUND('',#317,.T.);
#162=FACE_OUTER_BOUND('',#318,.T.);
#163=FACE_OUTER_BOUND('',#319,.T.);
#164=FACE_OUTER_BOUND('',#320,.T.);
#165=FACE_OUTER_BOUND('',#321,.T.);
#166=FACE_OUTER_BOUND('',#322,.T.);
#167=FACE_OUTER_BOUND('',#323,.T.);
#168=FACE_OUTER_BOUND('',#324,.T.);
#169=FACE_OUTER_BOUND('',#325,.T.);
#170=FACE_OUTER_BOUND('',#326,.T.);
#171=FACE_OUTER_BOUND('',#327,.T.);
#172=FACE_OUTER_BOUND('',#328,.T.);
#173=FACE_OUTER_BOUND('',#329,.T.);
#174=FACE_OUTER_BOUND('',#330,.T.);
#175=FACE_OUTER_BOUND('',#331,.T.);
#176=FACE_OUTER_BOUND('',#332,.T.);
#177=FACE_OUTER_BOUND('',#333,.T.);
#178=FACE_OUTER_BOUND('',#334,.T.);
#179=FACE_OUTER_BOUND('',#335,.T.);
#180=FACE_OUTER_BOUND('',#336,.T.);
#181=FACE_OUTER_BOUND('',#337,.T.);
#182=FACE_OUTER_BOUND('',#338,.T.);
#183=FACE_OUTER_BOUND('',#339,.T.);
#184=FACE_OUTER_BOUND('',#340,.T.);
#185=FACE_OUTER_BOUND('',#341,.T.);
#186=FACE_OUTER_BOUND('',#342,.T.);
#187=FACE_OUTER_BOUND('',#343,.T.);
#188=FACE_OUTER_BOUND('',#344,.T.);
#189=FACE_OUTER_BOUND('',#345,.T.);
#190=FACE_OUTER_BOUND('',#346,.T.);
#191=FACE_OUTER_BOUND('',#347,.T.);
#192=FACE_OUTER_BOUND('',#348,.T.);
#193=FACE_OUTER_BOUND('',#349,.T.);
#194=FACE_OUTER_BOUND('',#350,.T.);
#195=FACE_OUTER_BOUND('',#351,.T.);
#196=FACE_OUTER_BOUND('',#352,.T.);
#197=FACE_OUTER_BOUND('',#353,.T.);
#198=FACE_OUTER_BOUND('',#354,.T.);
#199=FACE_OUTER_BOUND('',#355,.T.);
#200=FACE_OUTER_BOUND('',#356,.T.);
#201=FACE_OUTER_BOUND('',#357,.T.);
#202=FACE_OUTER_BOUND('',#358,.T.);
#203=FACE_OUTER_BOUND('',#359,.T.);
#204=FACE_OUTER_BOUND('',#360,.T.);
#205=FACE_OUTER_BOUND('',#361,.T.);
#206=FACE_OUTER_BOUND('',#362,.T.);
#207=FACE_OUTER_BOUND('',#363,.T.);
#208=FACE_OUTER_BOUND('',#364,.T.);
#209=FACE_OUTER_BOUND('',#365,.T.);
#210=FACE_OUTER_BOUND('',#366,.T.);
#211=FACE_OUTER_BOUND('',#367,.T.);
#212=FACE_OUTER_BOUND('',#368,.T.);
#213=FACE_OUTER_BOUND('',#369,.T.);
#214=FACE_OUTER_BOUND('',#370,.T.);
#215=FACE_OUTER_BOUND('',#371,.T.);
#216=FACE_OUTER_BOUND('',#372,.T.);
#217=FACE_OUTER_BOUND('',#373,.T.);
#218=FACE_OUTER_BOUND('',#374,.T.);
#219=FACE_OUTER_BOUND('',#375,.T.);
#220=FACE_OUTER_BOUND('',#376,.T.);
#221=FACE_OUTER_BOUND('',#377,.T.);
#222=FACE_OUTER_BOUND('',#378,.T.);
#223=FACE_OUTER_BOUND('',#379,.T.);
#224=FACE_OUTER_BOUND('',#380,.T.);
#225=FACE_OUTER_BOUND('',#381,.T.);
#226=FACE_OUTER_BOUND('',#382,.T.);
#227=FACE_OUTER_BOUND('',#383,.T.);
#228=FACE_OUTER_BOUND('',#384,.T.);
#229=FACE_OUTER_BOUND('',#385,.T.);
#230=FACE_OUTER_BOUND('',#386,.T.);
#231=FACE_OUTER_BOUND('',#388,.T.);
#232=FACE_OUTER_BOUND('',#389,.T.);
#233=FACE_OUTER_BOUND('',#390,.T.);
#234=FACE_OUTER_BOUND('',#391,.T.);
#235=FACE_OUTER_BOUND('',#392,.T.);
#236=FACE_OUTER_BOUND('',#393,.T.);
#237=FACE_OUTER_BOUND('',#394,.T.);
#238=FACE_OUTER_BOUND('',#395,.T.);
#239=FACE_OUTER_BOUND('',#396,.T.);
#240=FACE_OUTER_BOUND('',#397,.T.);
#241=FACE_OUTER_BOUND('',#398,.T.);
#242=FACE_OUTER_BOUND('',#399,.T.);
#243=FACE_OUTER_BOUND('',#401,.T.);
#244=FACE_OUTER_BOUND('',#402,.T.);
#245=FACE_OUTER_BOUND('',#403,.T.);
#246=FACE_OUTER_BOUND('',#404,.T.);
#247=FACE_OUTER_BOUND('',#405,.T.);
#248=FACE_OUTER_BOUND('',#406,.T.);
#249=FACE_OUTER_BOUND('',#407,.T.);
#250=FACE_OUTER_BOUND('',#408,.T.);
#251=FACE_OUTER_BOUND('',#409,.T.);
#252=FACE_OUTER_BOUND('',#410,.T.);
#253=FACE_OUTER_BOUND('',#411,.T.);
#254=FACE_OUTER_BOUND('',#412,.T.);
#255=FACE_OUTER_BOUND('',#413,.T.);
#256=FACE_OUTER_BOUND('',#414,.T.);
#257=FACE_OUTER_BOUND('',#415,.T.);
#258=FACE_OUTER_BOUND('',#416,.T.);
#259=FACE_OUTER_BOUND('',#417,.T.);
#260=FACE_OUTER_BOUND('',#418,.T.);
#261=FACE_OUTER_BOUND('',#419,.T.);
#262=FACE_OUTER_BOUND('',#420,.T.);
#263=FACE_OUTER_BOUND('',#425,.T.);
#264=FACE_OUTER_BOUND('',#426,.T.);
#265=FACE_OUTER_BOUND('',#427,.T.);
#266=FACE_OUTER_BOUND('',#428,.T.);
#267=FACE_OUTER_BOUND('',#429,.T.);
#268=FACE_OUTER_BOUND('',#430,.T.);
#269=FACE_OUTER_BOUND('',#431,.T.);
#270=FACE_OUTER_BOUND('',#432,.T.);
#271=FACE_OUTER_BOUND('',#433,.T.);
#272=FACE_OUTER_BOUND('',#434,.T.);
#273=FACE_OUTER_BOUND('',#435,.T.);
#274=FACE_OUTER_BOUND('',#436,.T.);
#275=FACE_OUTER_BOUND('',#437,.T.);
#276=FACE_OUTER_BOUND('',#438,.T.);
#277=FACE_OUTER_BOUND('',#439,.T.);
#278=FACE_OUTER_BOUND('',#440,.T.);
#279=FACE_OUTER_BOUND('',#441,.T.);
#280=FACE_OUTER_BOUND('',#453,.T.);
#281=FACE_OUTER_BOUND('',#454,.T.);
#282=FACE_OUTER_BOUND('',#456,.T.);
#283=FACE_OUTER_BOUND('',#457,.T.);
#284=FACE_OUTER_BOUND('',#459,.T.);
#285=FACE_OUTER_BOUND('',#460,.T.);
#286=FACE_OUTER_BOUND('',#462,.T.);
#287=FACE_OUTER_BOUND('',#463,.T.);
#288=EDGE_LOOP('',(#1804,#1805,#1806,#1807,#1808,#1809,#1810,#1811,#1812,
#1813,#1814));
#289=EDGE_LOOP('',(#1815,#1816,#1817,#1818,#1819,#1820,#1821,#1822,#1823,
#1824,#1825));
#290=EDGE_LOOP('',(#1826,#1827,#1828,#1829));
#291=EDGE_LOOP('',(#1830,#1831,#1832,#1833));
#292=EDGE_LOOP('',(#1834,#1835,#1836,#1837));
#293=EDGE_LOOP('',(#1838,#1839,#1840,#1841));
#294=EDGE_LOOP('',(#1842,#1843,#1844,#1845));
#295=EDGE_LOOP('',(#1846,#1847,#1848,#1849));
#296=EDGE_LOOP('',(#1850,#1851,#1852,#1853));
#297=EDGE_LOOP('',(#1854,#1855,#1856,#1857));
#298=EDGE_LOOP('',(#1858,#1859,#1860,#1861));
#299=EDGE_LOOP('',(#1862,#1863,#1864,#1865));
#300=EDGE_LOOP('',(#1866,#1867,#1868,#1869));
#301=EDGE_LOOP('',(#1870,#1871,#1872,#1873));
#302=EDGE_LOOP('',(#1874,#1875,#1876,#1877));
#303=EDGE_LOOP('',(#1878,#1879,#1880,#1881));
#304=EDGE_LOOP('',(#1882,#1883,#1884,#1885));
#305=EDGE_LOOP('',(#1886,#1887,#1888,#1889));
#306=EDGE_LOOP('',(#1890,#1891,#1892,#1893));
#307=EDGE_LOOP('',(#1894,#1895,#1896,#1897));
#308=EDGE_LOOP('',(#1898,#1899,#1900,#1901));
#309=EDGE_LOOP('',(#1902,#1903,#1904,#1905));
#310=EDGE_LOOP('',(#1906,#1907,#1908,#1909));
#311=EDGE_LOOP('',(#1910,#1911,#1912,#1913));
#312=EDGE_LOOP('',(#1914,#1915,#1916,#1917,#1918,#1919,#1920,#1921,#1922,
#1923,#1924,#1925,#1926,#1927,#1928,#1929,#1930,#1931));
#313=EDGE_LOOP('',(#1932,#1933,#1934,#1935,#1936,#1937,#1938,#1939,#1940));
#314=EDGE_LOOP('',(#1941,#1942,#1943,#1944));
#315=EDGE_LOOP('',(#1945,#1946,#1947,#1948));
#316=EDGE_LOOP('',(#1949,#1950,#1951,#1952));
#317=EDGE_LOOP('',(#1953,#1954,#1955,#1956));
#318=EDGE_LOOP('',(#1957,#1958,#1959,#1960));
#319=EDGE_LOOP('',(#1961,#1962,#1963,#1964));
#320=EDGE_LOOP('',(#1965,#1966,#1967,#1968));
#321=EDGE_LOOP('',(#1969,#1970,#1971,#1972));
#322=EDGE_LOOP('',(#1973,#1974,#1975,#1976));
#323=EDGE_LOOP('',(#1977,#1978,#1979,#1980));
#324=EDGE_LOOP('',(#1981,#1982,#1983,#1984));
#325=EDGE_LOOP('',(#1985,#1986,#1987,#1988));
#326=EDGE_LOOP('',(#1989,#1990,#1991,#1992));
#327=EDGE_LOOP('',(#1993,#1994,#1995,#1996));
#328=EDGE_LOOP('',(#1997,#1998,#1999,#2000));
#329=EDGE_LOOP('',(#2001,#2002,#2003,#2004));
#330=EDGE_LOOP('',(#2005,#2006,#2007,#2008));
#331=EDGE_LOOP('',(#2009,#2010,#2011,#2012));
#332=EDGE_LOOP('',(#2013,#2014,#2015,#2016));
#333=EDGE_LOOP('',(#2017,#2018,#2019,#2020));
#334=EDGE_LOOP('',(#2021,#2022,#2023,#2024));
#335=EDGE_LOOP('',(#2025,#2026,#2027,#2028));
#336=EDGE_LOOP('',(#2029,#2030,#2031,#2032));
#337=EDGE_LOOP('',(#2033,#2034,#2035,#2036));
#338=EDGE_LOOP('',(#2037,#2038,#2039,#2040));
#339=EDGE_LOOP('',(#2041,#2042,#2043,#2044));
#340=EDGE_LOOP('',(#2045,#2046,#2047,#2048));
#341=EDGE_LOOP('',(#2049,#2050,#2051,#2052,#2053,#2054,#2055,#2056));
#342=EDGE_LOOP('',(#2057,#2058,#2059,#2060));
#343=EDGE_LOOP('',(#2061,#2062,#2063,#2064));
#344=EDGE_LOOP('',(#2065,#2066,#2067,#2068));
#345=EDGE_LOOP('',(#2069,#2070,#2071,#2072));
#346=EDGE_LOOP('',(#2073,#2074,#2075,#2076));
#347=EDGE_LOOP('',(#2077,#2078,#2079,#2080));
#348=EDGE_LOOP('',(#2081,#2082,#2083,#2084));
#349=EDGE_LOOP('',(#2085,#2086,#2087,#2088));
#350=EDGE_LOOP('',(#2089,#2090,#2091,#2092,#2093,#2094,#2095,#2096,#2097,
#2098,#2099,#2100,#2101,#2102,#2103,#2104,#2105,#2106,#2107,#2108,#2109,
#2110,#2111,#2112,#2113,#2114,#2115,#2116,#2117,#2118));
#351=EDGE_LOOP('',(#2119,#2120,#2121,#2122));
#352=EDGE_LOOP('',(#2123,#2124,#2125,#2126));
#353=EDGE_LOOP('',(#2127,#2128,#2129,#2130));
#354=EDGE_LOOP('',(#2131,#2132,#2133,#2134));
#355=EDGE_LOOP('',(#2135,#2136,#2137,#2138));
#356=EDGE_LOOP('',(#2139,#2140,#2141,#2142));
#357=EDGE_LOOP('',(#2143,#2144,#2145,#2146));
#358=EDGE_LOOP('',(#2147,#2148,#2149,#2150));
#359=EDGE_LOOP('',(#2151,#2152,#2153,#2154));
#360=EDGE_LOOP('',(#2155,#2156,#2157,#2158));
#361=EDGE_LOOP('',(#2159,#2160,#2161,#2162));
#362=EDGE_LOOP('',(#2163,#2164,#2165,#2166));
#363=EDGE_LOOP('',(#2167,#2168,#2169,#2170));
#364=EDGE_LOOP('',(#2171,#2172,#2173,#2174));
#365=EDGE_LOOP('',(#2175,#2176,#2177,#2178));
#366=EDGE_LOOP('',(#2179,#2180,#2181,#2182));
#367=EDGE_LOOP('',(#2183,#2184,#2185,#2186));
#368=EDGE_LOOP('',(#2187,#2188,#2189,#2190));
#369=EDGE_LOOP('',(#2191,#2192,#2193,#2194));
#370=EDGE_LOOP('',(#2195,#2196,#2197,#2198));
#371=EDGE_LOOP('',(#2199,#2200,#2201,#2202));
#372=EDGE_LOOP('',(#2203,#2204,#2205,#2206));
#373=EDGE_LOOP('',(#2207,#2208,#2209,#2210));
#374=EDGE_LOOP('',(#2211,#2212,#2213,#2214));
#375=EDGE_LOOP('',(#2215,#2216,#2217,#2218));
#376=EDGE_LOOP('',(#2219,#2220,#2221,#2222));
#377=EDGE_LOOP('',(#2223,#2224,#2225,#2226));
#378=EDGE_LOOP('',(#2227,#2228,#2229,#2230));
#379=EDGE_LOOP('',(#2231,#2232,#2233,#2234));
#380=EDGE_LOOP('',(#2235,#2236,#2237,#2238));
#381=EDGE_LOOP('',(#2239,#2240,#2241,#2242));
#382=EDGE_LOOP('',(#2243,#2244,#2245,#2246));
#383=EDGE_LOOP('',(#2247,#2248,#2249,#2250));
#384=EDGE_LOOP('',(#2251,#2252,#2253,#2254));
#385=EDGE_LOOP('',(#2255,#2256,#2257,#2258));
#386=EDGE_LOOP('',(#2259,#2260,#2261,#2262,#2263,#2264,#2265,#2266));
#387=EDGE_LOOP('',(#2267,#2268,#2269));
#388=EDGE_LOOP('',(#2270,#2271,#2272,#2273));
#389=EDGE_LOOP('',(#2274,#2275,#2276,#2277));
#390=EDGE_LOOP('',(#2278,#2279,#2280,#2281));
#391=EDGE_LOOP('',(#2282,#2283,#2284,#2285));
#392=EDGE_LOOP('',(#2286,#2287,#2288,#2289));
#393=EDGE_LOOP('',(#2290,#2291,#2292,#2293));
#394=EDGE_LOOP('',(#2294,#2295,#2296,#2297));
#395=EDGE_LOOP('',(#2298,#2299,#2300,#2301));
#396=EDGE_LOOP('',(#2302,#2303,#2304,#2305));
#397=EDGE_LOOP('',(#2306,#2307,#2308,#2309));
#398=EDGE_LOOP('',(#2310,#2311,#2312,#2313));
#399=EDGE_LOOP('',(#2314,#2315,#2316,#2317,#2318,#2319,#2320,#2321));
#400=EDGE_LOOP('',(#2322,#2323,#2324));
#401=EDGE_LOOP('',(#2325,#2326,#2327,#2328));
#402=EDGE_LOOP('',(#2329,#2330,#2331,#2332));
#403=EDGE_LOOP('',(#2333,#2334,#2335,#2336));
#404=EDGE_LOOP('',(#2337,#2338,#2339,#2340));
#405=EDGE_LOOP('',(#2341,#2342,#2343,#2344));
#406=EDGE_LOOP('',(#2345,#2346,#2347,#2348));
#407=EDGE_LOOP('',(#2349,#2350,#2351,#2352));
#408=EDGE_LOOP('',(#2353,#2354,#2355,#2356));
#409=EDGE_LOOP('',(#2357,#2358,#2359,#2360));
#410=EDGE_LOOP('',(#2361,#2362,#2363,#2364));
#411=EDGE_LOOP('',(#2365,#2366,#2367,#2368));
#412=EDGE_LOOP('',(#2369,#2370,#2371));
#413=EDGE_LOOP('',(#2372,#2373,#2374));
#414=EDGE_LOOP('',(#2375,#2376,#2377,#2378,#2379,#2380,#2381,#2382,#2383));
#415=EDGE_LOOP('',(#2384,#2385,#2386,#2387,#2388,#2389,#2390,#2391,#2392,
#2393,#2394));
#416=EDGE_LOOP('',(#2395,#2396,#2397,#2398,#2399,#2400,#2401,#2402));
#417=EDGE_LOOP('',(#2403,#2404,#2405,#2406));
#418=EDGE_LOOP('',(#2407,#2408,#2409,#2410));
#419=EDGE_LOOP('',(#2411,#2412,#2413,#2414));
#420=EDGE_LOOP('',(#2415,#2416,#2417,#2418,#2419,#2420,#2421,#2422,#2423,
#2424,#2425,#2426,#2427,#2428,#2429,#2430));
#421=EDGE_LOOP('',(#2431));
#422=EDGE_LOOP('',(#2432));
#423=EDGE_LOOP('',(#2433));
#424=EDGE_LOOP('',(#2434));
#425=EDGE_LOOP('',(#2435,#2436,#2437,#2438));
#426=EDGE_LOOP('',(#2439,#2440,#2441,#2442));
#427=EDGE_LOOP('',(#2443,#2444,#2445,#2446));
#428=EDGE_LOOP('',(#2447,#2448,#2449,#2450));
#429=EDGE_LOOP('',(#2451,#2452,#2453,#2454));
#430=EDGE_LOOP('',(#2455,#2456,#2457,#2458));
#431=EDGE_LOOP('',(#2459,#2460,#2461,#2462));
#432=EDGE_LOOP('',(#2463,#2464,#2465,#2466));
#433=EDGE_LOOP('',(#2467,#2468,#2469,#2470));
#434=EDGE_LOOP('',(#2471,#2472,#2473,#2474));
#435=EDGE_LOOP('',(#2475,#2476,#2477,#2478));
#436=EDGE_LOOP('',(#2479,#2480,#2481,#2482));
#437=EDGE_LOOP('',(#2483,#2484,#2485,#2486));
#438=EDGE_LOOP('',(#2487,#2488,#2489,#2490));
#439=EDGE_LOOP('',(#2491,#2492,#2493,#2494));
#440=EDGE_LOOP('',(#2495,#2496,#2497,#2498,#2499,#2500,#2501,#2502));
#441=EDGE_LOOP('',(#2503,#2504,#2505,#2506,#2507,#2508,#2509,#2510));
#442=EDGE_LOOP('',(#2511));
#443=EDGE_LOOP('',(#2512));
#444=EDGE_LOOP('',(#2513));
#445=EDGE_LOOP('',(#2514));
#446=EDGE_LOOP('',(#2515,#2516,#2517,#2518,#2519,#2520,#2521,#2522));
#447=EDGE_LOOP('',(#2523,#2524,#2525,#2526,#2527,#2528,#2529,#2530));
#448=EDGE_LOOP('',(#2531,#2532,#2533,#2534));
#449=EDGE_LOOP('',(#2535,#2536,#2537,#2538,#2539,#2540,#2541,#2542,#2543,
#2544,#2545,#2546,#2547,#2548,#2549,#2550,#2551,#2552,#2553,#2554,#2555,
#2556,#2557,#2558,#2559,#2560,#2561,#2562,#2563,#2564));
#450=EDGE_LOOP('',(#2565,#2566,#2567,#2568,#2569,#2570,#2571,#2572));
#451=EDGE_LOOP('',(#2573,#2574,#2575,#2576,#2577,#2578,#2579,#2580,#2581,
#2582,#2583,#2584,#2585,#2586,#2587,#2588,#2589,#2590));
#452=EDGE_LOOP('',(#2591,#2592,#2593,#2594,#2595,#2596,#2597,#2598,#2599,
#2600,#2601));
#453=EDGE_LOOP('',(#2602,#2603,#2604,#2605));
#454=EDGE_LOOP('',(#2606));
#455=EDGE_LOOP('',(#2607));
#456=EDGE_LOOP('',(#2608,#2609,#2610,#2611));
#457=EDGE_LOOP('',(#2612));
#458=EDGE_LOOP('',(#2613));
#459=EDGE_LOOP('',(#2614,#2615,#2616,#2617));
#460=EDGE_LOOP('',(#2618));
#461=EDGE_LOOP('',(#2619));
#462=EDGE_LOOP('',(#2620,#2621,#2622,#2623));
#463=EDGE_LOOP('',(#2624));
#464=EDGE_LOOP('',(#2625));
#465=B_SPLINE_CURVE_WITH_KNOTS('',3,(#3505,#3506,#3507,#3508,#3509),
 .UNSPECIFIED.,.F.,.F.,(4,1,4),(0.,0.0969835256612967,0.219588939180393),
 .UNSPECIFIED.);
#466=B_SPLINE_CURVE_WITH_KNOTS('',3,(#3511,#3512,#3513,#3514,#3515),
 .UNSPECIFIED.,.F.,.F.,(4,1,4),(0.,0.0933452706370902,0.199424350486858),
 .UNSPECIFIED.);
#467=B_SPLINE_CURVE_WITH_KNOTS('',3,(#3517,#3518,#3519,#3520,#3521),
 .UNSPECIFIED.,.F.,.F.,(4,1,4),(0.,0.132313839557712,0.253169578844091),
 .UNSPECIFIED.);
#468=B_SPLINE_CURVE_WITH_KNOTS('',3,(#3523,#3524,#3525,#3526,#3527),
 .UNSPECIFIED.,.F.,.F.,(4,1,4),(0.,0.140179594245964,0.262545904615993),
 .UNSPECIFIED.);
#469=B_SPLINE_CURVE_WITH_KNOTS('',3,(#3529,#3530,#3531,#3532,#3533),
 .UNSPECIFIED.,.F.,.F.,(4,1,4),(0.,0.13329985804517,0.290914757026062),
 .UNSPECIFIED.);
#470=B_SPLINE_CURVE_WITH_KNOTS('',3,(#3535,#3536,#3537,#3538,#3539),
 .UNSPECIFIED.,.F.,.F.,(4,1,4),(0.,0.112060594558747,0.230564201441309),
 .UNSPECIFIED.);
#471=B_SPLINE_CURVE_WITH_KNOTS('',3,(#3541,#3542,#3543,#3544,#3545),
 .UNSPECIFIED.,.F.,.F.,(4,1,4),(0.,0.108618439900863,0.216900316469608),
 .UNSPECIFIED.);
#472=B_SPLINE_CURVE_WITH_KNOTS('',3,(#3547,#3548,#3549,#3550,#3551),
 .UNSPECIFIED.,.F.,.F.,(4,1,4),(0.,0.13397615920793,0.233260251951944),
 .UNSPECIFIED.);
#473=B_SPLINE_CURVE_WITH_KNOTS('',3,(#3557,#3558,#3559,#3560,#3561),
 .UNSPECIFIED.,.F.,.F.,(4,1,4),(0.,0.0766568170757372,0.202239743165591),
 .UNSPECIFIED.);
#474=B_SPLINE_CURVE_WITH_KNOTS('',3,(#3563,#3564,#3565,#3566,#3567),
 .UNSPECIFIED.,.F.,.F.,(4,1,4),(0.,0.0620012922283807,0.128548297839083),
 .UNSPECIFIED.);
#475=B_SPLINE_CURVE_WITH_KNOTS('',3,(#3569,#3570,#3571,#3572,#3573),
 .UNSPECIFIED.,.F.,.F.,(4,1,4),(0.,0.0735780065346051,0.138009258969739),
 .UNSPECIFIED.);
#476=B_SPLINE_CURVE_WITH_KNOTS('',3,(#3575,#3576,#3577,#3578,#3579),
 .UNSPECIFIED.,.F.,.F.,(4,1,4),(0.,0.124874546104471,0.218683715408149),
 .UNSPECIFIED.);
#477=B_SPLINE_CURVE_WITH_KNOTS('',3,(#3581,#3582,#3583,#3584,#3585),
 .UNSPECIFIED.,.F.,.F.,(4,1,4),(0.,0.0986949483389095,0.225227565699462),
 .UNSPECIFIED.);
#478=B_SPLINE_CURVE_WITH_KNOTS('',3,(#3587,#3588,#3589,#3590,#3591),
 .UNSPECIFIED.,.F.,.F.,(4,1,4),(0.,0.0593538018337627,0.134924261291608),
 .UNSPECIFIED.);
#479=B_SPLINE_CURVE_WITH_KNOTS('',3,(#3593,#3594,#3595,#3596,#3597),
 .UNSPECIFIED.,.F.,.F.,(4,1,4),(0.,0.0581715883695987,0.111877787703719),
 .UNSPECIFIED.);
#480=B_SPLINE_CURVE_WITH_KNOTS('',3,(#3599,#3600,#3601,#3602,#3603),
 .UNSPECIFIED.,.F.,.F.,(4,1,4),(0.,0.0886582630706875,0.149261529144986),
 .UNSPECIFIED.);
#481=B_SPLINE_CURVE_WITH_KNOTS('',3,(#3626,#3627,#3628,#3629,#3630),
 .UNSPECIFIED.,.F.,.F.,(4,1,4),(0.,0.0969835256612967,0.219588939180393),
 .UNSPECIFIED.);
#482=B_SPLINE_CURVE_WITH_KNOTS('',3,(#3643,#3644,#3645,#3646,#3647),
 .UNSPECIFIED.,.F.,.F.,(4,1,4),(0.,0.0933452706370902,0.199424350486858),
 .UNSPECIFIED.);
#483=B_SPLINE_CURVE_WITH_KNOTS('',3,(#3660,#3661,#3662,#3663,#3664),
 .UNSPECIFIED.,.F.,.F.,(4,1,4),(0.,0.132313839557712,0.253169578844091),
 .UNSPECIFIED.);
#484=B_SPLINE_CURVE_WITH_KNOTS('',3,(#3677,#3678,#3679,#3680,#3681),
 .UNSPECIFIED.,.F.,.F.,(4,1,4),(0.,0.140179594245964,0.262545904615993),
 .UNSPECIFIED.);
#485=B_SPLINE_CURVE_WITH_KNOTS('',3,(#3694,#3695,#3696,#3697,#3698),
 .UNSPECIFIED.,.F.,.F.,(4,1,4),(0.,0.13329985804517,0.290914757026062),
 .UNSPECIFIED.);
#486=B_SPLINE_CURVE_WITH_KNOTS('',3,(#3711,#3712,#3713,#3714,#3715),
 .UNSPECIFIED.,.F.,.F.,(4,1,4),(0.,0.112060594558747,0.230564201441309),
 .UNSPECIFIED.);
#487=B_SPLINE_CURVE_WITH_KNOTS('',3,(#3728,#3729,#3730,#3731,#3732),
 .UNSPECIFIED.,.F.,.F.,(4,1,4),(0.,0.108618439900863,0.216900316469608),
 .UNSPECIFIED.);
#488=B_SPLINE_CURVE_WITH_KNOTS('',3,(#3745,#3746,#3747,#3748,#3749),
 .UNSPECIFIED.,.F.,.F.,(4,1,4),(0.,0.13397615920793,0.233260251951944),
 .UNSPECIFIED.);
#489=B_SPLINE_CURVE_WITH_KNOTS('',3,(#3770,#3771,#3772,#3773,#3774),
 .UNSPECIFIED.,.F.,.F.,(4,1,4),(0.,0.0766568170757372,0.202239743165591),
 .UNSPECIFIED.);
#490=B_SPLINE_CURVE_WITH_KNOTS('',3,(#3787,#3788,#3789,#3790,#3791),
 .UNSPECIFIED.,.F.,.F.,(4,1,4),(0.,0.0620012922283807,0.128548297839083),
 .UNSPECIFIED.);
#491=B_SPLINE_CURVE_WITH_KNOTS('',3,(#3804,#3805,#3806,#3807,#3808),
 .UNSPECIFIED.,.F.,.F.,(4,1,4),(0.,0.0735780065346051,0.138009258969739),
 .UNSPECIFIED.);
#492=B_SPLINE_CURVE_WITH_KNOTS('',3,(#3821,#3822,#3823,#3824,#3825),
 .UNSPECIFIED.,.F.,.F.,(4,1,4),(0.,0.124874546104471,0.218683715408149),
 .UNSPECIFIED.);
#493=B_SPLINE_CURVE_WITH_KNOTS('',3,(#3838,#3839,#3840,#3841,#3842),
 .UNSPECIFIED.,.F.,.F.,(4,1,4),(0.,0.0986949483389095,0.225227565699462),
 .UNSPECIFIED.);
#494=B_SPLINE_CURVE_WITH_KNOTS('',3,(#3855,#3856,#3857,#3858,#3859),
 .UNSPECIFIED.,.F.,.F.,(4,1,4),(0.,0.0593538018337627,0.134924261291608),
 .UNSPECIFIED.);
#495=B_SPLINE_CURVE_WITH_KNOTS('',3,(#3872,#3873,#3874,#3875,#3876),
 .UNSPECIFIED.,.F.,.F.,(4,1,4),(0.,0.0581715883695987,0.111877787703719),
 .UNSPECIFIED.);
#496=B_SPLINE_CURVE_WITH_KNOTS('',3,(#3889,#3890,#3891,#3892,#3893),
 .UNSPECIFIED.,.F.,.F.,(4,1,4),(0.,0.0886582630706875,0.149261529144986),
 .UNSPECIFIED.);
#497=B_SPLINE_CURVE_WITH_KNOTS('',3,(#3912,#3913,#3914,#3915,#3916),
 .UNSPECIFIED.,.F.,.F.,(4,1,4),(0.,0.0515260589996714,0.124865544938649),
 .UNSPECIFIED.);
#498=B_SPLINE_CURVE_WITH_KNOTS('',3,(#3918,#3919,#3920,#3921,#3922),
 .UNSPECIFIED.,.F.,.F.,(4,1,4),(0.,0.0476528978479604,0.0902512811070757),
 .UNSPECIFIED.);
#499=B_SPLINE_CURVE_WITH_KNOTS('',3,(#3924,#3925,#3926,#3927,#3928),
 .UNSPECIFIED.,.F.,.F.,(4,1,4),(0.,0.14039514670026,0.220608589131529),
 .UNSPECIFIED.);
#500=B_SPLINE_CURVE_WITH_KNOTS('',3,(#3936,#3937,#3938,#3939,#3940),
 .UNSPECIFIED.,.F.,.F.,(4,1,4),(0.,0.0985246200193099,0.242531908679141),
 .UNSPECIFIED.);
#501=B_SPLINE_CURVE_WITH_KNOTS('',3,(#3942,#3943,#3944,#3945,#3946),
 .UNSPECIFIED.,.F.,.F.,(4,1,4),(0.,0.0874849280932453,0.166662155442377),
 .UNSPECIFIED.);
#502=B_SPLINE_CURVE_WITH_KNOTS('',3,(#3948,#3949,#3950,#3951,#3952),
 .UNSPECIFIED.,.F.,.F.,(4,1,4),(0.,0.123827643393653,0.269603213234834),
 .UNSPECIFIED.);
#503=B_SPLINE_CURVE_WITH_KNOTS('',3,(#3954,#3955,#3956,#3957,#3958),
 .UNSPECIFIED.,.F.,.F.,(4,1,4),(0.,0.126742949292072,0.244829213467394),
 .UNSPECIFIED.);
#504=B_SPLINE_CURVE_WITH_KNOTS('',3,(#3960,#3961,#3962,#3963,#3964),
 .UNSPECIFIED.,.F.,.F.,(4,1,4),(0.,0.0982934604704169,0.201047521052419),
 .UNSPECIFIED.);
#505=B_SPLINE_CURVE_WITH_KNOTS('',3,(#3966,#3967,#3968,#3969,#3970),
 .UNSPECIFIED.,.F.,.F.,(4,1,4),(0.,0.0918139731844383,0.186084784879919),
 .UNSPECIFIED.);
#506=B_SPLINE_CURVE_WITH_KNOTS('',3,(#3972,#3973,#3974,#3975,#3976),
 .UNSPECIFIED.,.F.,.F.,(4,1,4),(0.,0.168502825089584,0.285932114874105),
 .UNSPECIFIED.);
#507=B_SPLINE_CURVE_WITH_KNOTS('',3,(#3986,#3987,#3988,#3989,#3990),
 .UNSPECIFIED.,.F.,.F.,(4,1,4),(0.,0.0598463467023998,0.179382481534972),
 .UNSPECIFIED.);
#508=B_SPLINE_CURVE_WITH_KNOTS('',3,(#3992,#3993,#3994,#3995,#3996),
 .UNSPECIFIED.,.F.,.F.,(4,1,4),(0.,0.0500725208354175,0.105658706728948),
 .UNSPECIFIED.);
#509=B_SPLINE_CURVE_WITH_KNOTS('',3,(#3998,#3999,#4000,#4001,#4002),
 .UNSPECIFIED.,.F.,.F.,(4,1,4),(0.,0.0560260342389495,0.106038220594067),
 .UNSPECIFIED.);
#510=B_SPLINE_CURVE_WITH_KNOTS('',3,(#4004,#4005,#4006,#4007,#4008),
 .UNSPECIFIED.,.F.,.F.,(4,1,4),(0.,0.0451344355096402,0.095738562406031),
 .UNSPECIFIED.);
#511=B_SPLINE_CURVE_WITH_KNOTS('',3,(#4010,#4011,#4012,#4013,#4014),
 .UNSPECIFIED.,.F.,.F.,(4,1,4),(0.,0.0441803111650296,0.0871870820235045),
 .UNSPECIFIED.);
#512=B_SPLINE_CURVE_WITH_KNOTS('',3,(#4016,#4017,#4018,#4019,#4020),
 .UNSPECIFIED.,.F.,.F.,(4,1,4),(0.,0.143651898211807,0.221658074242343),
 .UNSPECIFIED.);
#513=B_SPLINE_CURVE_WITH_KNOTS('',3,(#4045,#4046,#4047,#4048,#4049),
 .UNSPECIFIED.,.F.,.F.,(4,1,4),(0.,0.0515260589996714,0.124865544938649),
 .UNSPECIFIED.);
#514=B_SPLINE_CURVE_WITH_KNOTS('',3,(#4062,#4063,#4064,#4065,#4066),
 .UNSPECIFIED.,.F.,.F.,(4,1,4),(0.,0.0476528978479604,0.0902512811070757),
 .UNSPECIFIED.);
#515=B_SPLINE_CURVE_WITH_KNOTS('',3,(#4079,#4080,#4081,#4082,#4083),
 .UNSPECIFIED.,.F.,.F.,(4,1,4),(0.,0.14039514670026,0.220608589131529),
 .UNSPECIFIED.);
#516=B_SPLINE_CURVE_WITH_KNOTS('',3,(#4108,#4109,#4110,#4111,#4112),
 .UNSPECIFIED.,.F.,.F.,(4,1,4),(0.,0.0985246200193099,0.242531908679141),
 .UNSPECIFIED.);
#517=B_SPLINE_CURVE_WITH_KNOTS('',3,(#4125,#4126,#4127,#4128,#4129),
 .UNSPECIFIED.,.F.,.F.,(4,1,4),(0.,0.0874849280932453,0.166662155442377),
 .UNSPECIFIED.);
#518=B_SPLINE_CURVE_WITH_KNOTS('',3,(#4142,#4143,#4144,#4145,#4146),
 .UNSPECIFIED.,.F.,.F.,(4,1,4),(0.,0.123827643393653,0.269603213234834),
 .UNSPECIFIED.);
#519=B_SPLINE_CURVE_WITH_KNOTS('',3,(#4159,#4160,#4161,#4162,#4163),
 .UNSPECIFIED.,.F.,.F.,(4,1,4),(0.,0.126742949292072,0.244829213467394),
 .UNSPECIFIED.);
#520=B_SPLINE_CURVE_WITH_KNOTS('',3,(#4176,#4177,#4178,#4179,#4180),
 .UNSPECIFIED.,.F.,.F.,(4,1,4),(0.,0.0982934604704169,0.201047521052419),
 .UNSPECIFIED.);
#521=B_SPLINE_CURVE_WITH_KNOTS('',3,(#4193,#4194,#4195,#4196,#4197),
 .UNSPECIFIED.,.F.,.F.,(4,1,4),(0.,0.0918139731844383,0.186084784879919),
 .UNSPECIFIED.);
#522=B_SPLINE_CURVE_WITH_KNOTS('',3,(#4210,#4211,#4212,#4213,#4214),
 .UNSPECIFIED.,.F.,.F.,(4,1,4),(0.,0.168502825089584,0.285932114874105),
 .UNSPECIFIED.);
#523=B_SPLINE_CURVE_WITH_KNOTS('',3,(#4243,#4244,#4245,#4246,#4247),
 .UNSPECIFIED.,.F.,.F.,(4,1,4),(0.,0.0598463467023998,0.179382481534972),
 .UNSPECIFIED.);
#524=B_SPLINE_CURVE_WITH_KNOTS('',3,(#4260,#4261,#4262,#4263,#4264),
 .UNSPECIFIED.,.F.,.F.,(4,1,4),(0.,0.0500725208354175,0.105658706728948),
 .UNSPECIFIED.);
#525=B_SPLINE_CURVE_WITH_KNOTS('',3,(#4277,#4278,#4279,#4280,#4281),
 .UNSPECIFIED.,.F.,.F.,(4,1,4),(0.,0.0560260342389495,0.106038220594067),
 .UNSPECIFIED.);
#526=B_SPLINE_CURVE_WITH_KNOTS('',3,(#4294,#4295,#4296,#4297,#4298),
 .UNSPECIFIED.,.F.,.F.,(4,1,4),(0.,0.0451344355096402,0.095738562406031),
 .UNSPECIFIED.);
#527=B_SPLINE_CURVE_WITH_KNOTS('',3,(#4311,#4312,#4313,#4314,#4315),
 .UNSPECIFIED.,.F.,.F.,(4,1,4),(0.,0.0441803111650296,0.0871870820235045),
 .UNSPECIFIED.);
#528=B_SPLINE_CURVE_WITH_KNOTS('',3,(#4328,#4329,#4330,#4331,#4332),
 .UNSPECIFIED.,.F.,.F.,(4,1,4),(0.,0.143651898211807,0.221658074242343),
 .UNSPECIFIED.);
#529=B_SPLINE_CURVE_WITH_KNOTS('',3,(#4392,#4393,#4394,#4395,#4396),
 .UNSPECIFIED.,.F.,.F.,(4,1,4),(0.,0.20571383542861,0.375965989306986),
 .UNSPECIFIED.);
#530=B_SPLINE_CURVE_WITH_KNOTS('',3,(#4398,#4399,#4400,#4401,#4402),
 .UNSPECIFIED.,.F.,.F.,(4,1,4),(0.,0.123801700553247,0.269688098796691),
 .UNSPECIFIED.);
#531=B_SPLINE_CURVE_WITH_KNOTS('',3,(#4404,#4405,#4406,#4407,#4408),
 .UNSPECIFIED.,.F.,.F.,(4,1,4),(0.,0.106160022776815,0.215988689203041),
 .UNSPECIFIED.);
#532=B_SPLINE_CURVE_WITH_KNOTS('',3,(#4410,#4411,#4412,#4413,#4414),
 .UNSPECIFIED.,.F.,.F.,(4,1,4),(0.,0.102306147371449,0.206487537807894),
 .UNSPECIFIED.);
#533=B_SPLINE_CURVE_WITH_KNOTS('',3,(#4416,#4417,#4418,#4419,#4420),
 .UNSPECIFIED.,.F.,.F.,(4,1,4),(0.,0.0947730531913094,0.201519921421102),
 .UNSPECIFIED.);
#534=B_SPLINE_CURVE_WITH_KNOTS('',3,(#4422,#4423,#4424,#4425,#4426),
 .UNSPECIFIED.,.F.,.F.,(4,1,4),(0.,0.0934872881285682,0.184466348435717),
 .UNSPECIFIED.);
#535=B_SPLINE_CURVE_WITH_KNOTS('',3,(#4428,#4429,#4430,#4431,#4432),
 .UNSPECIFIED.,.F.,.F.,(4,1,4),(0.,0.161714132937982,0.279522561351023),
 .UNSPECIFIED.);
#536=B_SPLINE_CURVE_WITH_KNOTS('',3,(#4434,#4435,#4436,#4437,#4438),
 .UNSPECIFIED.,.F.,.F.,(4,1,4),(0.,0.0890933334785232,0.240968178243915),
 .UNSPECIFIED.);
#537=B_SPLINE_CURVE_WITH_KNOTS('',3,(#4440,#4441,#4442,#4443,#4444),
 .UNSPECIFIED.,.F.,.F.,(4,1,4),(0.,0.0410789155588964,0.0846051098953477),
 .UNSPECIFIED.);
#538=B_SPLINE_CURVE_WITH_KNOTS('',3,(#4446,#4447,#4448,#4449,#4450),
 .UNSPECIFIED.,.F.,.F.,(4,1,4),(0.,0.0441007504944838,0.0877460077871056),
 .UNSPECIFIED.);
#539=B_SPLINE_CURVE_WITH_KNOTS('',3,(#4452,#4453,#4454,#4455,#4456),
 .UNSPECIFIED.,.F.,.F.,(4,1,4),(0.,0.0960905604322883,0.175488087287057),
 .UNSPECIFIED.);
#540=B_SPLINE_CURVE_WITH_KNOTS('',3,(#4458,#4459,#4460,#4461,#4462),
 .UNSPECIFIED.,.F.,.F.,(4,1,4),(0.,0.0716531035052003,0.162930847290214),
 .UNSPECIFIED.);
#541=B_SPLINE_CURVE_WITH_KNOTS('',3,(#4464,#4465,#4466,#4467,#4468),
 .UNSPECIFIED.,.F.,.F.,(4,1,4),(0.,0.0842805376765445,0.153376758818445),
 .UNSPECIFIED.);
#542=B_SPLINE_CURVE_WITH_KNOTS('',3,(#4472,#4473,#4474,#4475,#4476),
 .UNSPECIFIED.,.F.,.F.,(4,1,4),(0.,0.146966351198809,0.301488291703568),
 .UNSPECIFIED.);
#543=B_SPLINE_CURVE_WITH_KNOTS('',3,(#4478,#4479,#4480,#4481,#4482),
 .UNSPECIFIED.,.F.,.F.,(4,1,4),(0.,0.202236261827393,0.364582017946416),
 .UNSPECIFIED.);
#544=B_SPLINE_CURVE_WITH_KNOTS('',3,(#4484,#4485,#4486,#4487,#4488),
 .UNSPECIFIED.,.F.,.F.,(4,1,4),(0.,0.114277117313481,0.244821570708734),
 .UNSPECIFIED.);
#545=B_SPLINE_CURVE_WITH_KNOTS('',3,(#4490,#4491,#4492,#4493,#4494),
 .UNSPECIFIED.,.F.,.F.,(4,1,4),(0.,0.0963896771550312,0.198104329605704),
 .UNSPECIFIED.);
#546=B_SPLINE_CURVE_WITH_KNOTS('',3,(#4496,#4497,#4498,#4499,#4500),
 .UNSPECIFIED.,.F.,.F.,(4,1,4),(0.,0.0908020809035048,0.183172698411352),
 .UNSPECIFIED.);
#547=B_SPLINE_CURVE_WITH_KNOTS('',3,(#4502,#4503,#4504,#4505,#4506),
 .UNSPECIFIED.,.F.,.F.,(4,1,4),(0.,0.139578174612155,0.275922408160667),
 .UNSPECIFIED.);
#548=B_SPLINE_CURVE_WITH_KNOTS('',3,(#4508,#4509,#4510,#4511,#4512),
 .UNSPECIFIED.,.F.,.F.,(4,1,4),(0.,0.176729238006567,0.304174769778969),
 .UNSPECIFIED.);
#549=B_SPLINE_CURVE_WITH_KNOTS('',3,(#4514,#4515,#4516,#4517,#4518),
 .UNSPECIFIED.,.F.,.F.,(4,1,4),(0.,0.0737442089101463,0.203802097127476),
 .UNSPECIFIED.);
#550=B_SPLINE_CURVE_WITH_KNOTS('',3,(#4520,#4521,#4522,#4523,#4524),
 .UNSPECIFIED.,.F.,.F.,(4,1,4),(0.,0.0447972978441761,0.103671420093607),
 .UNSPECIFIED.);
#551=B_SPLINE_CURVE_WITH_KNOTS('',3,(#4526,#4527,#4528,#4529,#4530),
 .UNSPECIFIED.,.F.,.F.,(4,1,4),(0.,0.0403597988918166,0.0787643465781286),
 .UNSPECIFIED.);
#552=B_SPLINE_CURVE_WITH_KNOTS('',3,(#4532,#4533,#4534,#4535,#4536),
 .UNSPECIFIED.,.F.,.F.,(4,1,4),(0.,0.071181661769054,0.136060942049406),
 .UNSPECIFIED.);
#553=B_SPLINE_CURVE_WITH_KNOTS('',3,(#4538,#4539,#4540,#4541,#4542),
 .UNSPECIFIED.,.F.,.F.,(4,1,4),(0.,0.104710174422084,0.188049593807309),
 .UNSPECIFIED.);
#554=B_SPLINE_CURVE_WITH_KNOTS('',3,(#4544,#4545,#4546,#4547,#4548),
 .UNSPECIFIED.,.F.,.F.,(4,1,4),(0.,0.0885894990903307,0.190220898473398),
 .UNSPECIFIED.);
#555=B_SPLINE_CURVE_WITH_KNOTS('',3,(#4550,#4551,#4552,#4553,#4554),
 .UNSPECIFIED.,.F.,.F.,(4,1,4),(0.,0.109348877780687,0.200035043303363),
 .UNSPECIFIED.);
#556=B_SPLINE_CURVE_WITH_KNOTS('',3,(#4557,#4558,#4559,#4560,#4561),
 .UNSPECIFIED.,.F.,.F.,(4,1,4),(0.,0.164355653343691,0.350821560259347),
 .UNSPECIFIED.);
#557=B_SPLINE_CURVE_WITH_KNOTS('',3,(#4575,#4576,#4577,#4578,#4579),
 .UNSPECIFIED.,.F.,.F.,(4,1,4),(0.,0.20571383542861,0.375965989306986),
 .UNSPECIFIED.);
#558=B_SPLINE_CURVE_WITH_KNOTS('',3,(#4592,#4593,#4594,#4595,#4596),
 .UNSPECIFIED.,.F.,.F.,(4,1,4),(0.,0.123801700553247,0.269688098796691),
 .UNSPECIFIED.);
#559=B_SPLINE_CURVE_WITH_KNOTS('',3,(#4609,#4610,#4611,#4612,#4613),
 .UNSPECIFIED.,.F.,.F.,(4,1,4),(0.,0.106160022776815,0.215988689203041),
 .UNSPECIFIED.);
#560=B_SPLINE_CURVE_WITH_KNOTS('',3,(#4626,#4627,#4628,#4629,#4630),
 .UNSPECIFIED.,.F.,.F.,(4,1,4),(0.,0.102306147371449,0.206487537807894),
 .UNSPECIFIED.);
#561=B_SPLINE_CURVE_WITH_KNOTS('',3,(#4643,#4644,#4645,#4646,#4647),
 .UNSPECIFIED.,.F.,.F.,(4,1,4),(0.,0.0947730531913094,0.201519921421102),
 .UNSPECIFIED.);
#562=B_SPLINE_CURVE_WITH_KNOTS('',3,(#4660,#4661,#4662,#4663,#4664),
 .UNSPECIFIED.,.F.,.F.,(4,1,4),(0.,0.0934872881285682,0.184466348435717),
 .UNSPECIFIED.);
#563=B_SPLINE_CURVE_WITH_KNOTS('',3,(#4677,#4678,#4679,#4680,#4681),
 .UNSPECIFIED.,.F.,.F.,(4,1,4),(0.,0.161714132937982,0.279522561351023),
 .UNSPECIFIED.);
#564=B_SPLINE_CURVE_WITH_KNOTS('',3,(#4694,#4695,#4696,#4697,#4698),
 .UNSPECIFIED.,.F.,.F.,(4,1,4),(0.,0.0890933334785232,0.240968178243915),
 .UNSPECIFIED.);
#565=B_SPLINE_CURVE_WITH_KNOTS('',3,(#4711,#4712,#4713,#4714,#4715),
 .UNSPECIFIED.,.F.,.F.,(4,1,4),(0.,0.0410789155588964,0.0846051098953477),
 .UNSPECIFIED.);
#566=B_SPLINE_CURVE_WITH_KNOTS('',3,(#4728,#4729,#4730,#4731,#4732),
 .UNSPECIFIED.,.F.,.F.,(4,1,4),(0.,0.0441007504944838,0.0877460077871056),
 .UNSPECIFIED.);
#567=B_SPLINE_CURVE_WITH_KNOTS('',3,(#4745,#4746,#4747,#4748,#4749),
 .UNSPECIFIED.,.F.,.F.,(4,1,4),(0.,0.0960905604322883,0.175488087287057),
 .UNSPECIFIED.);
#568=B_SPLINE_CURVE_WITH_KNOTS('',3,(#4762,#4763,#4764,#4765,#4766),
 .UNSPECIFIED.,.F.,.F.,(4,1,4),(0.,0.0716531035052003,0.162930847290214),
 .UNSPECIFIED.);
#569=B_SPLINE_CURVE_WITH_KNOTS('',3,(#4779,#4780,#4781,#4782,#4783),
 .UNSPECIFIED.,.F.,.F.,(4,1,4),(0.,0.0842805376765445,0.153376758818445),
 .UNSPECIFIED.);
#570=B_SPLINE_CURVE_WITH_KNOTS('',3,(#4800,#4801,#4802,#4803,#4804),
 .UNSPECIFIED.,.F.,.F.,(4,1,4),(0.,0.146966351198809,0.301488291703568),
 .UNSPECIFIED.);
#571=B_SPLINE_CURVE_WITH_KNOTS('',3,(#4817,#4818,#4819,#4820,#4821),
 .UNSPECIFIED.,.F.,.F.,(4,1,4),(0.,0.202236261827393,0.364582017946416),
 .UNSPECIFIED.);
#572=B_SPLINE_CURVE_WITH_KNOTS('',3,(#4834,#4835,#4836,#4837,#4838),
 .UNSPECIFIED.,.F.,.F.,(4,1,4),(0.,0.114277117313481,0.244821570708734),
 .UNSPECIFIED.);
#573=B_SPLINE_CURVE_WITH_KNOTS('',3,(#4851,#4852,#4853,#4854,#4855),
 .UNSPECIFIED.,.F.,.F.,(4,1,4),(0.,0.0963896771550312,0.198104329605704),
 .UNSPECIFIED.);
#574=B_SPLINE_CURVE_WITH_KNOTS('',3,(#4868,#4869,#4870,#4871,#4872),
 .UNSPECIFIED.,.F.,.F.,(4,1,4),(0.,0.0908020809035048,0.183172698411352),
 .UNSPECIFIED.);
#575=B_SPLINE_CURVE_WITH_KNOTS('',3,(#4885,#4886,#4887,#4888,#4889),
 .UNSPECIFIED.,.F.,.F.,(4,1,4),(0.,0.139578174612155,0.275922408160667),
 .UNSPECIFIED.);
#576=B_SPLINE_CURVE_WITH_KNOTS('',3,(#4902,#4903,#4904,#4905,#4906),
 .UNSPECIFIED.,.F.,.F.,(4,1,4),(0.,0.176729238006567,0.304174769778969),
 .UNSPECIFIED.);
#577=B_SPLINE_CURVE_WITH_KNOTS('',3,(#4919,#4920,#4921,#4922,#4923),
 .UNSPECIFIED.,.F.,.F.,(4,1,4),(0.,0.0737442089101463,0.203802097127476),
 .UNSPECIFIED.);
#578=B_SPLINE_CURVE_WITH_KNOTS('',3,(#4936,#4937,#4938,#4939,#4940),
 .UNSPECIFIED.,.F.,.F.,(4,1,4),(0.,0.0447972978441761,0.103671420093607),
 .UNSPECIFIED.);
#579=B_SPLINE_CURVE_WITH_KNOTS('',3,(#4953,#4954,#4955,#4956,#4957),
 .UNSPECIFIED.,.F.,.F.,(4,1,4),(0.,0.0403597988918166,0.0787643465781286),
 .UNSPECIFIED.);
#580=B_SPLINE_CURVE_WITH_KNOTS('',3,(#4970,#4971,#4972,#4973,#4974),
 .UNSPECIFIED.,.F.,.F.,(4,1,4),(0.,0.071181661769054,0.136060942049406),
 .UNSPECIFIED.);
#581=B_SPLINE_CURVE_WITH_KNOTS('',3,(#4987,#4988,#4989,#4990,#4991),
 .UNSPECIFIED.,.F.,.F.,(4,1,4),(0.,0.104710174422084,0.188049593807309),
 .UNSPECIFIED.);
#582=B_SPLINE_CURVE_WITH_KNOTS('',3,(#5004,#5005,#5006,#5007,#5008),
 .UNSPECIFIED.,.F.,.F.,(4,1,4),(0.,0.0885894990903307,0.190220898473398),
 .UNSPECIFIED.);
#583=B_SPLINE_CURVE_WITH_KNOTS('',3,(#5021,#5022,#5023,#5024,#5025),
 .UNSPECIFIED.,.F.,.F.,(4,1,4),(0.,0.109348877780687,0.200035043303363),
 .UNSPECIFIED.);
#584=B_SPLINE_CURVE_WITH_KNOTS('',3,(#5041,#5042,#5043,#5044,#5045),
 .UNSPECIFIED.,.F.,.F.,(4,1,4),(0.,0.164355653343691,0.350821560259347),
 .UNSPECIFIED.);
#585=LINE('',#3503,#852);
#586=LINE('',#3553,#853);
#587=LINE('',#3554,#854);
#588=LINE('',#3605,#855);
#589=LINE('',#3607,#856);
#590=LINE('',#3608,#857);
#591=LINE('',#3611,#858);
#592=LINE('',#3613,#859);
#593=LINE('',#3614,#860);
#594=LINE('',#3631,#861);
#595=LINE('',#3648,#862);
#596=LINE('',#3665,#863);
#597=LINE('',#3682,#864);
#598=LINE('',#3699,#865);
#599=LINE('',#3716,#866);
#600=LINE('',#3733,#867);
#601=LINE('',#3750,#868);
#602=LINE('',#3753,#869);
#603=LINE('',#3754,#870);
#604=LINE('',#3756,#871);
#605=LINE('',#3768,#872);
#606=LINE('',#3775,#873);
#607=LINE('',#3792,#874);
#608=LINE('',#3809,#875);
#609=LINE('',#3826,#876);
#610=LINE('',#3843,#877);
#611=LINE('',#3860,#878);
#612=LINE('',#3877,#879);
#613=LINE('',#3894,#880);
#614=LINE('',#3897,#881);
#615=LINE('',#3898,#882);
#616=LINE('',#3901,#883);
#617=LINE('',#3902,#884);
#618=LINE('',#3904,#885);
#619=LINE('',#3908,#886);
#620=LINE('',#3910,#887);
#621=LINE('',#3930,#888);
#622=LINE('',#3932,#889);
#623=LINE('',#3934,#890);
#624=LINE('',#3978,#891);
#625=LINE('',#3980,#892);
#626=LINE('',#3981,#893);
#627=LINE('',#3984,#894);
#628=LINE('',#4022,#895);
#629=LINE('',#4023,#896);
#630=LINE('',#4026,#897);
#631=LINE('',#4028,#898);
#632=LINE('',#4029,#899);
#633=LINE('',#4032,#900);
#634=LINE('',#4033,#901);
#635=LINE('',#4050,#902);
#636=LINE('',#4067,#903);
#637=LINE('',#4084,#904);
#638=LINE('',#4087,#905);
#639=LINE('',#4088,#906);
#640=LINE('',#4091,#907);
#641=LINE('',#4092,#908);
#642=LINE('',#4095,#909);
#643=LINE('',#4096,#910);
#644=LINE('',#4113,#911);
#645=LINE('',#4130,#912);
#646=LINE('',#4147,#913);
#647=LINE('',#4164,#914);
#648=LINE('',#4181,#915);
#649=LINE('',#4198,#916);
#650=LINE('',#4215,#917);
#651=LINE('',#4218,#918);
#652=LINE('',#4219,#919);
#653=LINE('',#4222,#920);
#654=LINE('',#4223,#921);
#655=LINE('',#4225,#922);
#656=LINE('',#4228,#923);
#657=LINE('',#4230,#924);
#658=LINE('',#4231,#925);
#659=LINE('',#4248,#926);
#660=LINE('',#4265,#927);
#661=LINE('',#4282,#928);
#662=LINE('',#4299,#929);
#663=LINE('',#4316,#930);
#664=LINE('',#4333,#931);
#665=LINE('',#4336,#932);
#666=LINE('',#4337,#933);
#667=LINE('',#4339,#934);
#668=LINE('',#4343,#935);
#669=LINE('',#4345,#936);
#670=LINE('',#4347,#937);
#671=LINE('',#4349,#938);
#672=LINE('',#4351,#939);
#673=LINE('',#4353,#940);
#674=LINE('',#4355,#941);
#675=LINE('',#4356,#942);
#676=LINE('',#4359,#943);
#677=LINE('',#4361,#944);
#678=LINE('',#4362,#945);
#679=LINE('',#4365,#946);
#680=LINE('',#4366,#947);
#681=LINE('',#4369,#948);
#682=LINE('',#4370,#949);
#683=LINE('',#4373,#950);
#684=LINE('',#4374,#951);
#685=LINE('',#4377,#952);
#686=LINE('',#4378,#953);
#687=LINE('',#4381,#954);
#688=LINE('',#4382,#955);
#689=LINE('',#4385,#956);
#690=LINE('',#4386,#957);
#691=LINE('',#4388,#958);
#692=LINE('',#4470,#959);
#693=LINE('',#4556,#960);
#694=LINE('',#4573,#961);
#695=LINE('',#4580,#962);
#696=LINE('',#4597,#963);
#697=LINE('',#4614,#964);
#698=LINE('',#4631,#965);
#699=LINE('',#4648,#966);
#700=LINE('',#4665,#967);
#701=LINE('',#4682,#968);
#702=LINE('',#4699,#969);
#703=LINE('',#4716,#970);
#704=LINE('',#4733,#971);
#705=LINE('',#4750,#972);
#706=LINE('',#4767,#973);
#707=LINE('',#4784,#974);
#708=LINE('',#4787,#975);
#709=LINE('',#4788,#976);
#710=LINE('',#4805,#977);
#711=LINE('',#4822,#978);
#712=LINE('',#4839,#979);
#713=LINE('',#4856,#980);
#714=LINE('',#4873,#981);
#715=LINE('',#4890,#982);
#716=LINE('',#4907,#983);
#717=LINE('',#4924,#984);
#718=LINE('',#4941,#985);
#719=LINE('',#4958,#986);
#720=LINE('',#4975,#987);
#721=LINE('',#4992,#988);
#722=LINE('',#5009,#989);
#723=LINE('',#5026,#990);
#724=LINE('',#5029,#991);
#725=LINE('',#5030,#992);
#726=LINE('',#5049,#993);
#727=LINE('',#5051,#994);
#728=LINE('',#5053,#995);
#729=LINE('',#5054,#996);
#730=LINE('',#5057,#997);
#731=LINE('',#5059,#998);
#732=LINE('',#5060,#999);
#733=LINE('',#5063,#1000);
#734=LINE('',#5064,#1001);
#735=LINE('',#5067,#1002);
#736=LINE('',#5068,#1003);
#737=LINE('',#5070,#1004);
#738=LINE('',#5074,#1005);
#739=LINE('',#5076,#1006);
#740=LINE('',#5078,#1007);
#741=LINE('',#5080,#1008);
#742=LINE('',#5082,#1009);
#743=LINE('',#5084,#1010);
#744=LINE('',#5086,#1011);
#745=LINE('',#5087,#1012);
#746=LINE('',#5090,#1013);
#747=LINE('',#5092,#1014);
#748=LINE('',#5093,#1015);
#749=LINE('',#5096,#1016);
#750=LINE('',#5098,#1017);
#751=LINE('',#5099,#1018);
#752=LINE('',#5102,#1019);
#753=LINE('',#5103,#1020);
#754=LINE('',#5106,#1021);
#755=LINE('',#5107,#1022);
#756=LINE('',#5110,#1023);
#757=LINE('',#5111,#1024);
#758=LINE('',#5114,#1025);
#759=LINE('',#5115,#1026);
#760=LINE('',#5118,#1027);
#761=LINE('',#5119,#1028);
#762=LINE('',#5122,#1029);
#763=LINE('',#5123,#1030);
#764=LINE('',#5125,#1031);
#765=LINE('',#5128,#1032);
#766=LINE('',#5130,#1033);
#767=LINE('',#5131,#1034);
#768=LINE('',#5134,#1035);
#769=LINE('',#5135,#1036);
#770=LINE('',#5137,#1037);
#771=LINE('',#5141,#1038);
#772=LINE('',#5143,#1039);
#773=LINE('',#5145,#1040);
#774=LINE('',#5147,#1041);
#775=LINE('',#5149,#1042);
#776=LINE('',#5151,#1043);
#777=LINE('',#5153,#1044);
#778=LINE('',#5154,#1045);
#779=LINE('',#5157,#1046);
#780=LINE('',#5159,#1047);
#781=LINE('',#5160,#1048);
#782=LINE('',#5163,#1049);
#783=LINE('',#5165,#1050);
#784=LINE('',#5166,#1051);
#785=LINE('',#5169,#1052);
#786=LINE('',#5170,#1053);
#787=LINE('',#5173,#1054);
#788=LINE('',#5174,#1055);
#789=LINE('',#5177,#1056);
#790=LINE('',#5178,#1057);
#791=LINE('',#5181,#1058);
#792=LINE('',#5182,#1059);
#793=LINE('',#5185,#1060);
#794=LINE('',#5186,#1061);
#795=LINE('',#5189,#1062);
#796=LINE('',#5190,#1063);
#797=LINE('',#5192,#1064);
#798=LINE('',#5195,#1065);
#799=LINE('',#5197,#1066);
#800=LINE('',#5198,#1067);
#801=LINE('',#5201,#1068);
#802=LINE('',#5202,#1069);
#803=LINE('',#5204,#1070);
#804=LINE('',#5212,#1071);
#805=LINE('',#5214,#1072);
#806=LINE('',#5216,#1073);
#807=LINE('',#5218,#1074);
#808=LINE('',#5220,#1075);
#809=LINE('',#5222,#1076);
#810=LINE('',#5224,#1077);
#811=LINE('',#5225,#1078);
#812=LINE('',#5229,#1079);
#813=LINE('',#5231,#1080);
#814=LINE('',#5233,#1081);
#815=LINE('',#5234,#1082);
#816=LINE('',#5236,#1083);
#817=LINE('',#5237,#1084);
#818=LINE('',#5240,#1085);
#819=LINE('',#5242,#1086);
#820=LINE('',#5243,#1087);
#821=LINE('',#5248,#1088);
#822=LINE('',#5252,#1089);
#823=LINE('',#5256,#1090);
#824=LINE('',#5259,#1091);
#825=LINE('',#5261,#1092);
#826=LINE('',#5263,#1093);
#827=LINE('',#5264,#1094);
#828=LINE('',#5275,#1095);
#829=LINE('',#5276,#1096);
#830=LINE('',#5279,#1097);
#831=LINE('',#5280,#1098);
#832=LINE('',#5285,#1099);
#833=LINE('',#5291,#1100);
#834=LINE('',#5297,#1101);
#835=LINE('',#5303,#1102);
#836=LINE('',#5307,#1103);
#837=LINE('',#5308,#1104);
#838=LINE('',#5310,#1105);
#839=LINE('',#5314,#1106);
#840=LINE('',#5317,#1107);
#841=LINE('',#5318,#1108);
#842=LINE('',#5322,#1109);
#843=LINE('',#5325,#1110);
#844=LINE('',#5326,#1111);
#845=LINE('',#5330,#1112);
#846=LINE('',#5333,#1113);
#847=LINE('',#5334,#1114);
#848=LINE('',#5342,#1115);
#849=LINE('',#5347,#1116);
#850=LINE('',#5352,#1117);
#851=LINE('',#5357,#1118);
#852=VECTOR('',#2998,10.);
#853=VECTOR('',#2999,10.);
#854=VECTOR('',#3000,10.);
#855=VECTOR('',#3001,10.);
#856=VECTOR('',#3002,10.);
#857=VECTOR('',#3003,10.);
#858=VECTOR('',#3006,10.);
#859=VECTOR('',#3007,10.);
#860=VECTOR('',#3008,10.);
#861=VECTOR('',#3009,10.);
#862=VECTOR('',#3010,10.);
#863=VECTOR('',#3011,10.);
#864=VECTOR('',#3012,10.);
#865=VECTOR('',#3013,10.);
#866=VECTOR('',#3014,10.);
#867=VECTOR('',#3015,10.);
#868=VECTOR('',#3016,10.);
#869=VECTOR('',#3019,10.);
#870=VECTOR('',#3020,10.);
#871=VECTOR('',#3023,10.);
#872=VECTOR('',#3024,10.);
#873=VECTOR('',#3025,10.);
#874=VECTOR('',#3026,10.);
#875=VECTOR('',#3027,10.);
#876=VECTOR('',#3028,10.);
#877=VECTOR('',#3029,10.);
#878=VECTOR('',#3030,10.);
#879=VECTOR('',#3031,10.);
#880=VECTOR('',#3032,10.);
#881=VECTOR('',#3035,10.);
#882=VECTOR('',#3036,10.);
#883=VECTOR('',#3039,10.);
#884=VECTOR('',#3040,10.);
#885=VECTOR('',#3043,10.);
#886=VECTOR('',#3046,10.);
#887=VECTOR('',#3047,10.);
#888=VECTOR('',#3048,10.);
#889=VECTOR('',#3049,10.);
#890=VECTOR('',#3050,10.);
#891=VECTOR('',#3051,10.);
#892=VECTOR('',#3052,10.);
#893=VECTOR('',#3053,10.);
#894=VECTOR('',#3054,10.);
#895=VECTOR('',#3055,10.);
#896=VECTOR('',#3056,10.);
#897=VECTOR('',#3059,10.);
#898=VECTOR('',#3060,10.);
#899=VECTOR('',#3061,10.);
#900=VECTOR('',#3064,10.);
#901=VECTOR('',#3065,10.);
#902=VECTOR('',#3066,10.);
#903=VECTOR('',#3067,10.);
#904=VECTOR('',#3068,10.);
#905=VECTOR('',#3071,10.);
#906=VECTOR('',#3072,10.);
#907=VECTOR('',#3075,10.);
#908=VECTOR('',#3076,10.);
#909=VECTOR('',#3079,10.);
#910=VECTOR('',#3080,10.);
#911=VECTOR('',#3081,10.);
#912=VECTOR('',#3082,10.);
#913=VECTOR('',#3083,10.);
#914=VECTOR('',#3084,10.);
#915=VECTOR('',#3085,10.);
#916=VECTOR('',#3086,10.);
#917=VECTOR('',#3087,10.);
#918=VECTOR('',#3090,10.);
#919=VECTOR('',#3091,10.);
#920=VECTOR('',#3094,10.);
#921=VECTOR('',#3095,10.);
#922=VECTOR('',#3098,10.);
#923=VECTOR('',#3101,10.);
#924=VECTOR('',#3102,10.);
#925=VECTOR('',#3103,10.);
#926=VECTOR('',#3104,10.);
#927=VECTOR('',#3105,10.);
#928=VECTOR('',#3106,10.);
#929=VECTOR('',#3107,10.);
#930=VECTOR('',#3108,10.);
#931=VECTOR('',#3109,10.);
#932=VECTOR('',#3112,10.);
#933=VECTOR('',#3113,10.);
#934=VECTOR('',#3116,10.);
#935=VECTOR('',#3119,10.);
#936=VECTOR('',#3120,10.);
#937=VECTOR('',#3121,10.);
#938=VECTOR('',#3122,10.);
#939=VECTOR('',#3123,10.);
#940=VECTOR('',#3124,10.);
#941=VECTOR('',#3125,10.);
#942=VECTOR('',#3126,10.);
#943=VECTOR('',#3129,10.);
#944=VECTOR('',#3130,10.);
#945=VECTOR('',#3131,10.);
#946=VECTOR('',#3134,10.);
#947=VECTOR('',#3135,10.);
#948=VECTOR('',#3138,10.);
#949=VECTOR('',#3139,10.);
#950=VECTOR('',#3142,10.);
#951=VECTOR('',#3143,10.);
#952=VECTOR('',#3146,10.);
#953=VECTOR('',#3147,10.);
#954=VECTOR('',#3150,10.);
#955=VECTOR('',#3151,10.);
#956=VECTOR('',#3154,10.);
#957=VECTOR('',#3155,10.);
#958=VECTOR('',#3158,10.);
#959=VECTOR('',#3161,10.);
#960=VECTOR('',#3162,10.);
#961=VECTOR('',#3163,10.);
#962=VECTOR('',#3164,10.);
#963=VECTOR('',#3165,10.);
#964=VECTOR('',#3166,10.);
#965=VECTOR('',#3167,10.);
#966=VECTOR('',#3168,10.);
#967=VECTOR('',#3169,10.);
#968=VECTOR('',#3170,10.);
#969=VECTOR('',#3171,10.);
#970=VECTOR('',#3172,10.);
#971=VECTOR('',#3173,10.);
#972=VECTOR('',#3174,10.);
#973=VECTOR('',#3175,10.);
#974=VECTOR('',#3176,10.);
#975=VECTOR('',#3179,10.);
#976=VECTOR('',#3180,10.);
#977=VECTOR('',#3181,10.);
#978=VECTOR('',#3182,10.);
#979=VECTOR('',#3183,10.);
#980=VECTOR('',#3184,10.);
#981=VECTOR('',#3185,10.);
#982=VECTOR('',#3186,10.);
#983=VECTOR('',#3187,10.);
#984=VECTOR('',#3188,10.);
#985=VECTOR('',#3189,10.);
#986=VECTOR('',#3190,10.);
#987=VECTOR('',#3191,10.);
#988=VECTOR('',#3192,10.);
#989=VECTOR('',#3193,10.);
#990=VECTOR('',#3194,10.);
#991=VECTOR('',#3197,10.);
#992=VECTOR('',#3198,10.);
#993=VECTOR('',#3201,10.);
#994=VECTOR('',#3202,10.);
#995=VECTOR('',#3203,10.);
#996=VECTOR('',#3204,10.);
#997=VECTOR('',#3207,10.);
#998=VECTOR('',#3208,10.);
#999=VECTOR('',#3209,10.);
#1000=VECTOR('',#3212,10.);
#1001=VECTOR('',#3213,10.);
#1002=VECTOR('',#3216,10.);
#1003=VECTOR('',#3217,10.);
#1004=VECTOR('',#3220,10.);
#1005=VECTOR('',#3223,10.);
#1006=VECTOR('',#3224,10.);
#1007=VECTOR('',#3225,10.);
#1008=VECTOR('',#3226,10.);
#1009=VECTOR('',#3227,10.);
#1010=VECTOR('',#3228,10.);
#1011=VECTOR('',#3229,10.);
#1012=VECTOR('',#3230,10.);
#1013=VECTOR('',#3231,10.);
#1014=VECTOR('',#3232,10.);
#1015=VECTOR('',#3233,10.);
#1016=VECTOR('',#3236,10.);
#1017=VECTOR('',#3237,10.);
#1018=VECTOR('',#3238,10.);
#1019=VECTOR('',#3241,10.);
#1020=VECTOR('',#3242,10.);
#1021=VECTOR('',#3245,10.);
#1022=VECTOR('',#3246,10.);
#1023=VECTOR('',#3249,10.);
#1024=VECTOR('',#3250,10.);
#1025=VECTOR('',#3253,10.);
#1026=VECTOR('',#3254,10.);
#1027=VECTOR('',#3257,10.);
#1028=VECTOR('',#3258,10.);
#1029=VECTOR('',#3261,10.);
#1030=VECTOR('',#3262,10.);
#1031=VECTOR('',#3265,10.);
#1032=VECTOR('',#3268,10.);
#1033=VECTOR('',#3269,10.);
#1034=VECTOR('',#3270,10.);
#1035=VECTOR('',#3273,10.);
#1036=VECTOR('',#3274,10.);
#1037=VECTOR('',#3277,10.);
#1038=VECTOR('',#3280,10.);
#1039=VECTOR('',#3281,10.);
#1040=VECTOR('',#3282,10.);
#1041=VECTOR('',#3283,10.);
#1042=VECTOR('',#3284,10.);
#1043=VECTOR('',#3285,10.);
#1044=VECTOR('',#3286,10.);
#1045=VECTOR('',#3287,10.);
#1046=VECTOR('',#3288,10.);
#1047=VECTOR('',#3289,10.);
#1048=VECTOR('',#3290,10.);
#1049=VECTOR('',#3293,10.);
#1050=VECTOR('',#3294,10.);
#1051=VECTOR('',#3295,10.);
#1052=VECTOR('',#3298,10.);
#1053=VECTOR('',#3299,10.);
#1054=VECTOR('',#3302,10.);
#1055=VECTOR('',#3303,10.);
#1056=VECTOR('',#3306,10.);
#1057=VECTOR('',#3307,10.);
#1058=VECTOR('',#3310,10.);
#1059=VECTOR('',#3311,10.);
#1060=VECTOR('',#3314,10.);
#1061=VECTOR('',#3315,10.);
#1062=VECTOR('',#3318,10.);
#1063=VECTOR('',#3319,10.);
#1064=VECTOR('',#3322,10.);
#1065=VECTOR('',#3325,10.);
#1066=VECTOR('',#3326,10.);
#1067=VECTOR('',#3327,10.);
#1068=VECTOR('',#3330,10.);
#1069=VECTOR('',#3331,10.);
#1070=VECTOR('',#3334,10.);
#1071=VECTOR('',#3345,10.);
#1072=VECTOR('',#3346,10.);
#1073=VECTOR('',#3347,10.);
#1074=VECTOR('',#3348,10.);
#1075=VECTOR('',#3349,10.);
#1076=VECTOR('',#3350,10.);
#1077=VECTOR('',#3351,10.);
#1078=VECTOR('',#3352,10.);
#1079=VECTOR('',#3355,10.);
#1080=VECTOR('',#3356,10.);
#1081=VECTOR('',#3357,10.);
#1082=VECTOR('',#3358,10.);
#1083=VECTOR('',#3361,10.);
#1084=VECTOR('',#3362,10.);
#1085=VECTOR('',#3365,10.);
#1086=VECTOR('',#3366,10.);
#1087=VECTOR('',#3367,10.);
#1088=VECTOR('',#3372,10.);
#1089=VECTOR('',#3375,10.);
#1090=VECTOR('',#3378,10.);
#1091=VECTOR('',#3381,10.);
#1092=VECTOR('',#3382,10.);
#1093=VECTOR('',#3383,10.);
#1094=VECTOR('',#3384,10.);
#1095=VECTOR('',#3395,10.);
#1096=VECTOR('',#3396,10.);
#1097=VECTOR('',#3399,10.);
#1098=VECTOR('',#3400,10.);
#1099=VECTOR('',#3405,3.);
#1100=VECTOR('',#3412,3.00000000000001);
#1101=VECTOR('',#3419,3.);
#1102=VECTOR('',#3426,3.00000000000001);
#1103=VECTOR('',#3431,10.);
#1104=VECTOR('',#3432,10.);
#1105=VECTOR('',#3435,10.);
#1106=VECTOR('',#3440,10.);
#1107=VECTOR('',#3443,10.);
#1108=VECTOR('',#3444,10.);
#1109=VECTOR('',#3449,10.);
#1110=VECTOR('',#3452,10.);
#1111=VECTOR('',#3453,10.);
#1112=VECTOR('',#3458,10.);
#1113=VECTOR('',#3461,10.);
#1114=VECTOR('',#3462,10.);
#1115=VECTOR('',#3475,1.7);
#1116=VECTOR('',#3482,1.7);
#1117=VECTOR('',#3489,1.7);
#1118=VECTOR('',#3496,1.7);
#1119=VERTEX_POINT('',#3501);
#1120=VERTEX_POINT('',#3502);
#1121=VERTEX_POINT('',#3504);
#1122=VERTEX_POINT('',#3510);
#1123=VERTEX_POINT('',#3516);
#1124=VERTEX_POINT('',#3522);
#1125=VERTEX_POINT('',#3528);
#1126=VERTEX_POINT('',#3534);
#1127=VERTEX_POINT('',#3540);
#1128=VERTEX_POINT('',#3546);
#1129=VERTEX_POINT('',#3552);
#1130=VERTEX_POINT('',#3555);
#1131=VERTEX_POINT('',#3556);
#1132=VERTEX_POINT('',#3562);
#1133=VERTEX_POINT('',#3568);
#1134=VERTEX_POINT('',#3574);
#1135=VERTEX_POINT('',#3580);
#1136=VERTEX_POINT('',#3586);
#1137=VERTEX_POINT('',#3592);
#1138=VERTEX_POINT('',#3598);
#1139=VERTEX_POINT('',#3604);
#1140=VERTEX_POINT('',#3606);
#1141=VERTEX_POINT('',#3610);
#1142=VERTEX_POINT('',#3612);
#1143=VERTEX_POINT('',#3625);
#1144=VERTEX_POINT('',#3642);
#1145=VERTEX_POINT('',#3659);
#1146=VERTEX_POINT('',#3676);
#1147=VERTEX_POINT('',#3693);
#1148=VERTEX_POINT('',#3710);
#1149=VERTEX_POINT('',#3727);
#1150=VERTEX_POINT('',#3744);
#1151=VERTEX_POINT('',#3752);
#1152=VERTEX_POINT('',#3767);
#1153=VERTEX_POINT('',#3769);
#1154=VERTEX_POINT('',#3786);
#1155=VERTEX_POINT('',#3803);
#1156=VERTEX_POINT('',#3820);
#1157=VERTEX_POINT('',#3837);
#1158=VERTEX_POINT('',#3854);
#1159=VERTEX_POINT('',#3871);
#1160=VERTEX_POINT('',#3888);
#1161=VERTEX_POINT('',#3896);
#1162=VERTEX_POINT('',#3900);
#1163=VERTEX_POINT('',#3906);
#1164=VERTEX_POINT('',#3907);
#1165=VERTEX_POINT('',#3909);
#1166=VERTEX_POINT('',#3911);
#1167=VERTEX_POINT('',#3917);
#1168=VERTEX_POINT('',#3923);
#1169=VERTEX_POINT('',#3929);
#1170=VERTEX_POINT('',#3931);
#1171=VERTEX_POINT('',#3933);
#1172=VERTEX_POINT('',#3935);
#1173=VERTEX_POINT('',#3941);
#1174=VERTEX_POINT('',#3947);
#1175=VERTEX_POINT('',#3953);
#1176=VERTEX_POINT('',#3959);
#1177=VERTEX_POINT('',#3965);
#1178=VERTEX_POINT('',#3971);
#1179=VERTEX_POINT('',#3977);
#1180=VERTEX_POINT('',#3979);
#1181=VERTEX_POINT('',#3982);
#1182=VERTEX_POINT('',#3983);
#1183=VERTEX_POINT('',#3985);
#1184=VERTEX_POINT('',#3991);
#1185=VERTEX_POINT('',#3997);
#1186=VERTEX_POINT('',#4003);
#1187=VERTEX_POINT('',#4009);
#1188=VERTEX_POINT('',#4015);
#1189=VERTEX_POINT('',#4021);
#1190=VERTEX_POINT('',#4025);
#1191=VERTEX_POINT('',#4027);
#1192=VERTEX_POINT('',#4031);
#1193=VERTEX_POINT('',#4044);
#1194=VERTEX_POINT('',#4061);
#1195=VERTEX_POINT('',#4078);
#1196=VERTEX_POINT('',#4086);
#1197=VERTEX_POINT('',#4090);
#1198=VERTEX_POINT('',#4094);
#1199=VERTEX_POINT('',#4107);
#1200=VERTEX_POINT('',#4124);
#1201=VERTEX_POINT('',#4141);
#1202=VERTEX_POINT('',#4158);
#1203=VERTEX_POINT('',#4175);
#1204=VERTEX_POINT('',#4192);
#1205=VERTEX_POINT('',#4209);
#1206=VERTEX_POINT('',#4217);
#1207=VERTEX_POINT('',#4221);
#1208=VERTEX_POINT('',#4227);
#1209=VERTEX_POINT('',#4229);
#1210=VERTEX_POINT('',#4242);
#1211=VERTEX_POINT('',#4259);
#1212=VERTEX_POINT('',#4276);
#1213=VERTEX_POINT('',#4293);
#1214=VERTEX_POINT('',#4310);
#1215=VERTEX_POINT('',#4327);
#1216=VERTEX_POINT('',#4335);
#1217=VERTEX_POINT('',#4341);
#1218=VERTEX_POINT('',#4342);
#1219=VERTEX_POINT('',#4344);
#1220=VERTEX_POINT('',#4346);
#1221=VERTEX_POINT('',#4348);
#1222=VERTEX_POINT('',#4350);
#1223=VERTEX_POINT('',#4352);
#1224=VERTEX_POINT('',#4354);
#1225=VERTEX_POINT('',#4358);
#1226=VERTEX_POINT('',#4360);
#1227=VERTEX_POINT('',#4364);
#1228=VERTEX_POINT('',#4368);
#1229=VERTEX_POINT('',#4372);
#1230=VERTEX_POINT('',#4376);
#1231=VERTEX_POINT('',#4380);
#1232=VERTEX_POINT('',#4384);
#1233=VERTEX_POINT('',#4390);
#1234=VERTEX_POINT('',#4391);
#1235=VERTEX_POINT('',#4397);
#1236=VERTEX_POINT('',#4403);
#1237=VERTEX_POINT('',#4409);
#1238=VERTEX_POINT('',#4415);
#1239=VERTEX_POINT('',#4421);
#1240=VERTEX_POINT('',#4427);
#1241=VERTEX_POINT('',#4433);
#1242=VERTEX_POINT('',#4439);
#1243=VERTEX_POINT('',#4445);
#1244=VERTEX_POINT('',#4451);
#1245=VERTEX_POINT('',#4457);
#1246=VERTEX_POINT('',#4463);
#1247=VERTEX_POINT('',#4469);
#1248=VERTEX_POINT('',#4471);
#1249=VERTEX_POINT('',#4477);
#1250=VERTEX_POINT('',#4483);
#1251=VERTEX_POINT('',#4489);
#1252=VERTEX_POINT('',#4495);
#1253=VERTEX_POINT('',#4501);
#1254=VERTEX_POINT('',#4507);
#1255=VERTEX_POINT('',#4513);
#1256=VERTEX_POINT('',#4519);
#1257=VERTEX_POINT('',#4525);
#1258=VERTEX_POINT('',#4531);
#1259=VERTEX_POINT('',#4537);
#1260=VERTEX_POINT('',#4543);
#1261=VERTEX_POINT('',#4549);
#1262=VERTEX_POINT('',#4555);
#1263=VERTEX_POINT('',#4572);
#1264=VERTEX_POINT('',#4574);
#1265=VERTEX_POINT('',#4591);
#1266=VERTEX_POINT('',#4608);
#1267=VERTEX_POINT('',#4625);
#1268=VERTEX_POINT('',#4642);
#1269=VERTEX_POINT('',#4659);
#1270=VERTEX_POINT('',#4676);
#1271=VERTEX_POINT('',#4693);
#1272=VERTEX_POINT('',#4710);
#1273=VERTEX_POINT('',#4727);
#1274=VERTEX_POINT('',#4744);
#1275=VERTEX_POINT('',#4761);
#1276=VERTEX_POINT('',#4778);
#1277=VERTEX_POINT('',#4786);
#1278=VERTEX_POINT('',#4799);
#1279=VERTEX_POINT('',#4816);
#1280=VERTEX_POINT('',#4833);
#1281=VERTEX_POINT('',#4850);
#1282=VERTEX_POINT('',#4867);
#1283=VERTEX_POINT('',#4884);
#1284=VERTEX_POINT('',#4901);
#1285=VERTEX_POINT('',#4918);
#1286=VERTEX_POINT('',#4935);
#1287=VERTEX_POINT('',#4952);
#1288=VERTEX_POINT('',#4969);
#1289=VERTEX_POINT('',#4986);
#1290=VERTEX_POINT('',#5003);
#1291=VERTEX_POINT('',#5020);
#1292=VERTEX_POINT('',#5028);
#1293=VERTEX_POINT('',#5047);
#1294=VERTEX_POINT('',#5048);
#1295=VERTEX_POINT('',#5050);
#1296=VERTEX_POINT('',#5052);
#1297=VERTEX_POINT('',#5056);
#1298=VERTEX_POINT('',#5058);
#1299=VERTEX_POINT('',#5062);
#1300=VERTEX_POINT('',#5066);
#1301=VERTEX_POINT('',#5072);
#1302=VERTEX_POINT('',#5073);
#1303=VERTEX_POINT('',#5075);
#1304=VERTEX_POINT('',#5077);
#1305=VERTEX_POINT('',#5079);
#1306=VERTEX_POINT('',#5081);
#1307=VERTEX_POINT('',#5083);
#1308=VERTEX_POINT('',#5085);
#1309=VERTEX_POINT('',#5088);
#1310=VERTEX_POINT('',#5089);
#1311=VERTEX_POINT('',#5091);
#1312=VERTEX_POINT('',#5095);
#1313=VERTEX_POINT('',#5097);
#1314=VERTEX_POINT('',#5101);
#1315=VERTEX_POINT('',#5105);
#1316=VERTEX_POINT('',#5109);
#1317=VERTEX_POINT('',#5113);
#1318=VERTEX_POINT('',#5117);
#1319=VERTEX_POINT('',#5121);
#1320=VERTEX_POINT('',#5127);
#1321=VERTEX_POINT('',#5129);
#1322=VERTEX_POINT('',#5133);
#1323=VERTEX_POINT('',#5139);
#1324=VERTEX_POINT('',#5140);
#1325=VERTEX_POINT('',#5142);
#1326=VERTEX_POINT('',#5144);
#1327=VERTEX_POINT('',#5146);
#1328=VERTEX_POINT('',#5148);
#1329=VERTEX_POINT('',#5150);
#1330=VERTEX_POINT('',#5152);
#1331=VERTEX_POINT('',#5155);
#1332=VERTEX_POINT('',#5156);
#1333=VERTEX_POINT('',#5158);
#1334=VERTEX_POINT('',#5162);
#1335=VERTEX_POINT('',#5164);
#1336=VERTEX_POINT('',#5168);
#1337=VERTEX_POINT('',#5172);
#1338=VERTEX_POINT('',#5176);
#1339=VERTEX_POINT('',#5180);
#1340=VERTEX_POINT('',#5184);
#1341=VERTEX_POINT('',#5188);
#1342=VERTEX_POINT('',#5194);
#1343=VERTEX_POINT('',#5196);
#1344=VERTEX_POINT('',#5200);
#1345=VERTEX_POINT('',#5210);
#1346=VERTEX_POINT('',#5211);
#1347=VERTEX_POINT('',#5213);
#1348=VERTEX_POINT('',#5215);
#1349=VERTEX_POINT('',#5217);
#1350=VERTEX_POINT('',#5219);
#1351=VERTEX_POINT('',#5221);
#1352=VERTEX_POINT('',#5223);
#1353=VERTEX_POINT('',#5227);
#1354=VERTEX_POINT('',#5228);
#1355=VERTEX_POINT('',#5230);
#1356=VERTEX_POINT('',#5232);
#1357=VERTEX_POINT('',#5239);
#1358=VERTEX_POINT('',#5241);
#1359=VERTEX_POINT('',#5245);
#1360=VERTEX_POINT('',#5247);
#1361=VERTEX_POINT('',#5249);
#1362=VERTEX_POINT('',#5251);
#1363=VERTEX_POINT('',#5253);
#1364=VERTEX_POINT('',#5255);
#1365=VERTEX_POINT('',#5258);
#1366=VERTEX_POINT('',#5260);
#1367=VERTEX_POINT('',#5262);
#1368=VERTEX_POINT('',#5265);
#1369=VERTEX_POINT('',#5267);
#1370=VERTEX_POINT('',#5269);
#1371=VERTEX_POINT('',#5271);
#1372=VERTEX_POINT('',#5274);
#1373=VERTEX_POINT('',#5278);
#1374=VERTEX_POINT('',#5282);
#1375=VERTEX_POINT('',#5284);
#1376=VERTEX_POINT('',#5288);
#1377=VERTEX_POINT('',#5290);
#1378=VERTEX_POINT('',#5294);
#1379=VERTEX_POINT('',#5296);
#1380=VERTEX_POINT('',#5300);
#1381=VERTEX_POINT('',#5302);
#1382=VERTEX_POINT('',#5306);
#1383=VERTEX_POINT('',#5312);
#1384=VERTEX_POINT('',#5316);
#1385=VERTEX_POINT('',#5320);
#1386=VERTEX_POINT('',#5324);
#1387=VERTEX_POINT('',#5328);
#1388=VERTEX_POINT('',#5332);
#1389=VERTEX_POINT('',#5340);
#1390=VERTEX_POINT('',#5345);
#1391=VERTEX_POINT('',#5350);
#1392=VERTEX_POINT('',#5355);
#1393=EDGE_CURVE('',#1119,#1120,#585,.T.);
#1394=EDGE_CURVE('',#1121,#1119,#465,.T.);
#1395=EDGE_CURVE('',#1122,#1121,#466,.T.);
#1396=EDGE_CURVE('',#1123,#1122,#467,.T.);
#1397=EDGE_CURVE('',#1124,#1123,#468,.T.);
#1398=EDGE_CURVE('',#1125,#1124,#469,.T.);
#1399=EDGE_CURVE('',#1126,#1125,#470,.T.);
#1400=EDGE_CURVE('',#1127,#1126,#471,.T.);
#1401=EDGE_CURVE('',#1128,#1127,#472,.T.);
#1402=EDGE_CURVE('',#1129,#1128,#586,.T.);
#1403=EDGE_CURVE('',#1120,#1129,#587,.T.);
#1404=EDGE_CURVE('',#1130,#1131,#473,.T.);
#1405=EDGE_CURVE('',#1132,#1130,#474,.T.);
#1406=EDGE_CURVE('',#1133,#1132,#475,.T.);
#1407=EDGE_CURVE('',#1134,#1133,#476,.T.);
#1408=EDGE_CURVE('',#1135,#1134,#477,.T.);
#1409=EDGE_CURVE('',#1136,#1135,#478,.T.);
#1410=EDGE_CURVE('',#1137,#1136,#479,.T.);
#1411=EDGE_CURVE('',#1138,#1137,#480,.T.);
#1412=EDGE_CURVE('',#1139,#1138,#588,.T.);
#1413=EDGE_CURVE('',#1140,#1139,#589,.T.);
#1414=EDGE_CURVE('',#1131,#1140,#590,.T.);
#1415=EDGE_CURVE('',#1120,#1141,#591,.T.);
#1416=EDGE_CURVE('',#1142,#1141,#592,.T.);
#1417=EDGE_CURVE('',#1119,#1142,#593,.T.);
#1418=EDGE_CURVE('',#1143,#1142,#481,.T.);
#1419=EDGE_CURVE('',#1121,#1143,#594,.T.);
#1420=EDGE_CURVE('',#1144,#1143,#482,.T.);
#1421=EDGE_CURVE('',#1122,#1144,#595,.T.);
#1422=EDGE_CURVE('',#1145,#1144,#483,.T.);
#1423=EDGE_CURVE('',#1123,#1145,#596,.T.);
#1424=EDGE_CURVE('',#1146,#1145,#484,.T.);
#1425=EDGE_CURVE('',#1124,#1146,#597,.T.);
#1426=EDGE_CURVE('',#1147,#1146,#485,.T.);
#1427=EDGE_CURVE('',#1125,#1147,#598,.T.);
#1428=EDGE_CURVE('',#1148,#1147,#486,.T.);
#1429=EDGE_CURVE('',#1126,#1148,#599,.T.);
#1430=EDGE_CURVE('',#1149,#1148,#487,.T.);
#1431=EDGE_CURVE('',#1127,#1149,#600,.T.);
#1432=EDGE_CURVE('',#1150,#1149,#488,.T.);
#1433=EDGE_CURVE('',#1128,#1150,#601,.T.);
#1434=EDGE_CURVE('',#1151,#1150,#602,.T.);
#1435=EDGE_CURVE('',#1129,#1151,#603,.T.);
#1436=EDGE_CURVE('',#1141,#1151,#604,.T.);
#1437=EDGE_CURVE('',#1131,#1152,#605,.T.);
#1438=EDGE_CURVE('',#1153,#1152,#489,.T.);
#1439=EDGE_CURVE('',#1130,#1153,#606,.T.);
#1440=EDGE_CURVE('',#1154,#1153,#490,.T.);
#1441=EDGE_CURVE('',#1132,#1154,#607,.T.);
#1442=EDGE_CURVE('',#1155,#1154,#491,.T.);
#1443=EDGE_CURVE('',#1133,#1155,#608,.T.);
#1444=EDGE_CURVE('',#1156,#1155,#492,.T.);
#1445=EDGE_CURVE('',#1134,#1156,#609,.T.);
#1446=EDGE_CURVE('',#1157,#1156,#493,.T.);
#1447=EDGE_CURVE('',#1135,#1157,#610,.T.);
#1448=EDGE_CURVE('',#1158,#1157,#494,.T.);
#1449=EDGE_CURVE('',#1136,#1158,#611,.T.);
#1450=EDGE_CURVE('',#1159,#1158,#495,.T.);
#1451=EDGE_CURVE('',#1137,#1159,#612,.T.);
#1452=EDGE_CURVE('',#1160,#1159,#496,.T.);
#1453=EDGE_CURVE('',#1138,#1160,#613,.T.);
#1454=EDGE_CURVE('',#1161,#1160,#614,.T.);
#1455=EDGE_CURVE('',#1139,#1161,#615,.T.);
#1456=EDGE_CURVE('',#1162,#1161,#616,.T.);
#1457=EDGE_CURVE('',#1140,#1162,#617,.T.);
#1458=EDGE_CURVE('',#1152,#1162,#618,.T.);
#1459=EDGE_CURVE('',#1163,#1164,#619,.T.);
#1460=EDGE_CURVE('',#1165,#1163,#620,.T.);
#1461=EDGE_CURVE('',#1166,#1165,#497,.T.);
#1462=EDGE_CURVE('',#1167,#1166,#498,.T.);
#1463=EDGE_CURVE('',#1168,#1167,#499,.T.);
#1464=EDGE_CURVE('',#1169,#1168,#621,.T.);
#1465=EDGE_CURVE('',#1170,#1169,#622,.T.);
#1466=EDGE_CURVE('',#1171,#1170,#623,.T.);
#1467=EDGE_CURVE('',#1172,#1171,#500,.T.);
#1468=EDGE_CURVE('',#1173,#1172,#501,.T.);
#1469=EDGE_CURVE('',#1174,#1173,#502,.T.);
#1470=EDGE_CURVE('',#1175,#1174,#503,.T.);
#1471=EDGE_CURVE('',#1176,#1175,#504,.T.);
#1472=EDGE_CURVE('',#1177,#1176,#505,.T.);
#1473=EDGE_CURVE('',#1178,#1177,#506,.T.);
#1474=EDGE_CURVE('',#1179,#1178,#624,.T.);
#1475=EDGE_CURVE('',#1180,#1179,#625,.T.);
#1476=EDGE_CURVE('',#1164,#1180,#626,.T.);
#1477=EDGE_CURVE('',#1181,#1182,#627,.T.);
#1478=EDGE_CURVE('',#1183,#1181,#507,.T.);
#1479=EDGE_CURVE('',#1184,#1183,#508,.T.);
#1480=EDGE_CURVE('',#1185,#1184,#509,.T.);
#1481=EDGE_CURVE('',#1186,#1185,#510,.T.);
#1482=EDGE_CURVE('',#1187,#1186,#511,.T.);
#1483=EDGE_CURVE('',#1188,#1187,#512,.T.);
#1484=EDGE_CURVE('',#1189,#1188,#628,.T.);
#1485=EDGE_CURVE('',#1182,#1189,#629,.T.);
#1486=EDGE_CURVE('',#1164,#1190,#630,.T.);
#1487=EDGE_CURVE('',#1191,#1190,#631,.T.);
#1488=EDGE_CURVE('',#1163,#1191,#632,.T.);
#1489=EDGE_CURVE('',#1192,#1191,#633,.T.);
#1490=EDGE_CURVE('',#1165,#1192,#634,.T.);
#1491=EDGE_CURVE('',#1193,#1192,#513,.T.);
#1492=EDGE_CURVE('',#1166,#1193,#635,.T.);
#1493=EDGE_CURVE('',#1194,#1193,#514,.T.);
#1494=EDGE_CURVE('',#1167,#1194,#636,.T.);
#1495=EDGE_CURVE('',#1195,#1194,#515,.T.);
#1496=EDGE_CURVE('',#1168,#1195,#637,.T.);
#1497=EDGE_CURVE('',#1196,#1195,#638,.T.);
#1498=EDGE_CURVE('',#1169,#1196,#639,.T.);
#1499=EDGE_CURVE('',#1197,#1196,#640,.T.);
#1500=EDGE_CURVE('',#1170,#1197,#641,.T.);
#1501=EDGE_CURVE('',#1198,#1197,#642,.T.);
#1502=EDGE_CURVE('',#1171,#1198,#643,.T.);
#1503=EDGE_CURVE('',#1199,#1198,#516,.T.);
#1504=EDGE_CURVE('',#1172,#1199,#644,.T.);
#1505=EDGE_CURVE('',#1200,#1199,#517,.T.);
#1506=EDGE_CURVE('',#1173,#1200,#645,.T.);
#1507=EDGE_CURVE('',#1201,#1200,#518,.T.);
#1508=EDGE_CURVE('',#1174,#1201,#646,.T.);
#1509=EDGE_CURVE('',#1202,#1201,#519,.T.);
#1510=EDGE_CURVE('',#1175,#1202,#647,.T.);
#1511=EDGE_CURVE('',#1203,#1202,#520,.T.);
#1512=EDGE_CURVE('',#1176,#1203,#648,.T.);
#1513=EDGE_CURVE('',#1204,#1203,#521,.T.);
#1514=EDGE_CURVE('',#1177,#1204,#649,.T.);
#1515=EDGE_CURVE('',#1205,#1204,#522,.T.);
#1516=EDGE_CURVE('',#1178,#1205,#650,.T.);
#1517=EDGE_CURVE('',#1206,#1205,#651,.T.);
#1518=EDGE_CURVE('',#1179,#1206,#652,.T.);
#1519=EDGE_CURVE('',#1207,#1206,#653,.T.);
#1520=EDGE_CURVE('',#1180,#1207,#654,.T.);
#1521=EDGE_CURVE('',#1190,#1207,#655,.T.);
#1522=EDGE_CURVE('',#1182,#1208,#656,.T.);
#1523=EDGE_CURVE('',#1209,#1208,#657,.T.);
#1524=EDGE_CURVE('',#1181,#1209,#658,.T.);
#1525=EDGE_CURVE('',#1210,#1209,#523,.T.);
#1526=EDGE_CURVE('',#1183,#1210,#659,.T.);
#1527=EDGE_CURVE('',#1211,#1210,#524,.T.);
#1528=EDGE_CURVE('',#1184,#1211,#660,.T.);
#1529=EDGE_CURVE('',#1212,#1211,#525,.T.);
#1530=EDGE_CURVE('',#1185,#1212,#661,.T.);
#1531=EDGE_CURVE('',#1213,#1212,#526,.T.);
#1532=EDGE_CURVE('',#1186,#1213,#662,.T.);
#1533=EDGE_CURVE('',#1214,#1213,#527,.T.);
#1534=EDGE_CURVE('',#1187,#1214,#663,.T.);
#1535=EDGE_CURVE('',#1215,#1214,#528,.T.);
#1536=EDGE_CURVE('',#1188,#1215,#664,.T.);
#1537=EDGE_CURVE('',#1216,#1215,#665,.T.);
#1538=EDGE_CURVE('',#1189,#1216,#666,.T.);
#1539=EDGE_CURVE('',#1208,#1216,#667,.T.);
#1540=EDGE_CURVE('',#1217,#1218,#668,.T.);
#1541=EDGE_CURVE('',#1219,#1217,#669,.T.);
#1542=EDGE_CURVE('',#1220,#1219,#670,.T.);
#1543=EDGE_CURVE('',#1221,#1220,#671,.T.);
#1544=EDGE_CURVE('',#1222,#1221,#672,.T.);
#1545=EDGE_CURVE('',#1223,#1222,#673,.T.);
#1546=EDGE_CURVE('',#1224,#1223,#674,.T.);
#1547=EDGE_CURVE('',#1218,#1224,#675,.T.);
#1548=EDGE_CURVE('',#1218,#1225,#676,.T.);
#1549=EDGE_CURVE('',#1226,#1225,#677,.T.);
#1550=EDGE_CURVE('',#1217,#1226,#678,.T.);
#1551=EDGE_CURVE('',#1227,#1226,#679,.T.);
#1552=EDGE_CURVE('',#1219,#1227,#680,.T.);
#1553=EDGE_CURVE('',#1228,#1227,#681,.T.);
#1554=EDGE_CURVE('',#1220,#1228,#682,.T.);
#1555=EDGE_CURVE('',#1229,#1228,#683,.T.);
#1556=EDGE_CURVE('',#1221,#1229,#684,.T.);
#1557=EDGE_CURVE('',#1230,#1229,#685,.T.);
#1558=EDGE_CURVE('',#1222,#1230,#686,.T.);
#1559=EDGE_CURVE('',#1231,#1230,#687,.T.);
#1560=EDGE_CURVE('',#1223,#1231,#688,.T.);
#1561=EDGE_CURVE('',#1232,#1231,#689,.T.);
#1562=EDGE_CURVE('',#1224,#1232,#690,.T.);
#1563=EDGE_CURVE('',#1225,#1232,#691,.T.);
#1564=EDGE_CURVE('',#1233,#1234,#529,.T.);
#1565=EDGE_CURVE('',#1235,#1233,#530,.T.);
#1566=EDGE_CURVE('',#1236,#1235,#531,.T.);
#1567=EDGE_CURVE('',#1237,#1236,#532,.T.);
#1568=EDGE_CURVE('',#1238,#1237,#533,.T.);
#1569=EDGE_CURVE('',#1239,#1238,#534,.T.);
#1570=EDGE_CURVE('',#1240,#1239,#535,.T.);
#1571=EDGE_CURVE('',#1241,#1240,#536,.T.);
#1572=EDGE_CURVE('',#1242,#1241,#537,.T.);
#1573=EDGE_CURVE('',#1243,#1242,#538,.T.);
#1574=EDGE_CURVE('',#1244,#1243,#539,.T.);
#1575=EDGE_CURVE('',#1245,#1244,#540,.T.);
#1576=EDGE_CURVE('',#1246,#1245,#541,.T.);
#1577=EDGE_CURVE('',#1247,#1246,#692,.T.);
#1578=EDGE_CURVE('',#1248,#1247,#542,.T.);
#1579=EDGE_CURVE('',#1249,#1248,#543,.T.);
#1580=EDGE_CURVE('',#1250,#1249,#544,.T.);
#1581=EDGE_CURVE('',#1251,#1250,#545,.T.);
#1582=EDGE_CURVE('',#1252,#1251,#546,.T.);
#1583=EDGE_CURVE('',#1253,#1252,#547,.T.);
#1584=EDGE_CURVE('',#1254,#1253,#548,.T.);
#1585=EDGE_CURVE('',#1255,#1254,#549,.T.);
#1586=EDGE_CURVE('',#1256,#1255,#550,.T.);
#1587=EDGE_CURVE('',#1257,#1256,#551,.T.);
#1588=EDGE_CURVE('',#1258,#1257,#552,.T.);
#1589=EDGE_CURVE('',#1259,#1258,#553,.T.);
#1590=EDGE_CURVE('',#1260,#1259,#554,.T.);
#1591=EDGE_CURVE('',#1261,#1260,#555,.T.);
#1592=EDGE_CURVE('',#1262,#1261,#693,.T.);
#1593=EDGE_CURVE('',#1234,#1262,#556,.T.);
#1594=EDGE_CURVE('',#1234,#1263,#694,.T.);
#1595=EDGE_CURVE('',#1264,#1263,#557,.T.);
#1596=EDGE_CURVE('',#1233,#1264,#695,.T.);
#1597=EDGE_CURVE('',#1265,#1264,#558,.T.);
#1598=EDGE_CURVE('',#1235,#1265,#696,.T.);
#1599=EDGE_CURVE('',#1266,#1265,#559,.T.);
#1600=EDGE_CURVE('',#1236,#1266,#697,.T.);
#1601=EDGE_CURVE('',#1267,#1266,#560,.T.);
#1602=EDGE_CURVE('',#1237,#1267,#698,.T.);
#1603=EDGE_CURVE('',#1268,#1267,#561,.T.);
#1604=EDGE_CURVE('',#1238,#1268,#699,.T.);
#1605=EDGE_CURVE('',#1269,#1268,#562,.T.);
#1606=EDGE_CURVE('',#1239,#1269,#700,.T.);
#1607=EDGE_CURVE('',#1270,#1269,#563,.T.);
#1608=EDGE_CURVE('',#1240,#1270,#701,.T.);
#1609=EDGE_CURVE('',#1271,#1270,#564,.T.);
#1610=EDGE_CURVE('',#1241,#1271,#702,.T.);
#1611=EDGE_CURVE('',#1272,#1271,#565,.T.);
#1612=EDGE_CURVE('',#1242,#1272,#703,.T.);
#1613=EDGE_CURVE('',#1273,#1272,#566,.T.);
#1614=EDGE_CURVE('',#1243,#1273,#704,.T.);
#1615=EDGE_CURVE('',#1274,#1273,#567,.T.);
#1616=EDGE_CURVE('',#1244,#1274,#705,.T.);
#1617=EDGE_CURVE('',#1275,#1274,#568,.T.);
#1618=EDGE_CURVE('',#1245,#1275,#706,.T.);
#1619=EDGE_CURVE('',#1276,#1275,#569,.T.);
#1620=EDGE_CURVE('',#1246,#1276,#707,.T.);
#1621=EDGE_CURVE('',#1277,#1276,#708,.T.);
#1622=EDGE_CURVE('',#1247,#1277,#709,.T.);
#1623=EDGE_CURVE('',#1278,#1277,#570,.T.);
#1624=EDGE_CURVE('',#1248,#1278,#710,.T.);
#1625=EDGE_CURVE('',#1279,#1278,#571,.T.);
#1626=EDGE_CURVE('',#1249,#1279,#711,.T.);
#1627=EDGE_CURVE('',#1280,#1279,#572,.T.);
#1628=EDGE_CURVE('',#1250,#1280,#712,.T.);
#1629=EDGE_CURVE('',#1281,#1280,#573,.T.);
#1630=EDGE_CURVE('',#1251,#1281,#713,.T.);
#1631=EDGE_CURVE('',#1282,#1281,#574,.T.);
#1632=EDGE_CURVE('',#1252,#1282,#714,.T.);
#1633=EDGE_CURVE('',#1283,#1282,#575,.T.);
#1634=EDGE_CURVE('',#1253,#1283,#715,.T.);
#1635=EDGE_CURVE('',#1284,#1283,#576,.T.);
#1636=EDGE_CURVE('',#1254,#1284,#716,.T.);
#1637=EDGE_CURVE('',#1285,#1284,#577,.T.);
#1638=EDGE_CURVE('',#1255,#1285,#717,.T.);
#1639=EDGE_CURVE('',#1286,#1285,#578,.T.);
#1640=EDGE_CURVE('',#1256,#1286,#718,.T.);
#1641=EDGE_CURVE('',#1287,#1286,#579,.T.);
#1642=EDGE_CURVE('',#1257,#1287,#719,.T.);
#1643=EDGE_CURVE('',#1288,#1287,#580,.T.);
#1644=EDGE_CURVE('',#1258,#1288,#720,.T.);
#1645=EDGE_CURVE('',#1289,#1288,#581,.T.);
#1646=EDGE_CURVE('',#1259,#1289,#721,.T.);
#1647=EDGE_CURVE('',#1290,#1289,#582,.T.);
#1648=EDGE_CURVE('',#1260,#1290,#722,.T.);
#1649=EDGE_CURVE('',#1291,#1290,#583,.T.);
#1650=EDGE_CURVE('',#1261,#1291,#723,.T.);
#1651=EDGE_CURVE('',#1292,#1291,#724,.T.);
#1652=EDGE_CURVE('',#1262,#1292,#725,.T.);
#1653=EDGE_CURVE('',#1263,#1292,#584,.T.);
#1654=EDGE_CURVE('',#1293,#1294,#726,.T.);
#1655=EDGE_CURVE('',#1295,#1293,#727,.T.);
#1656=EDGE_CURVE('',#1296,#1295,#728,.T.);
#1657=EDGE_CURVE('',#1294,#1296,#729,.T.);
#1658=EDGE_CURVE('',#1294,#1297,#730,.T.);
#1659=EDGE_CURVE('',#1298,#1297,#731,.T.);
#1660=EDGE_CURVE('',#1293,#1298,#732,.T.);
#1661=EDGE_CURVE('',#1299,#1298,#733,.T.);
#1662=EDGE_CURVE('',#1295,#1299,#734,.T.);
#1663=EDGE_CURVE('',#1300,#1299,#735,.T.);
#1664=EDGE_CURVE('',#1296,#1300,#736,.T.);
#1665=EDGE_CURVE('',#1297,#1300,#737,.T.);
#1666=EDGE_CURVE('',#1301,#1302,#738,.T.);
#1667=EDGE_CURVE('',#1303,#1301,#739,.T.);
#1668=EDGE_CURVE('',#1304,#1303,#740,.T.);
#1669=EDGE_CURVE('',#1305,#1304,#741,.T.);
#1670=EDGE_CURVE('',#1306,#1305,#742,.T.);
#1671=EDGE_CURVE('',#1307,#1306,#743,.T.);
#1672=EDGE_CURVE('',#1308,#1307,#744,.T.);
#1673=EDGE_CURVE('',#1302,#1308,#745,.T.);
#1674=EDGE_CURVE('',#1309,#1310,#746,.T.);
#1675=EDGE_CURVE('',#1311,#1309,#747,.T.);
#1676=EDGE_CURVE('',#1310,#1311,#748,.T.);
#1677=EDGE_CURVE('',#1302,#1312,#749,.T.);
#1678=EDGE_CURVE('',#1313,#1312,#750,.T.);
#1679=EDGE_CURVE('',#1301,#1313,#751,.T.);
#1680=EDGE_CURVE('',#1314,#1313,#752,.T.);
#1681=EDGE_CURVE('',#1303,#1314,#753,.T.);
#1682=EDGE_CURVE('',#1315,#1314,#754,.T.);
#1683=EDGE_CURVE('',#1304,#1315,#755,.T.);
#1684=EDGE_CURVE('',#1316,#1315,#756,.T.);
#1685=EDGE_CURVE('',#1305,#1316,#757,.T.);
#1686=EDGE_CURVE('',#1317,#1316,#758,.T.);
#1687=EDGE_CURVE('',#1306,#1317,#759,.T.);
#1688=EDGE_CURVE('',#1318,#1317,#760,.T.);
#1689=EDGE_CURVE('',#1307,#1318,#761,.T.);
#1690=EDGE_CURVE('',#1319,#1318,#762,.T.);
#1691=EDGE_CURVE('',#1308,#1319,#763,.T.);
#1692=EDGE_CURVE('',#1312,#1319,#764,.T.);
#1693=EDGE_CURVE('',#1310,#1320,#765,.T.);
#1694=EDGE_CURVE('',#1321,#1320,#766,.T.);
#1695=EDGE_CURVE('',#1309,#1321,#767,.T.);
#1696=EDGE_CURVE('',#1322,#1321,#768,.T.);
#1697=EDGE_CURVE('',#1311,#1322,#769,.T.);
#1698=EDGE_CURVE('',#1320,#1322,#770,.T.);
#1699=EDGE_CURVE('',#1323,#1324,#771,.T.);
#1700=EDGE_CURVE('',#1325,#1323,#772,.T.);
#1701=EDGE_CURVE('',#1326,#1325,#773,.T.);
#1702=EDGE_CURVE('',#1327,#1326,#774,.T.);
#1703=EDGE_CURVE('',#1328,#1327,#775,.T.);
#1704=EDGE_CURVE('',#1329,#1328,#776,.T.);
#1705=EDGE_CURVE('',#1330,#1329,#777,.T.);
#1706=EDGE_CURVE('',#1324,#1330,#778,.T.);
#1707=EDGE_CURVE('',#1331,#1332,#779,.T.);
#1708=EDGE_CURVE('',#1333,#1331,#780,.T.);
#1709=EDGE_CURVE('',#1332,#1333,#781,.T.);
#1710=EDGE_CURVE('',#1324,#1334,#782,.T.);
#1711=EDGE_CURVE('',#1335,#1334,#783,.T.);
#1712=EDGE_CURVE('',#1323,#1335,#784,.T.);
#1713=EDGE_CURVE('',#1336,#1335,#785,.T.);
#1714=EDGE_CURVE('',#1325,#1336,#786,.T.);
#1715=EDGE_CURVE('',#1337,#1336,#787,.T.);
#1716=EDGE_CURVE('',#1326,#1337,#788,.T.);
#1717=EDGE_CURVE('',#1338,#1337,#789,.T.);
#1718=EDGE_CURVE('',#1327,#1338,#790,.T.);
#1719=EDGE_CURVE('',#1339,#1338,#791,.T.);
#1720=EDGE_CURVE('',#1328,#1339,#792,.T.);
#1721=EDGE_CURVE('',#1340,#1339,#793,.T.);
#1722=EDGE_CURVE('',#1329,#1340,#794,.T.);
#1723=EDGE_CURVE('',#1341,#1340,#795,.T.);
#1724=EDGE_CURVE('',#1330,#1341,#796,.T.);
#1725=EDGE_CURVE('',#1334,#1341,#797,.T.);
#1726=EDGE_CURVE('',#1332,#1342,#798,.T.);
#1727=EDGE_CURVE('',#1343,#1342,#799,.T.);
#1728=EDGE_CURVE('',#1331,#1343,#800,.T.);
#1729=EDGE_CURVE('',#1344,#1343,#801,.T.);
#1730=EDGE_CURVE('',#1333,#1344,#802,.T.);
#1731=EDGE_CURVE('',#1342,#1344,#803,.T.);
#1732=EDGE_CURVE('',#1345,#1346,#804,.T.);
#1733=EDGE_CURVE('',#1346,#1347,#805,.T.);
#1734=EDGE_CURVE('',#1347,#1348,#806,.T.);
#1735=EDGE_CURVE('',#1349,#1348,#807,.T.);
#1736=EDGE_CURVE('',#1350,#1349,#808,.T.);
#1737=EDGE_CURVE('',#1351,#1350,#809,.T.);
#1738=EDGE_CURVE('',#1351,#1352,#810,.T.);
#1739=EDGE_CURVE('',#1345,#1352,#811,.T.);
#1740=EDGE_CURVE('',#1353,#1354,#812,.T.);
#1741=EDGE_CURVE('',#1355,#1354,#813,.T.);
#1742=EDGE_CURVE('',#1355,#1356,#814,.T.);
#1743=EDGE_CURVE('',#1353,#1356,#815,.T.);
#1744=EDGE_CURVE('',#1348,#1353,#816,.T.);
#1745=EDGE_CURVE('',#1347,#1354,#817,.T.);
#1746=EDGE_CURVE('',#1357,#1345,#818,.T.);
#1747=EDGE_CURVE('',#1358,#1357,#819,.T.);
#1748=EDGE_CURVE('',#1358,#1346,#820,.T.);
#1749=EDGE_CURVE('',#1352,#1359,#27,.T.);
#1750=EDGE_CURVE('',#1359,#1360,#821,.T.);
#1751=EDGE_CURVE('',#1360,#1361,#28,.T.);
#1752=EDGE_CURVE('',#1361,#1362,#822,.T.);
#1753=EDGE_CURVE('',#1362,#1363,#29,.T.);
#1754=EDGE_CURVE('',#1363,#1364,#823,.T.);
#1755=EDGE_CURVE('',#1364,#1349,#30,.T.);
#1756=EDGE_CURVE('',#1356,#1365,#824,.T.);
#1757=EDGE_CURVE('',#1365,#1366,#825,.T.);
#1758=EDGE_CURVE('',#1366,#1367,#826,.T.);
#1759=EDGE_CURVE('',#1367,#1357,#827,.T.);
#1760=EDGE_CURVE('',#1368,#1368,#31,.T.);
#1761=EDGE_CURVE('',#1369,#1369,#32,.T.);
#1762=EDGE_CURVE('',#1370,#1370,#33,.T.);
#1763=EDGE_CURVE('',#1371,#1371,#34,.T.);
#1764=EDGE_CURVE('',#1372,#1355,#828,.T.);
#1765=EDGE_CURVE('',#1372,#1365,#829,.T.);
#1766=EDGE_CURVE('',#1373,#1372,#830,.T.);
#1767=EDGE_CURVE('',#1373,#1366,#831,.T.);
#1768=EDGE_CURVE('',#1374,#1374,#35,.T.);
#1769=EDGE_CURVE('',#1374,#1375,#832,.T.);
#1770=EDGE_CURVE('',#1375,#1375,#36,.T.);
#1771=EDGE_CURVE('',#1376,#1376,#37,.T.);
#1772=EDGE_CURVE('',#1376,#1377,#833,.T.);
#1773=EDGE_CURVE('',#1377,#1377,#38,.T.);
#1774=EDGE_CURVE('',#1378,#1378,#39,.T.);
#1775=EDGE_CURVE('',#1378,#1379,#834,.T.);
#1776=EDGE_CURVE('',#1379,#1379,#40,.T.);
#1777=EDGE_CURVE('',#1380,#1380,#41,.T.);
#1778=EDGE_CURVE('',#1380,#1381,#835,.T.);
#1779=EDGE_CURVE('',#1381,#1381,#42,.T.);
#1780=EDGE_CURVE('',#1382,#1367,#836,.T.);
#1781=EDGE_CURVE('',#1358,#1382,#837,.T.);
#1782=EDGE_CURVE('',#1382,#1373,#838,.T.);
#1783=EDGE_CURVE('',#1383,#1350,#43,.T.);
#1784=EDGE_CURVE('',#1383,#1364,#839,.T.);
#1785=EDGE_CURVE('',#1383,#1384,#840,.T.);
#1786=EDGE_CURVE('',#1384,#1363,#841,.T.);
#1787=EDGE_CURVE('',#1385,#1384,#44,.T.);
#1788=EDGE_CURVE('',#1385,#1362,#842,.T.);
#1789=EDGE_CURVE('',#1386,#1385,#843,.T.);
#1790=EDGE_CURVE('',#1386,#1361,#844,.T.);
#1791=EDGE_CURVE('',#1387,#1386,#45,.T.);
#1792=EDGE_CURVE('',#1387,#1360,#845,.T.);
#1793=EDGE_CURVE('',#1387,#1388,#846,.T.);
#1794=EDGE_CURVE('',#1388,#1359,#847,.T.);
#1795=EDGE_CURVE('',#1351,#1388,#46,.T.);
#1796=EDGE_CURVE('',#1389,#1389,#47,.T.);
#1797=EDGE_CURVE('',#1389,#1370,#848,.T.);
#1798=EDGE_CURVE('',#1390,#1390,#48,.T.);
#1799=EDGE_CURVE('',#1390,#1369,#849,.T.);
#1800=EDGE_CURVE('',#1391,#1391,#49,.T.);
#1801=EDGE_CURVE('',#1391,#1371,#850,.T.);
#1802=EDGE_CURVE('',#1392,#1392,#50,.T.);
#1803=EDGE_CURVE('',#1392,#1368,#851,.T.);
#1804=ORIENTED_EDGE('',*,*,#1393,.F.);
#1805=ORIENTED_EDGE('',*,*,#1394,.F.);
#1806=ORIENTED_EDGE('',*,*,#1395,.F.);
#1807=ORIENTED_EDGE('',*,*,#1396,.F.);
#1808=ORIENTED_EDGE('',*,*,#1397,.F.);
#1809=ORIENTED_EDGE('',*,*,#1398,.F.);
#1810=ORIENTED_EDGE('',*,*,#1399,.F.);
#1811=ORIENTED_EDGE('',*,*,#1400,.F.);
#1812=ORIENTED_EDGE('',*,*,#1401,.F.);
#1813=ORIENTED_EDGE('',*,*,#1402,.F.);
#1814=ORIENTED_EDGE('',*,*,#1403,.F.);
#1815=ORIENTED_EDGE('',*,*,#1404,.F.);
#1816=ORIENTED_EDGE('',*,*,#1405,.F.);
#1817=ORIENTED_EDGE('',*,*,#1406,.F.);
#1818=ORIENTED_EDGE('',*,*,#1407,.F.);
#1819=ORIENTED_EDGE('',*,*,#1408,.F.);
#1820=ORIENTED_EDGE('',*,*,#1409,.F.);
#1821=ORIENTED_EDGE('',*,*,#1410,.F.);
#1822=ORIENTED_EDGE('',*,*,#1411,.F.);
#1823=ORIENTED_EDGE('',*,*,#1412,.F.);
#1824=ORIENTED_EDGE('',*,*,#1413,.F.);
#1825=ORIENTED_EDGE('',*,*,#1414,.F.);
#1826=ORIENTED_EDGE('',*,*,#1393,.T.);
#1827=ORIENTED_EDGE('',*,*,#1415,.T.);
#1828=ORIENTED_EDGE('',*,*,#1416,.F.);
#1829=ORIENTED_EDGE('',*,*,#1417,.F.);
#1830=ORIENTED_EDGE('',*,*,#1394,.T.);
#1831=ORIENTED_EDGE('',*,*,#1417,.T.);
#1832=ORIENTED_EDGE('',*,*,#1418,.F.);
#1833=ORIENTED_EDGE('',*,*,#1419,.F.);
#1834=ORIENTED_EDGE('',*,*,#1395,.T.);
#1835=ORIENTED_EDGE('',*,*,#1419,.T.);
#1836=ORIENTED_EDGE('',*,*,#1420,.F.);
#1837=ORIENTED_EDGE('',*,*,#1421,.F.);
#1838=ORIENTED_EDGE('',*,*,#1396,.T.);
#1839=ORIENTED_EDGE('',*,*,#1421,.T.);
#1840=ORIENTED_EDGE('',*,*,#1422,.F.);
#1841=ORIENTED_EDGE('',*,*,#1423,.F.);
#1842=ORIENTED_EDGE('',*,*,#1397,.T.);
#1843=ORIENTED_EDGE('',*,*,#1423,.T.);
#1844=ORIENTED_EDGE('',*,*,#1424,.F.);
#1845=ORIENTED_EDGE('',*,*,#1425,.F.);
#1846=ORIENTED_EDGE('',*,*,#1398,.T.);
#1847=ORIENTED_EDGE('',*,*,#1425,.T.);
#1848=ORIENTED_EDGE('',*,*,#1426,.F.);
#1849=ORIENTED_EDGE('',*,*,#1427,.F.);
#1850=ORIENTED_EDGE('',*,*,#1399,.T.);
#1851=ORIENTED_EDGE('',*,*,#1427,.T.);
#1852=ORIENTED_EDGE('',*,*,#1428,.F.);
#1853=ORIENTED_EDGE('',*,*,#1429,.F.);
#1854=ORIENTED_EDGE('',*,*,#1400,.T.);
#1855=ORIENTED_EDGE('',*,*,#1429,.T.);
#1856=ORIENTED_EDGE('',*,*,#1430,.F.);
#1857=ORIENTED_EDGE('',*,*,#1431,.F.);
#1858=ORIENTED_EDGE('',*,*,#1401,.T.);
#1859=ORIENTED_EDGE('',*,*,#1431,.T.);
#1860=ORIENTED_EDGE('',*,*,#1432,.F.);
#1861=ORIENTED_EDGE('',*,*,#1433,.F.);
#1862=ORIENTED_EDGE('',*,*,#1402,.T.);
#1863=ORIENTED_EDGE('',*,*,#1433,.T.);
#1864=ORIENTED_EDGE('',*,*,#1434,.F.);
#1865=ORIENTED_EDGE('',*,*,#1435,.F.);
#1866=ORIENTED_EDGE('',*,*,#1403,.T.);
#1867=ORIENTED_EDGE('',*,*,#1435,.T.);
#1868=ORIENTED_EDGE('',*,*,#1436,.F.);
#1869=ORIENTED_EDGE('',*,*,#1415,.F.);
#1870=ORIENTED_EDGE('',*,*,#1404,.T.);
#1871=ORIENTED_EDGE('',*,*,#1437,.T.);
#1872=ORIENTED_EDGE('',*,*,#1438,.F.);
#1873=ORIENTED_EDGE('',*,*,#1439,.F.);
#1874=ORIENTED_EDGE('',*,*,#1405,.T.);
#1875=ORIENTED_EDGE('',*,*,#1439,.T.);
#1876=ORIENTED_EDGE('',*,*,#1440,.F.);
#1877=ORIENTED_EDGE('',*,*,#1441,.F.);
#1878=ORIENTED_EDGE('',*,*,#1406,.T.);
#1879=ORIENTED_EDGE('',*,*,#1441,.T.);
#1880=ORIENTED_EDGE('',*,*,#1442,.F.);
#1881=ORIENTED_EDGE('',*,*,#1443,.F.);
#1882=ORIENTED_EDGE('',*,*,#1407,.T.);
#1883=ORIENTED_EDGE('',*,*,#1443,.T.);
#1884=ORIENTED_EDGE('',*,*,#1444,.F.);
#1885=ORIENTED_EDGE('',*,*,#1445,.F.);
#1886=ORIENTED_EDGE('',*,*,#1408,.T.);
#1887=ORIENTED_EDGE('',*,*,#1445,.T.);
#1888=ORIENTED_EDGE('',*,*,#1446,.F.);
#1889=ORIENTED_EDGE('',*,*,#1447,.F.);
#1890=ORIENTED_EDGE('',*,*,#1409,.T.);
#1891=ORIENTED_EDGE('',*,*,#1447,.T.);
#1892=ORIENTED_EDGE('',*,*,#1448,.F.);
#1893=ORIENTED_EDGE('',*,*,#1449,.F.);
#1894=ORIENTED_EDGE('',*,*,#1410,.T.);
#1895=ORIENTED_EDGE('',*,*,#1449,.T.);
#1896=ORIENTED_EDGE('',*,*,#1450,.F.);
#1897=ORIENTED_EDGE('',*,*,#1451,.F.);
#1898=ORIENTED_EDGE('',*,*,#1411,.T.);
#1899=ORIENTED_EDGE('',*,*,#1451,.T.);
#1900=ORIENTED_EDGE('',*,*,#1452,.F.);
#1901=ORIENTED_EDGE('',*,*,#1453,.F.);
#1902=ORIENTED_EDGE('',*,*,#1412,.T.);
#1903=ORIENTED_EDGE('',*,*,#1453,.T.);
#1904=ORIENTED_EDGE('',*,*,#1454,.F.);
#1905=ORIENTED_EDGE('',*,*,#1455,.F.);
#1906=ORIENTED_EDGE('',*,*,#1413,.T.);
#1907=ORIENTED_EDGE('',*,*,#1455,.T.);
#1908=ORIENTED_EDGE('',*,*,#1456,.F.);
#1909=ORIENTED_EDGE('',*,*,#1457,.F.);
#1910=ORIENTED_EDGE('',*,*,#1414,.T.);
#1911=ORIENTED_EDGE('',*,*,#1457,.T.);
#1912=ORIENTED_EDGE('',*,*,#1458,.F.);
#1913=ORIENTED_EDGE('',*,*,#1437,.F.);
#1914=ORIENTED_EDGE('',*,*,#1459,.F.);
#1915=ORIENTED_EDGE('',*,*,#1460,.F.);
#1916=ORIENTED_EDGE('',*,*,#1461,.F.);
#1917=ORIENTED_EDGE('',*,*,#1462,.F.);
#1918=ORIENTED_EDGE('',*,*,#1463,.F.);
#1919=ORIENTED_EDGE('',*,*,#1464,.F.);
#1920=ORIENTED_EDGE('',*,*,#1465,.F.);
#1921=ORIENTED_EDGE('',*,*,#1466,.F.);
#1922=ORIENTED_EDGE('',*,*,#1467,.F.);
#1923=ORIENTED_EDGE('',*,*,#1468,.F.);
#1924=ORIENTED_EDGE('',*,*,#1469,.F.);
#1925=ORIENTED_EDGE('',*,*,#1470,.F.);
#1926=ORIENTED_EDGE('',*,*,#1471,.F.);
#1927=ORIENTED_EDGE('',*,*,#1472,.F.);
#1928=ORIENTED_EDGE('',*,*,#1473,.F.);
#1929=ORIENTED_EDGE('',*,*,#1474,.F.);
#1930=ORIENTED_EDGE('',*,*,#1475,.F.);
#1931=ORIENTED_EDGE('',*,*,#1476,.F.);
#1932=ORIENTED_EDGE('',*,*,#1477,.F.);
#1933=ORIENTED_EDGE('',*,*,#1478,.F.);
#1934=ORIENTED_EDGE('',*,*,#1479,.F.);
#1935=ORIENTED_EDGE('',*,*,#1480,.F.);
#1936=ORIENTED_EDGE('',*,*,#1481,.F.);
#1937=ORIENTED_EDGE('',*,*,#1482,.F.);
#1938=ORIENTED_EDGE('',*,*,#1483,.F.);
#1939=ORIENTED_EDGE('',*,*,#1484,.F.);
#1940=ORIENTED_EDGE('',*,*,#1485,.F.);
#1941=ORIENTED_EDGE('',*,*,#1459,.T.);
#1942=ORIENTED_EDGE('',*,*,#1486,.T.);
#1943=ORIENTED_EDGE('',*,*,#1487,.F.);
#1944=ORIENTED_EDGE('',*,*,#1488,.F.);
#1945=ORIENTED_EDGE('',*,*,#1460,.T.);
#1946=ORIENTED_EDGE('',*,*,#1488,.T.);
#1947=ORIENTED_EDGE('',*,*,#1489,.F.);
#1948=ORIENTED_EDGE('',*,*,#1490,.F.);
#1949=ORIENTED_EDGE('',*,*,#1461,.T.);
#1950=ORIENTED_EDGE('',*,*,#1490,.T.);
#1951=ORIENTED_EDGE('',*,*,#1491,.F.);
#1952=ORIENTED_EDGE('',*,*,#1492,.F.);
#1953=ORIENTED_EDGE('',*,*,#1462,.T.);
#1954=ORIENTED_EDGE('',*,*,#1492,.T.);
#1955=ORIENTED_EDGE('',*,*,#1493,.F.);
#1956=ORIENTED_EDGE('',*,*,#1494,.F.);
#1957=ORIENTED_EDGE('',*,*,#1463,.T.);
#1958=ORIENTED_EDGE('',*,*,#1494,.T.);
#1959=ORIENTED_EDGE('',*,*,#1495,.F.);
#1960=ORIENTED_EDGE('',*,*,#1496,.F.);
#1961=ORIENTED_EDGE('',*,*,#1464,.T.);
#1962=ORIENTED_EDGE('',*,*,#1496,.T.);
#1963=ORIENTED_EDGE('',*,*,#1497,.F.);
#1964=ORIENTED_EDGE('',*,*,#1498,.F.);
#1965=ORIENTED_EDGE('',*,*,#1465,.T.);
#1966=ORIENTED_EDGE('',*,*,#1498,.T.);
#1967=ORIENTED_EDGE('',*,*,#1499,.F.);
#1968=ORIENTED_EDGE('',*,*,#1500,.F.);
#1969=ORIENTED_EDGE('',*,*,#1466,.T.);
#1970=ORIENTED_EDGE('',*,*,#1500,.T.);
#1971=ORIENTED_EDGE('',*,*,#1501,.F.);
#1972=ORIENTED_EDGE('',*,*,#1502,.F.);
#1973=ORIENTED_EDGE('',*,*,#1467,.T.);
#1974=ORIENTED_EDGE('',*,*,#1502,.T.);
#1975=ORIENTED_EDGE('',*,*,#1503,.F.);
#1976=ORIENTED_EDGE('',*,*,#1504,.F.);
#1977=ORIENTED_EDGE('',*,*,#1468,.T.);
#1978=ORIENTED_EDGE('',*,*,#1504,.T.);
#1979=ORIENTED_EDGE('',*,*,#1505,.F.);
#1980=ORIENTED_EDGE('',*,*,#1506,.F.);
#1981=ORIENTED_EDGE('',*,*,#1469,.T.);
#1982=ORIENTED_EDGE('',*,*,#1506,.T.);
#1983=ORIENTED_EDGE('',*,*,#1507,.F.);
#1984=ORIENTED_EDGE('',*,*,#1508,.F.);
#1985=ORIENTED_EDGE('',*,*,#1470,.T.);
#1986=ORIENTED_EDGE('',*,*,#1508,.T.);
#1987=ORIENTED_EDGE('',*,*,#1509,.F.);
#1988=ORIENTED_EDGE('',*,*,#1510,.F.);
#1989=ORIENTED_EDGE('',*,*,#1471,.T.);
#1990=ORIENTED_EDGE('',*,*,#1510,.T.);
#1991=ORIENTED_EDGE('',*,*,#1511,.F.);
#1992=ORIENTED_EDGE('',*,*,#1512,.F.);
#1993=ORIENTED_EDGE('',*,*,#1472,.T.);
#1994=ORIENTED_EDGE('',*,*,#1512,.T.);
#1995=ORIENTED_EDGE('',*,*,#1513,.F.);
#1996=ORIENTED_EDGE('',*,*,#1514,.F.);
#1997=ORIENTED_EDGE('',*,*,#1473,.T.);
#1998=ORIENTED_EDGE('',*,*,#1514,.T.);
#1999=ORIENTED_EDGE('',*,*,#1515,.F.);
#2000=ORIENTED_EDGE('',*,*,#1516,.F.);
#2001=ORIENTED_EDGE('',*,*,#1474,.T.);
#2002=ORIENTED_EDGE('',*,*,#1516,.T.);
#2003=ORIENTED_EDGE('',*,*,#1517,.F.);
#2004=ORIENTED_EDGE('',*,*,#1518,.F.);
#2005=ORIENTED_EDGE('',*,*,#1475,.T.);
#2006=ORIENTED_EDGE('',*,*,#1518,.T.);
#2007=ORIENTED_EDGE('',*,*,#1519,.F.);
#2008=ORIENTED_EDGE('',*,*,#1520,.F.);
#2009=ORIENTED_EDGE('',*,*,#1476,.T.);
#2010=ORIENTED_EDGE('',*,*,#1520,.T.);
#2011=ORIENTED_EDGE('',*,*,#1521,.F.);
#2012=ORIENTED_EDGE('',*,*,#1486,.F.);
#2013=ORIENTED_EDGE('',*,*,#1477,.T.);
#2014=ORIENTED_EDGE('',*,*,#1522,.T.);
#2015=ORIENTED_EDGE('',*,*,#1523,.F.);
#2016=ORIENTED_EDGE('',*,*,#1524,.F.);
#2017=ORIENTED_EDGE('',*,*,#1478,.T.);
#2018=ORIENTED_EDGE('',*,*,#1524,.T.);
#2019=ORIENTED_EDGE('',*,*,#1525,.F.);
#2020=ORIENTED_EDGE('',*,*,#1526,.F.);
#2021=ORIENTED_EDGE('',*,*,#1479,.T.);
#2022=ORIENTED_EDGE('',*,*,#1526,.T.);
#2023=ORIENTED_EDGE('',*,*,#1527,.F.);
#2024=ORIENTED_EDGE('',*,*,#1528,.F.);
#2025=ORIENTED_EDGE('',*,*,#1480,.T.);
#2026=ORIENTED_EDGE('',*,*,#1528,.T.);
#2027=ORIENTED_EDGE('',*,*,#1529,.F.);
#2028=ORIENTED_EDGE('',*,*,#1530,.F.);
#2029=ORIENTED_EDGE('',*,*,#1481,.T.);
#2030=ORIENTED_EDGE('',*,*,#1530,.T.);
#2031=ORIENTED_EDGE('',*,*,#1531,.F.);
#2032=ORIENTED_EDGE('',*,*,#1532,.F.);
#2033=ORIENTED_EDGE('',*,*,#1482,.T.);
#2034=ORIENTED_EDGE('',*,*,#1532,.T.);
#2035=ORIENTED_EDGE('',*,*,#1533,.F.);
#2036=ORIENTED_EDGE('',*,*,#1534,.F.);
#2037=ORIENTED_EDGE('',*,*,#1483,.T.);
#2038=ORIENTED_EDGE('',*,*,#1534,.T.);
#2039=ORIENTED_EDGE('',*,*,#1535,.F.);
#2040=ORIENTED_EDGE('',*,*,#1536,.F.);
#2041=ORIENTED_EDGE('',*,*,#1484,.T.);
#2042=ORIENTED_EDGE('',*,*,#1536,.T.);
#2043=ORIENTED_EDGE('',*,*,#1537,.F.);
#2044=ORIENTED_EDGE('',*,*,#1538,.F.);
#2045=ORIENTED_EDGE('',*,*,#1485,.T.);
#2046=ORIENTED_EDGE('',*,*,#1538,.T.);
#2047=ORIENTED_EDGE('',*,*,#1539,.F.);
#2048=ORIENTED_EDGE('',*,*,#1522,.F.);
#2049=ORIENTED_EDGE('',*,*,#1540,.F.);
#2050=ORIENTED_EDGE('',*,*,#1541,.F.);
#2051=ORIENTED_EDGE('',*,*,#1542,.F.);
#2052=ORIENTED_EDGE('',*,*,#1543,.F.);
#2053=ORIENTED_EDGE('',*,*,#1544,.F.);
#2054=ORIENTED_EDGE('',*,*,#1545,.F.);
#2055=ORIENTED_EDGE('',*,*,#1546,.F.);
#2056=ORIENTED_EDGE('',*,*,#1547,.F.);
#2057=ORIENTED_EDGE('',*,*,#1540,.T.);
#2058=ORIENTED_EDGE('',*,*,#1548,.T.);
#2059=ORIENTED_EDGE('',*,*,#1549,.F.);
#2060=ORIENTED_EDGE('',*,*,#1550,.F.);
#2061=ORIENTED_EDGE('',*,*,#1541,.T.);
#2062=ORIENTED_EDGE('',*,*,#1550,.T.);
#2063=ORIENTED_EDGE('',*,*,#1551,.F.);
#2064=ORIENTED_EDGE('',*,*,#1552,.F.);
#2065=ORIENTED_EDGE('',*,*,#1542,.T.);
#2066=ORIENTED_EDGE('',*,*,#1552,.T.);
#2067=ORIENTED_EDGE('',*,*,#1553,.F.);
#2068=ORIENTED_EDGE('',*,*,#1554,.F.);
#2069=ORIENTED_EDGE('',*,*,#1543,.T.);
#2070=ORIENTED_EDGE('',*,*,#1554,.T.);
#2071=ORIENTED_EDGE('',*,*,#1555,.F.);
#2072=ORIENTED_EDGE('',*,*,#1556,.F.);
#2073=ORIENTED_EDGE('',*,*,#1544,.T.);
#2074=ORIENTED_EDGE('',*,*,#1556,.T.);
#2075=ORIENTED_EDGE('',*,*,#1557,.F.);
#2076=ORIENTED_EDGE('',*,*,#1558,.F.);
#2077=ORIENTED_EDGE('',*,*,#1545,.T.);
#2078=ORIENTED_EDGE('',*,*,#1558,.T.);
#2079=ORIENTED_EDGE('',*,*,#1559,.F.);
#2080=ORIENTED_EDGE('',*,*,#1560,.F.);
#2081=ORIENTED_EDGE('',*,*,#1546,.T.);
#2082=ORIENTED_EDGE('',*,*,#1560,.T.);
#2083=ORIENTED_EDGE('',*,*,#1561,.F.);
#2084=ORIENTED_EDGE('',*,*,#1562,.F.);
#2085=ORIENTED_EDGE('',*,*,#1547,.T.);
#2086=ORIENTED_EDGE('',*,*,#1562,.T.);
#2087=ORIENTED_EDGE('',*,*,#1563,.F.);
#2088=ORIENTED_EDGE('',*,*,#1548,.F.);
#2089=ORIENTED_EDGE('',*,*,#1564,.F.);
#2090=ORIENTED_EDGE('',*,*,#1565,.F.);
#2091=ORIENTED_EDGE('',*,*,#1566,.F.);
#2092=ORIENTED_EDGE('',*,*,#1567,.F.);
#2093=ORIENTED_EDGE('',*,*,#1568,.F.);
#2094=ORIENTED_EDGE('',*,*,#1569,.F.);
#2095=ORIENTED_EDGE('',*,*,#1570,.F.);
#2096=ORIENTED_EDGE('',*,*,#1571,.F.);
#2097=ORIENTED_EDGE('',*,*,#1572,.F.);
#2098=ORIENTED_EDGE('',*,*,#1573,.F.);
#2099=ORIENTED_EDGE('',*,*,#1574,.F.);
#2100=ORIENTED_EDGE('',*,*,#1575,.F.);
#2101=ORIENTED_EDGE('',*,*,#1576,.F.);
#2102=ORIENTED_EDGE('',*,*,#1577,.F.);
#2103=ORIENTED_EDGE('',*,*,#1578,.F.);
#2104=ORIENTED_EDGE('',*,*,#1579,.F.);
#2105=ORIENTED_EDGE('',*,*,#1580,.F.);
#2106=ORIENTED_EDGE('',*,*,#1581,.F.);
#2107=ORIENTED_EDGE('',*,*,#1582,.F.);
#2108=ORIENTED_EDGE('',*,*,#1583,.F.);
#2109=ORIENTED_EDGE('',*,*,#1584,.F.);
#2110=ORIENTED_EDGE('',*,*,#1585,.F.);
#2111=ORIENTED_EDGE('',*,*,#1586,.F.);
#2112=ORIENTED_EDGE('',*,*,#1587,.F.);
#2113=ORIENTED_EDGE('',*,*,#1588,.F.);
#2114=ORIENTED_EDGE('',*,*,#1589,.F.);
#2115=ORIENTED_EDGE('',*,*,#1590,.F.);
#2116=ORIENTED_EDGE('',*,*,#1591,.F.);
#2117=ORIENTED_EDGE('',*,*,#1592,.F.);
#2118=ORIENTED_EDGE('',*,*,#1593,.F.);
#2119=ORIENTED_EDGE('',*,*,#1564,.T.);
#2120=ORIENTED_EDGE('',*,*,#1594,.T.);
#2121=ORIENTED_EDGE('',*,*,#1595,.F.);
#2122=ORIENTED_EDGE('',*,*,#1596,.F.);
#2123=ORIENTED_EDGE('',*,*,#1565,.T.);
#2124=ORIENTED_EDGE('',*,*,#1596,.T.);
#2125=ORIENTED_EDGE('',*,*,#1597,.F.);
#2126=ORIENTED_EDGE('',*,*,#1598,.F.);
#2127=ORIENTED_EDGE('',*,*,#1566,.T.);
#2128=ORIENTED_EDGE('',*,*,#1598,.T.);
#2129=ORIENTED_EDGE('',*,*,#1599,.F.);
#2130=ORIENTED_EDGE('',*,*,#1600,.F.);
#2131=ORIENTED_EDGE('',*,*,#1567,.T.);
#2132=ORIENTED_EDGE('',*,*,#1600,.T.);
#2133=ORIENTED_EDGE('',*,*,#1601,.F.);
#2134=ORIENTED_EDGE('',*,*,#1602,.F.);
#2135=ORIENTED_EDGE('',*,*,#1568,.T.);
#2136=ORIENTED_EDGE('',*,*,#1602,.T.);
#2137=ORIENTED_EDGE('',*,*,#1603,.F.);
#2138=ORIENTED_EDGE('',*,*,#1604,.F.);
#2139=ORIENTED_EDGE('',*,*,#1569,.T.);
#2140=ORIENTED_EDGE('',*,*,#1604,.T.);
#2141=ORIENTED_EDGE('',*,*,#1605,.F.);
#2142=ORIENTED_EDGE('',*,*,#1606,.F.);
#2143=ORIENTED_EDGE('',*,*,#1570,.T.);
#2144=ORIENTED_EDGE('',*,*,#1606,.T.);
#2145=ORIENTED_EDGE('',*,*,#1607,.F.);
#2146=ORIENTED_EDGE('',*,*,#1608,.F.);
#2147=ORIENTED_EDGE('',*,*,#1571,.T.);
#2148=ORIENTED_EDGE('',*,*,#1608,.T.);
#2149=ORIENTED_EDGE('',*,*,#1609,.F.);
#2150=ORIENTED_EDGE('',*,*,#1610,.F.);
#2151=ORIENTED_EDGE('',*,*,#1572,.T.);
#2152=ORIENTED_EDGE('',*,*,#1610,.T.);
#2153=ORIENTED_EDGE('',*,*,#1611,.F.);
#2154=ORIENTED_EDGE('',*,*,#1612,.F.);
#2155=ORIENTED_EDGE('',*,*,#1573,.T.);
#2156=ORIENTED_EDGE('',*,*,#1612,.T.);
#2157=ORIENTED_EDGE('',*,*,#1613,.F.);
#2158=ORIENTED_EDGE('',*,*,#1614,.F.);
#2159=ORIENTED_EDGE('',*,*,#1574,.T.);
#2160=ORIENTED_EDGE('',*,*,#1614,.T.);
#2161=ORIENTED_EDGE('',*,*,#1615,.F.);
#2162=ORIENTED_EDGE('',*,*,#1616,.F.);
#2163=ORIENTED_EDGE('',*,*,#1575,.T.);
#2164=ORIENTED_EDGE('',*,*,#1616,.T.);
#2165=ORIENTED_EDGE('',*,*,#1617,.F.);
#2166=ORIENTED_EDGE('',*,*,#1618,.F.);
#2167=ORIENTED_EDGE('',*,*,#1576,.T.);
#2168=ORIENTED_EDGE('',*,*,#1618,.T.);
#2169=ORIENTED_EDGE('',*,*,#1619,.F.);
#2170=ORIENTED_EDGE('',*,*,#1620,.F.);
#2171=ORIENTED_EDGE('',*,*,#1577,.T.);
#2172=ORIENTED_EDGE('',*,*,#1620,.T.);
#2173=ORIENTED_EDGE('',*,*,#1621,.F.);
#2174=ORIENTED_EDGE('',*,*,#1622,.F.);
#2175=ORIENTED_EDGE('',*,*,#1578,.T.);
#2176=ORIENTED_EDGE('',*,*,#1622,.T.);
#2177=ORIENTED_EDGE('',*,*,#1623,.F.);
#2178=ORIENTED_EDGE('',*,*,#1624,.F.);
#2179=ORIENTED_EDGE('',*,*,#1579,.T.);
#2180=ORIENTED_EDGE('',*,*,#1624,.T.);
#2181=ORIENTED_EDGE('',*,*,#1625,.F.);
#2182=ORIENTED_EDGE('',*,*,#1626,.F.);
#2183=ORIENTED_EDGE('',*,*,#1580,.T.);
#2184=ORIENTED_EDGE('',*,*,#1626,.T.);
#2185=ORIENTED_EDGE('',*,*,#1627,.F.);
#2186=ORIENTED_EDGE('',*,*,#1628,.F.);
#2187=ORIENTED_EDGE('',*,*,#1581,.T.);
#2188=ORIENTED_EDGE('',*,*,#1628,.T.);
#2189=ORIENTED_EDGE('',*,*,#1629,.F.);
#2190=ORIENTED_EDGE('',*,*,#1630,.F.);
#2191=ORIENTED_EDGE('',*,*,#1582,.T.);
#2192=ORIENTED_EDGE('',*,*,#1630,.T.);
#2193=ORIENTED_EDGE('',*,*,#1631,.F.);
#2194=ORIENTED_EDGE('',*,*,#1632,.F.);
#2195=ORIENTED_EDGE('',*,*,#1583,.T.);
#2196=ORIENTED_EDGE('',*,*,#1632,.T.);
#2197=ORIENTED_EDGE('',*,*,#1633,.F.);
#2198=ORIENTED_EDGE('',*,*,#1634,.F.);
#2199=ORIENTED_EDGE('',*,*,#1584,.T.);
#2200=ORIENTED_EDGE('',*,*,#1634,.T.);
#2201=ORIENTED_EDGE('',*,*,#1635,.F.);
#2202=ORIENTED_EDGE('',*,*,#1636,.F.);
#2203=ORIENTED_EDGE('',*,*,#1585,.T.);
#2204=ORIENTED_EDGE('',*,*,#1636,.T.);
#2205=ORIENTED_EDGE('',*,*,#1637,.F.);
#2206=ORIENTED_EDGE('',*,*,#1638,.F.);
#2207=ORIENTED_EDGE('',*,*,#1586,.T.);
#2208=ORIENTED_EDGE('',*,*,#1638,.T.);
#2209=ORIENTED_EDGE('',*,*,#1639,.F.);
#2210=ORIENTED_EDGE('',*,*,#1640,.F.);
#2211=ORIENTED_EDGE('',*,*,#1587,.T.);
#2212=ORIENTED_EDGE('',*,*,#1640,.T.);
#2213=ORIENTED_EDGE('',*,*,#1641,.F.);
#2214=ORIENTED_EDGE('',*,*,#1642,.F.);
#2215=ORIENTED_EDGE('',*,*,#1588,.T.);
#2216=ORIENTED_EDGE('',*,*,#1642,.T.);
#2217=ORIENTED_EDGE('',*,*,#1643,.F.);
#2218=ORIENTED_EDGE('',*,*,#1644,.F.);
#2219=ORIENTED_EDGE('',*,*,#1589,.T.);
#2220=ORIENTED_EDGE('',*,*,#1644,.T.);
#2221=ORIENTED_EDGE('',*,*,#1645,.F.);
#2222=ORIENTED_EDGE('',*,*,#1646,.F.);
#2223=ORIENTED_EDGE('',*,*,#1590,.T.);
#2224=ORIENTED_EDGE('',*,*,#1646,.T.);
#2225=ORIENTED_EDGE('',*,*,#1647,.F.);
#2226=ORIENTED_EDGE('',*,*,#1648,.F.);
#2227=ORIENTED_EDGE('',*,*,#1591,.T.);
#2228=ORIENTED_EDGE('',*,*,#1648,.T.);
#2229=ORIENTED_EDGE('',*,*,#1649,.F.);
#2230=ORIENTED_EDGE('',*,*,#1650,.F.);
#2231=ORIENTED_EDGE('',*,*,#1592,.T.);
#2232=ORIENTED_EDGE('',*,*,#1650,.T.);
#2233=ORIENTED_EDGE('',*,*,#1651,.F.);
#2234=ORIENTED_EDGE('',*,*,#1652,.F.);
#2235=ORIENTED_EDGE('',*,*,#1593,.T.);
#2236=ORIENTED_EDGE('',*,*,#1652,.T.);
#2237=ORIENTED_EDGE('',*,*,#1653,.F.);
#2238=ORIENTED_EDGE('',*,*,#1594,.F.);
#2239=ORIENTED_EDGE('',*,*,#1654,.F.);
#2240=ORIENTED_EDGE('',*,*,#1655,.F.);
#2241=ORIENTED_EDGE('',*,*,#1656,.F.);
#2242=ORIENTED_EDGE('',*,*,#1657,.F.);
#2243=ORIENTED_EDGE('',*,*,#1654,.T.);
#2244=ORIENTED_EDGE('',*,*,#1658,.T.);
#2245=ORIENTED_EDGE('',*,*,#1659,.F.);
#2246=ORIENTED_EDGE('',*,*,#1660,.F.);
#2247=ORIENTED_EDGE('',*,*,#1655,.T.);
#2248=ORIENTED_EDGE('',*,*,#1660,.T.);
#2249=ORIENTED_EDGE('',*,*,#1661,.F.);
#2250=ORIENTED_EDGE('',*,*,#1662,.F.);
#2251=ORIENTED_EDGE('',*,*,#1656,.T.);
#2252=ORIENTED_EDGE('',*,*,#1662,.T.);
#2253=ORIENTED_EDGE('',*,*,#1663,.F.);
#2254=ORIENTED_EDGE('',*,*,#1664,.F.);
#2255=ORIENTED_EDGE('',*,*,#1657,.T.);
#2256=ORIENTED_EDGE('',*,*,#1664,.T.);
#2257=ORIENTED_EDGE('',*,*,#1665,.F.);
#2258=ORIENTED_EDGE('',*,*,#1658,.F.);
#2259=ORIENTED_EDGE('',*,*,#1666,.F.);
#2260=ORIENTED_EDGE('',*,*,#1667,.F.);
#2261=ORIENTED_EDGE('',*,*,#1668,.F.);
#2262=ORIENTED_EDGE('',*,*,#1669,.F.);
#2263=ORIENTED_EDGE('',*,*,#1670,.F.);
#2264=ORIENTED_EDGE('',*,*,#1671,.F.);
#2265=ORIENTED_EDGE('',*,*,#1672,.F.);
#2266=ORIENTED_EDGE('',*,*,#1673,.F.);
#2267=ORIENTED_EDGE('',*,*,#1674,.F.);
#2268=ORIENTED_EDGE('',*,*,#1675,.F.);
#2269=ORIENTED_EDGE('',*,*,#1676,.F.);
#2270=ORIENTED_EDGE('',*,*,#1666,.T.);
#2271=ORIENTED_EDGE('',*,*,#1677,.T.);
#2272=ORIENTED_EDGE('',*,*,#1678,.F.);
#2273=ORIENTED_EDGE('',*,*,#1679,.F.);
#2274=ORIENTED_EDGE('',*,*,#1667,.T.);
#2275=ORIENTED_EDGE('',*,*,#1679,.T.);
#2276=ORIENTED_EDGE('',*,*,#1680,.F.);
#2277=ORIENTED_EDGE('',*,*,#1681,.F.);
#2278=ORIENTED_EDGE('',*,*,#1668,.T.);
#2279=ORIENTED_EDGE('',*,*,#1681,.T.);
#2280=ORIENTED_EDGE('',*,*,#1682,.F.);
#2281=ORIENTED_EDGE('',*,*,#1683,.F.);
#2282=ORIENTED_EDGE('',*,*,#1669,.T.);
#2283=ORIENTED_EDGE('',*,*,#1683,.T.);
#2284=ORIENTED_EDGE('',*,*,#1684,.F.);
#2285=ORIENTED_EDGE('',*,*,#1685,.F.);
#2286=ORIENTED_EDGE('',*,*,#1670,.T.);
#2287=ORIENTED_EDGE('',*,*,#1685,.T.);
#2288=ORIENTED_EDGE('',*,*,#1686,.F.);
#2289=ORIENTED_EDGE('',*,*,#1687,.F.);
#2290=ORIENTED_EDGE('',*,*,#1671,.T.);
#2291=ORIENTED_EDGE('',*,*,#1687,.T.);
#2292=ORIENTED_EDGE('',*,*,#1688,.F.);
#2293=ORIENTED_EDGE('',*,*,#1689,.F.);
#2294=ORIENTED_EDGE('',*,*,#1672,.T.);
#2295=ORIENTED_EDGE('',*,*,#1689,.T.);
#2296=ORIENTED_EDGE('',*,*,#1690,.F.);
#2297=ORIENTED_EDGE('',*,*,#1691,.F.);
#2298=ORIENTED_EDGE('',*,*,#1673,.T.);
#2299=ORIENTED_EDGE('',*,*,#1691,.T.);
#2300=ORIENTED_EDGE('',*,*,#1692,.F.);
#2301=ORIENTED_EDGE('',*,*,#1677,.F.);
#2302=ORIENTED_EDGE('',*,*,#1674,.T.);
#2303=ORIENTED_EDGE('',*,*,#1693,.T.);
#2304=ORIENTED_EDGE('',*,*,#1694,.F.);
#2305=ORIENTED_EDGE('',*,*,#1695,.F.);
#2306=ORIENTED_EDGE('',*,*,#1675,.T.);
#2307=ORIENTED_EDGE('',*,*,#1695,.T.);
#2308=ORIENTED_EDGE('',*,*,#1696,.F.);
#2309=ORIENTED_EDGE('',*,*,#1697,.F.);
#2310=ORIENTED_EDGE('',*,*,#1676,.T.);
#2311=ORIENTED_EDGE('',*,*,#1697,.T.);
#2312=ORIENTED_EDGE('',*,*,#1698,.F.);
#2313=ORIENTED_EDGE('',*,*,#1693,.F.);
#2314=ORIENTED_EDGE('',*,*,#1699,.F.);
#2315=ORIENTED_EDGE('',*,*,#1700,.F.);
#2316=ORIENTED_EDGE('',*,*,#1701,.F.);
#2317=ORIENTED_EDGE('',*,*,#1702,.F.);
#2318=ORIENTED_EDGE('',*,*,#1703,.F.);
#2319=ORIENTED_EDGE('',*,*,#1704,.F.);
#2320=ORIENTED_EDGE('',*,*,#1705,.F.);
#2321=ORIENTED_EDGE('',*,*,#1706,.F.);
#2322=ORIENTED_EDGE('',*,*,#1707,.F.);
#2323=ORIENTED_EDGE('',*,*,#1708,.F.);
#2324=ORIENTED_EDGE('',*,*,#1709,.F.);
#2325=ORIENTED_EDGE('',*,*,#1699,.T.);
#2326=ORIENTED_EDGE('',*,*,#1710,.T.);
#2327=ORIENTED_EDGE('',*,*,#1711,.F.);
#2328=ORIENTED_EDGE('',*,*,#1712,.F.);
#2329=ORIENTED_EDGE('',*,*,#1700,.T.);
#2330=ORIENTED_EDGE('',*,*,#1712,.T.);
#2331=ORIENTED_EDGE('',*,*,#1713,.F.);
#2332=ORIENTED_EDGE('',*,*,#1714,.F.);
#2333=ORIENTED_EDGE('',*,*,#1701,.T.);
#2334=ORIENTED_EDGE('',*,*,#1714,.T.);
#2335=ORIENTED_EDGE('',*,*,#1715,.F.);
#2336=ORIENTED_EDGE('',*,*,#1716,.F.);
#2337=ORIENTED_EDGE('',*,*,#1702,.T.);
#2338=ORIENTED_EDGE('',*,*,#1716,.T.);
#2339=ORIENTED_EDGE('',*,*,#1717,.F.);
#2340=ORIENTED_EDGE('',*,*,#1718,.F.);
#2341=ORIENTED_EDGE('',*,*,#1703,.T.);
#2342=ORIENTED_EDGE('',*,*,#1718,.T.);
#2343=ORIENTED_EDGE('',*,*,#1719,.F.);
#2344=ORIENTED_EDGE('',*,*,#1720,.F.);
#2345=ORIENTED_EDGE('',*,*,#1704,.T.);
#2346=ORIENTED_EDGE('',*,*,#1720,.T.);
#2347=ORIENTED_EDGE('',*,*,#1721,.F.);
#2348=ORIENTED_EDGE('',*,*,#1722,.F.);
#2349=ORIENTED_EDGE('',*,*,#1705,.T.);
#2350=ORIENTED_EDGE('',*,*,#1722,.T.);
#2351=ORIENTED_EDGE('',*,*,#1723,.F.);
#2352=ORIENTED_EDGE('',*,*,#1724,.F.);
#2353=ORIENTED_EDGE('',*,*,#1706,.T.);
#2354=ORIENTED_EDGE('',*,*,#1724,.T.);
#2355=ORIENTED_EDGE('',*,*,#1725,.F.);
#2356=ORIENTED_EDGE('',*,*,#1710,.F.);
#2357=ORIENTED_EDGE('',*,*,#1707,.T.);
#2358=ORIENTED_EDGE('',*,*,#1726,.T.);
#2359=ORIENTED_EDGE('',*,*,#1727,.F.);
#2360=ORIENTED_EDGE('',*,*,#1728,.F.);
#2361=ORIENTED_EDGE('',*,*,#1708,.T.);
#2362=ORIENTED_EDGE('',*,*,#1728,.T.);
#2363=ORIENTED_EDGE('',*,*,#1729,.F.);
#2364=ORIENTED_EDGE('',*,*,#1730,.F.);
#2365=ORIENTED_EDGE('',*,*,#1709,.T.);
#2366=ORIENTED_EDGE('',*,*,#1730,.T.);
#2367=ORIENTED_EDGE('',*,*,#1731,.F.);
#2368=ORIENTED_EDGE('',*,*,#1726,.F.);
#2369=ORIENTED_EDGE('',*,*,#1727,.T.);
#2370=ORIENTED_EDGE('',*,*,#1731,.T.);
#2371=ORIENTED_EDGE('',*,*,#1729,.T.);
#2372=ORIENTED_EDGE('',*,*,#1694,.T.);
#2373=ORIENTED_EDGE('',*,*,#1698,.T.);
#2374=ORIENTED_EDGE('',*,*,#1696,.T.);
#2375=ORIENTED_EDGE('',*,*,#1523,.T.);
#2376=ORIENTED_EDGE('',*,*,#1539,.T.);
#2377=ORIENTED_EDGE('',*,*,#1537,.T.);
#2378=ORIENTED_EDGE('',*,*,#1535,.T.);
#2379=ORIENTED_EDGE('',*,*,#1533,.T.);
#2380=ORIENTED_EDGE('',*,*,#1531,.T.);
#2381=ORIENTED_EDGE('',*,*,#1529,.T.);
#2382=ORIENTED_EDGE('',*,*,#1527,.T.);
#2383=ORIENTED_EDGE('',*,*,#1525,.T.);
#2384=ORIENTED_EDGE('',*,*,#1438,.T.);
#2385=ORIENTED_EDGE('',*,*,#1458,.T.);
#2386=ORIENTED_EDGE('',*,*,#1456,.T.);
#2387=ORIENTED_EDGE('',*,*,#1454,.T.);
#2388=ORIENTED_EDGE('',*,*,#1452,.T.);
#2389=ORIENTED_EDGE('',*,*,#1450,.T.);
#2390=ORIENTED_EDGE('',*,*,#1448,.T.);
#2391=ORIENTED_EDGE('',*,*,#1446,.T.);
#2392=ORIENTED_EDGE('',*,*,#1444,.T.);
#2393=ORIENTED_EDGE('',*,*,#1442,.T.);
#2394=ORIENTED_EDGE('',*,*,#1440,.T.);
#2395=ORIENTED_EDGE('',*,*,#1732,.T.);
#2396=ORIENTED_EDGE('',*,*,#1733,.T.);
#2397=ORIENTED_EDGE('',*,*,#1734,.T.);
#2398=ORIENTED_EDGE('',*,*,#1735,.F.);
#2399=ORIENTED_EDGE('',*,*,#1736,.F.);
#2400=ORIENTED_EDGE('',*,*,#1737,.F.);
#2401=ORIENTED_EDGE('',*,*,#1738,.T.);
#2402=ORIENTED_EDGE('',*,*,#1739,.F.);
#2403=ORIENTED_EDGE('',*,*,#1740,.T.);
#2404=ORIENTED_EDGE('',*,*,#1741,.F.);
#2405=ORIENTED_EDGE('',*,*,#1742,.T.);
#2406=ORIENTED_EDGE('',*,*,#1743,.F.);
#2407=ORIENTED_EDGE('',*,*,#1744,.F.);
#2408=ORIENTED_EDGE('',*,*,#1734,.F.);
#2409=ORIENTED_EDGE('',*,*,#1745,.T.);
#2410=ORIENTED_EDGE('',*,*,#1740,.F.);
#2411=ORIENTED_EDGE('',*,*,#1746,.F.);
#2412=ORIENTED_EDGE('',*,*,#1747,.F.);
#2413=ORIENTED_EDGE('',*,*,#1748,.T.);
#2414=ORIENTED_EDGE('',*,*,#1732,.F.);
#2415=ORIENTED_EDGE('',*,*,#1746,.T.);
#2416=ORIENTED_EDGE('',*,*,#1739,.T.);
#2417=ORIENTED_EDGE('',*,*,#1749,.T.);
#2418=ORIENTED_EDGE('',*,*,#1750,.T.);
#2419=ORIENTED_EDGE('',*,*,#1751,.T.);
#2420=ORIENTED_EDGE('',*,*,#1752,.T.);
#2421=ORIENTED_EDGE('',*,*,#1753,.T.);
#2422=ORIENTED_EDGE('',*,*,#1754,.T.);
#2423=ORIENTED_EDGE('',*,*,#1755,.T.);
#2424=ORIENTED_EDGE('',*,*,#1735,.T.);
#2425=ORIENTED_EDGE('',*,*,#1744,.T.);
#2426=ORIENTED_EDGE('',*,*,#1743,.T.);
#2427=ORIENTED_EDGE('',*,*,#1756,.T.);
#2428=ORIENTED_EDGE('',*,*,#1757,.T.);
#2429=ORIENTED_EDGE('',*,*,#1758,.T.);
#2430=ORIENTED_EDGE('',*,*,#1759,.T.);
#2431=ORIENTED_EDGE('',*,*,#1760,.T.);
#2432=ORIENTED_EDGE('',*,*,#1761,.T.);
#2433=ORIENTED_EDGE('',*,*,#1762,.T.);
#2434=ORIENTED_EDGE('',*,*,#1763,.T.);
#2435=ORIENTED_EDGE('',*,*,#1764,.F.);
#2436=ORIENTED_EDGE('',*,*,#1765,.T.);
#2437=ORIENTED_EDGE('',*,*,#1756,.F.);
#2438=ORIENTED_EDGE('',*,*,#1742,.F.);
#2439=ORIENTED_EDGE('',*,*,#1766,.F.);
#2440=ORIENTED_EDGE('',*,*,#1767,.T.);
#2441=ORIENTED_EDGE('',*,*,#1757,.F.);
#2442=ORIENTED_EDGE('',*,*,#1765,.F.);
#2443=ORIENTED_EDGE('',*,*,#1768,.T.);
#2444=ORIENTED_EDGE('',*,*,#1769,.T.);
#2445=ORIENTED_EDGE('',*,*,#1770,.T.);
#2446=ORIENTED_EDGE('',*,*,#1769,.F.);
#2447=ORIENTED_EDGE('',*,*,#1771,.T.);
#2448=ORIENTED_EDGE('',*,*,#1772,.T.);
#2449=ORIENTED_EDGE('',*,*,#1773,.T.);
#2450=ORIENTED_EDGE('',*,*,#1772,.F.);
#2451=ORIENTED_EDGE('',*,*,#1774,.T.);
#2452=ORIENTED_EDGE('',*,*,#1775,.T.);
#2453=ORIENTED_EDGE('',*,*,#1776,.T.);
#2454=ORIENTED_EDGE('',*,*,#1775,.F.);
#2455=ORIENTED_EDGE('',*,*,#1777,.T.);
#2456=ORIENTED_EDGE('',*,*,#1778,.T.);
#2457=ORIENTED_EDGE('',*,*,#1779,.T.);
#2458=ORIENTED_EDGE('',*,*,#1778,.F.);
#2459=ORIENTED_EDGE('',*,*,#1747,.T.);
#2460=ORIENTED_EDGE('',*,*,#1759,.F.);
#2461=ORIENTED_EDGE('',*,*,#1780,.F.);
#2462=ORIENTED_EDGE('',*,*,#1781,.F.);
#2463=ORIENTED_EDGE('',*,*,#1782,.F.);
#2464=ORIENTED_EDGE('',*,*,#1780,.T.);
#2465=ORIENTED_EDGE('',*,*,#1758,.F.);
#2466=ORIENTED_EDGE('',*,*,#1767,.F.);
#2467=ORIENTED_EDGE('',*,*,#1783,.T.);
#2468=ORIENTED_EDGE('',*,*,#1736,.T.);
#2469=ORIENTED_EDGE('',*,*,#1755,.F.);
#2470=ORIENTED_EDGE('',*,*,#1784,.F.);
#2471=ORIENTED_EDGE('',*,*,#1785,.F.);
#2472=ORIENTED_EDGE('',*,*,#1784,.T.);
#2473=ORIENTED_EDGE('',*,*,#1754,.F.);
#2474=ORIENTED_EDGE('',*,*,#1786,.F.);
#2475=ORIENTED_EDGE('',*,*,#1787,.T.);
#2476=ORIENTED_EDGE('',*,*,#1786,.T.);
#2477=ORIENTED_EDGE('',*,*,#1753,.F.);
#2478=ORIENTED_EDGE('',*,*,#1788,.F.);
#2479=ORIENTED_EDGE('',*,*,#1789,.T.);
#2480=ORIENTED_EDGE('',*,*,#1788,.T.);
#2481=ORIENTED_EDGE('',*,*,#1752,.F.);
#2482=ORIENTED_EDGE('',*,*,#1790,.F.);
#2483=ORIENTED_EDGE('',*,*,#1791,.T.);
#2484=ORIENTED_EDGE('',*,*,#1790,.T.);
#2485=ORIENTED_EDGE('',*,*,#1751,.F.);
#2486=ORIENTED_EDGE('',*,*,#1792,.F.);
#2487=ORIENTED_EDGE('',*,*,#1793,.F.);
#2488=ORIENTED_EDGE('',*,*,#1792,.T.);
#2489=ORIENTED_EDGE('',*,*,#1750,.F.);
#2490=ORIENTED_EDGE('',*,*,#1794,.F.);
#2491=ORIENTED_EDGE('',*,*,#1795,.T.);
#2492=ORIENTED_EDGE('',*,*,#1794,.T.);
#2493=ORIENTED_EDGE('',*,*,#1749,.F.);
#2494=ORIENTED_EDGE('',*,*,#1738,.F.);
#2495=ORIENTED_EDGE('',*,*,#1766,.T.);
#2496=ORIENTED_EDGE('',*,*,#1764,.T.);
#2497=ORIENTED_EDGE('',*,*,#1741,.T.);
#2498=ORIENTED_EDGE('',*,*,#1745,.F.);
#2499=ORIENTED_EDGE('',*,*,#1733,.F.);
#2500=ORIENTED_EDGE('',*,*,#1748,.F.);
#2501=ORIENTED_EDGE('',*,*,#1781,.T.);
#2502=ORIENTED_EDGE('',*,*,#1782,.T.);
#2503=ORIENTED_EDGE('',*,*,#1795,.F.);
#2504=ORIENTED_EDGE('',*,*,#1737,.T.);
#2505=ORIENTED_EDGE('',*,*,#1783,.F.);
#2506=ORIENTED_EDGE('',*,*,#1785,.T.);
#2507=ORIENTED_EDGE('',*,*,#1787,.F.);
#2508=ORIENTED_EDGE('',*,*,#1789,.F.);
#2509=ORIENTED_EDGE('',*,*,#1791,.F.);
#2510=ORIENTED_EDGE('',*,*,#1793,.T.);
#2511=ORIENTED_EDGE('',*,*,#1771,.F.);
#2512=ORIENTED_EDGE('',*,*,#1768,.F.);
#2513=ORIENTED_EDGE('',*,*,#1777,.F.);
#2514=ORIENTED_EDGE('',*,*,#1774,.F.);
#2515=ORIENTED_EDGE('',*,*,#1711,.T.);
#2516=ORIENTED_EDGE('',*,*,#1725,.T.);
#2517=ORIENTED_EDGE('',*,*,#1723,.T.);
#2518=ORIENTED_EDGE('',*,*,#1721,.T.);
#2519=ORIENTED_EDGE('',*,*,#1719,.T.);
#2520=ORIENTED_EDGE('',*,*,#1717,.T.);
#2521=ORIENTED_EDGE('',*,*,#1715,.T.);
#2522=ORIENTED_EDGE('',*,*,#1713,.T.);
#2523=ORIENTED_EDGE('',*,*,#1678,.T.);
#2524=ORIENTED_EDGE('',*,*,#1692,.T.);
#2525=ORIENTED_EDGE('',*,*,#1690,.T.);
#2526=ORIENTED_EDGE('',*,*,#1688,.T.);
#2527=ORIENTED_EDGE('',*,*,#1686,.T.);
#2528=ORIENTED_EDGE('',*,*,#1684,.T.);
#2529=ORIENTED_EDGE('',*,*,#1682,.T.);
#2530=ORIENTED_EDGE('',*,*,#1680,.T.);
#2531=ORIENTED_EDGE('',*,*,#1659,.T.);
#2532=ORIENTED_EDGE('',*,*,#1665,.T.);
#2533=ORIENTED_EDGE('',*,*,#1663,.T.);
#2534=ORIENTED_EDGE('',*,*,#1661,.T.);
#2535=ORIENTED_EDGE('',*,*,#1595,.T.);
#2536=ORIENTED_EDGE('',*,*,#1653,.T.);
#2537=ORIENTED_EDGE('',*,*,#1651,.T.);
#2538=ORIENTED_EDGE('',*,*,#1649,.T.);
#2539=ORIENTED_EDGE('',*,*,#1647,.T.);
#2540=ORIENTED_EDGE('',*,*,#1645,.T.);
#2541=ORIENTED_EDGE('',*,*,#1643,.T.);
#2542=ORIENTED_EDGE('',*,*,#1641,.T.);
#2543=ORIENTED_EDGE('',*,*,#1639,.T.);
#2544=ORIENTED_EDGE('',*,*,#1637,.T.);
#2545=ORIENTED_EDGE('',*,*,#1635,.T.);
#2546=ORIENTED_EDGE('',*,*,#1633,.T.);
#2547=ORIENTED_EDGE('',*,*,#1631,.T.);
#2548=ORIENTED_EDGE('',*,*,#1629,.T.);
#2549=ORIENTED_EDGE('',*,*,#1627,.T.);
#2550=ORIENTED_EDGE('',*,*,#1625,.T.);
#2551=ORIENTED_EDGE('',*,*,#1623,.T.);
#2552=ORIENTED_EDGE('',*,*,#1621,.T.);
#2553=ORIENTED_EDGE('',*,*,#1619,.T.);
#2554=ORIENTED_EDGE('',*,*,#1617,.T.);
#2555=ORIENTED_EDGE('',*,*,#1615,.T.);
#2556=ORIENTED_EDGE('',*,*,#1613,.T.);
#2557=ORIENTED_EDGE('',*,*,#1611,.T.);
#2558=ORIENTED_EDGE('',*,*,#1609,.T.);
#2559=ORIENTED_EDGE('',*,*,#1607,.T.);
#2560=ORIENTED_EDGE('',*,*,#1605,.T.);
#2561=ORIENTED_EDGE('',*,*,#1603,.T.);
#2562=ORIENTED_EDGE('',*,*,#1601,.T.);
#2563=ORIENTED_EDGE('',*,*,#1599,.T.);
#2564=ORIENTED_EDGE('',*,*,#1597,.T.);
#2565=ORIENTED_EDGE('',*,*,#1549,.T.);
#2566=ORIENTED_EDGE('',*,*,#1563,.T.);
#2567=ORIENTED_EDGE('',*,*,#1561,.T.);
#2568=ORIENTED_EDGE('',*,*,#1559,.T.);
#2569=ORIENTED_EDGE('',*,*,#1557,.T.);
#2570=ORIENTED_EDGE('',*,*,#1555,.T.);
#2571=ORIENTED_EDGE('',*,*,#1553,.T.);
#2572=ORIENTED_EDGE('',*,*,#1551,.T.);
#2573=ORIENTED_EDGE('',*,*,#1487,.T.);
#2574=ORIENTED_EDGE('',*,*,#1521,.T.);
#2575=ORIENTED_EDGE('',*,*,#1519,.T.);
#2576=ORIENTED_EDGE('',*,*,#1517,.T.);
#2577=ORIENTED_EDGE('',*,*,#1515,.T.);
#2578=ORIENTED_EDGE('',*,*,#1513,.T.);
#2579=ORIENTED_EDGE('',*,*,#1511,.T.);
#2580=ORIENTED_EDGE('',*,*,#1509,.T.);
#2581=ORIENTED_EDGE('',*,*,#1507,.T.);
#2582=ORIENTED_EDGE('',*,*,#1505,.T.);
#2583=ORIENTED_EDGE('',*,*,#1503,.T.);
#2584=ORIENTED_EDGE('',*,*,#1501,.T.);
#2585=ORIENTED_EDGE('',*,*,#1499,.T.);
#2586=ORIENTED_EDGE('',*,*,#1497,.T.);
#2587=ORIENTED_EDGE('',*,*,#1495,.T.);
#2588=ORIENTED_EDGE('',*,*,#1493,.T.);
#2589=ORIENTED_EDGE('',*,*,#1491,.T.);
#2590=ORIENTED_EDGE('',*,*,#1489,.T.);
#2591=ORIENTED_EDGE('',*,*,#1416,.T.);
#2592=ORIENTED_EDGE('',*,*,#1436,.T.);
#2593=ORIENTED_EDGE('',*,*,#1434,.T.);
#2594=ORIENTED_EDGE('',*,*,#1432,.T.);
#2595=ORIENTED_EDGE('',*,*,#1430,.T.);
#2596=ORIENTED_EDGE('',*,*,#1428,.T.);
#2597=ORIENTED_EDGE('',*,*,#1426,.T.);
#2598=ORIENTED_EDGE('',*,*,#1424,.T.);
#2599=ORIENTED_EDGE('',*,*,#1422,.T.);
#2600=ORIENTED_EDGE('',*,*,#1420,.T.);
#2601=ORIENTED_EDGE('',*,*,#1418,.T.);
#2602=ORIENTED_EDGE('',*,*,#1796,.T.);
#2603=ORIENTED_EDGE('',*,*,#1797,.T.);
#2604=ORIENTED_EDGE('',*,*,#1762,.F.);
#2605=ORIENTED_EDGE('',*,*,#1797,.F.);
#2606=ORIENTED_EDGE('',*,*,#1779,.F.);
#2607=ORIENTED_EDGE('',*,*,#1796,.F.);
#2608=ORIENTED_EDGE('',*,*,#1798,.T.);
#2609=ORIENTED_EDGE('',*,*,#1799,.T.);
#2610=ORIENTED_EDGE('',*,*,#1761,.F.);
#2611=ORIENTED_EDGE('',*,*,#1799,.F.);
#2612=ORIENTED_EDGE('',*,*,#1776,.F.);
#2613=ORIENTED_EDGE('',*,*,#1798,.F.);
#2614=ORIENTED_EDGE('',*,*,#1800,.T.);
#2615=ORIENTED_EDGE('',*,*,#1801,.T.);
#2616=ORIENTED_EDGE('',*,*,#1763,.F.);
#2617=ORIENTED_EDGE('',*,*,#1801,.F.);
#2618=ORIENTED_EDGE('',*,*,#1773,.F.);
#2619=ORIENTED_EDGE('',*,*,#1800,.F.);
#2620=ORIENTED_EDGE('',*,*,#1802,.T.);
#2621=ORIENTED_EDGE('',*,*,#1803,.T.);
#2622=ORIENTED_EDGE('',*,*,#1760,.F.);
#2623=ORIENTED_EDGE('',*,*,#1803,.F.);
#2624=ORIENTED_EDGE('',*,*,#1770,.F.);
#2625=ORIENTED_EDGE('',*,*,#1802,.F.);
#2626=PLANE('',#2876);
#2627=PLANE('',#2877);
#2628=PLANE('',#2878);
#2629=PLANE('',#2879);
#2630=PLANE('',#2880);
#2631=PLANE('',#2881);
#2632=PLANE('',#2882);
#2633=PLANE('',#2883);
#2634=PLANE('',#2884);
#2635=PLANE('',#2885);
#2636=PLANE('',#2886);
#2637=PLANE('',#2887);
#2638=PLANE('',#2888);
#2639=PLANE('',#2889);
#2640=PLANE('',#2890);
#2641=PLANE('',#2891);
#2642=PLANE('',#2892);
#2643=PLANE('',#2893);
#2644=PLANE('',#2894);
#2645=PLANE('',#2895);
#2646=PLANE('',#2896);
#2647=PLANE('',#2897);
#2648=PLANE('',#2898);
#2649=PLANE('',#2899);
#2650=PLANE('',#2900);
#2651=PLANE('',#2901);
#2652=PLANE('',#2902);
#2653=PLANE('',#2903);
#2654=PLANE('',#2904);
#2655=PLANE('',#2905);
#2656=PLANE('',#2906);
#2657=PLANE('',#2907);
#2658=PLANE('',#2908);
#2659=PLANE('',#2909);
#2660=PLANE('',#2910);
#2661=PLANE('',#2911);
#2662=PLANE('',#2912);
#2663=PLANE('',#2913);
#2664=PLANE('',#2914);
#2665=PLANE('',#2915);
#2666=PLANE('',#2916);
#2667=PLANE('',#2917);
#2668=PLANE('',#2918);
#2669=PLANE('',#2919);
#2670=PLANE('',#2920);
#2671=PLANE('',#2921);
#2672=PLANE('',#2922);
#2673=PLANE('',#2923);
#2674=PLANE('',#2924);
#2675=PLANE('',#2925);
#2676=PLANE('',#2926);
#2677=PLANE('',#2927);
#2678=PLANE('',#2928);
#2679=PLANE('',#2929);
#2680=PLANE('',#2930);
#2681=PLANE('',#2931);
#2682=PLANE('',#2932);
#2683=PLANE('',#2933);
#2684=PLANE('',#2934);
#2685=PLANE('',#2935);
#2686=PLANE('',#2936);
#2687=PLANE('',#2937);
#2688=PLANE('',#2938);
#2689=PLANE('',#2939);
#2690=PLANE('',#2940);
#2691=PLANE('',#2941);
#2692=PLANE('',#2942);
#2693=PLANE('',#2943);
#2694=PLANE('',#2944);
#2695=PLANE('',#2953);
#2696=PLANE('',#2954);
#2697=PLANE('',#2967);
#2698=PLANE('',#2968);
#2699=PLANE('',#2971);
#2700=PLANE('',#2974);
#2701=PLANE('',#2977);
#2702=PLANE('',#2980);
#2703=PLANE('',#2981);
#2704=PLANE('',#2984);
#2705=PLANE('',#2987);
#2706=PLANE('',#2990);
#2707=PLANE('',#2993);
#2708=ADVANCED_FACE('',(#134,#111),#2626,.F.);
#2709=ADVANCED_FACE('',(#135),#2627,.T.);
#2710=ADVANCED_FACE('',(#136),#51,.T.);
#2711=ADVANCED_FACE('',(#137),#52,.T.);
#2712=ADVANCED_FACE('',(#138),#53,.T.);
#2713=ADVANCED_FACE('',(#139),#54,.T.);
#2714=ADVANCED_FACE('',(#140),#55,.T.);
#2715=ADVANCED_FACE('',(#141),#56,.T.);
#2716=ADVANCED_FACE('',(#142),#57,.T.);
#2717=ADVANCED_FACE('',(#143),#58,.T.);
#2718=ADVANCED_FACE('',(#144),#2628,.T.);
#2719=ADVANCED_FACE('',(#145),#2629,.T.);
#2720=ADVANCED_FACE('',(#146),#59,.T.);
#2721=ADVANCED_FACE('',(#147),#60,.T.);
#2722=ADVANCED_FACE('',(#148),#61,.T.);
#2723=ADVANCED_FACE('',(#149),#62,.T.);
#2724=ADVANCED_FACE('',(#150),#63,.T.);
#2725=ADVANCED_FACE('',(#151),#64,.T.);
#2726=ADVANCED_FACE('',(#152),#65,.T.);
#2727=ADVANCED_FACE('',(#153),#66,.T.);
#2728=ADVANCED_FACE('',(#154),#2630,.T.);
#2729=ADVANCED_FACE('',(#155),#2631,.T.);
#2730=ADVANCED_FACE('',(#156),#2632,.T.);
#2731=ADVANCED_FACE('',(#157,#112),#2633,.F.);
#2732=ADVANCED_FACE('',(#158),#2634,.T.);
#2733=ADVANCED_FACE('',(#159),#2635,.T.);
#2734=ADVANCED_FACE('',(#160),#67,.T.);
#2735=ADVANCED_FACE('',(#161),#68,.T.);
#2736=ADVANCED_FACE('',(#162),#69,.T.);
#2737=ADVANCED_FACE('',(#163),#2636,.T.);
#2738=ADVANCED_FACE('',(#164),#2637,.T.);
#2739=ADVANCED_FACE('',(#165),#2638,.T.);
#2740=ADVANCED_FACE('',(#166),#70,.T.);
#2741=ADVANCED_FACE('',(#167),#71,.T.);
#2742=ADVANCED_FACE('',(#168),#72,.T.);
#2743=ADVANCED_FACE('',(#169),#73,.T.);
#2744=ADVANCED_FACE('',(#170),#74,.T.);
#2745=ADVANCED_FACE('',(#171),#75,.T.);
#2746=ADVANCED_FACE('',(#172),#76,.T.);
#2747=ADVANCED_FACE('',(#173),#2639,.T.);
#2748=ADVANCED_FACE('',(#174),#2640,.T.);
#2749=ADVANCED_FACE('',(#175),#2641,.T.);
#2750=ADVANCED_FACE('',(#176),#2642,.T.);
#2751=ADVANCED_FACE('',(#177),#77,.T.);
#2752=ADVANCED_FACE('',(#178),#78,.T.);
#2753=ADVANCED_FACE('',(#179),#79,.T.);
#2754=ADVANCED_FACE('',(#180),#80,.T.);
#2755=ADVANCED_FACE('',(#181),#81,.T.);
#2756=ADVANCED_FACE('',(#182),#82,.T.);
#2757=ADVANCED_FACE('',(#183),#2643,.T.);
#2758=ADVANCED_FACE('',(#184),#2644,.T.);
#2759=ADVANCED_FACE('',(#185),#2645,.F.);
#2760=ADVANCED_FACE('',(#186),#2646,.T.);
#2761=ADVANCED_FACE('',(#187),#2647,.T.);
#2762=ADVANCED_FACE('',(#188),#2648,.T.);
#2763=ADVANCED_FACE('',(#189),#2649,.T.);
#2764=ADVANCED_FACE('',(#190),#2650,.T.);
#2765=ADVANCED_FACE('',(#191),#2651,.T.);
#2766=ADVANCED_FACE('',(#192),#2652,.T.);
#2767=ADVANCED_FACE('',(#193),#2653,.T.);
#2768=ADVANCED_FACE('',(#194),#2654,.F.);
#2769=ADVANCED_FACE('',(#195),#83,.T.);
#2770=ADVANCED_FACE('',(#196),#84,.T.);
#2771=ADVANCED_FACE('',(#197),#85,.T.);
#2772=ADVANCED_FACE('',(#198),#86,.T.);
#2773=ADVANCED_FACE('',(#199),#87,.T.);
#2774=ADVANCED_FACE('',(#200),#88,.T.);
#2775=ADVANCED_FACE('',(#201),#89,.T.);
#2776=ADVANCED_FACE('',(#202),#90,.T.);
#2777=ADVANCED_FACE('',(#203),#91,.T.);
#2778=ADVANCED_FACE('',(#204),#92,.T.);
#2779=ADVANCED_FACE('',(#205),#93,.T.);
#2780=ADVANCED_FACE('',(#206),#94,.T.);
#2781=ADVANCED_FACE('',(#207),#95,.T.);
#2782=ADVANCED_FACE('',(#208),#2655,.T.);
#2783=ADVANCED_FACE('',(#209),#96,.T.);
#2784=ADVANCED_FACE('',(#210),#97,.T.);
#2785=ADVANCED_FACE('',(#211),#98,.T.);
#2786=ADVANCED_FACE('',(#212),#99,.T.);
#2787=ADVANCED_FACE('',(#213),#100,.T.);
#2788=ADVANCED_FACE('',(#214),#101,.T.);
#2789=ADVANCED_FACE('',(#215),#102,.T.);
#2790=ADVANCED_FACE('',(#216),#103,.T.);
#2791=ADVANCED_FACE('',(#217),#104,.T.);
#2792=ADVANCED_FACE('',(#218),#105,.T.);
#2793=ADVANCED_FACE('',(#219),#106,.T.);
#2794=ADVANCED_FACE('',(#220),#107,.T.);
#2795=ADVANCED_FACE('',(#221),#108,.T.);
#2796=ADVANCED_FACE('',(#222),#109,.T.);
#2797=ADVANCED_FACE('',(#223),#2656,.T.);
#2798=ADVANCED_FACE('',(#224),#110,.T.);
#2799=ADVANCED_FACE('',(#225),#2657,.F.);
#2800=ADVANCED_FACE('',(#226),#2658,.T.);
#2801=ADVANCED_FACE('',(#227),#2659,.T.);
#2802=ADVANCED_FACE('',(#228),#2660,.T.);
#2803=ADVANCED_FACE('',(#229),#2661,.T.);
#2804=ADVANCED_FACE('',(#230,#113),#2662,.F.);
#2805=ADVANCED_FACE('',(#231),#2663,.T.);
#2806=ADVANCED_FACE('',(#232),#2664,.T.);
#2807=ADVANCED_FACE('',(#233),#2665,.T.);
#2808=ADVANCED_FACE('',(#234),#2666,.T.);
#2809=ADVANCED_FACE('',(#235),#2667,.T.);
#2810=ADVANCED_FACE('',(#236),#2668,.T.);
#2811=ADVANCED_FACE('',(#237),#2669,.T.);
#2812=ADVANCED_FACE('',(#238),#2670,.T.);
#2813=ADVANCED_FACE('',(#239),#2671,.T.);
#2814=ADVANCED_FACE('',(#240),#2672,.T.);
#2815=ADVANCED_FACE('',(#241),#2673,.T.);
#2816=ADVANCED_FACE('',(#242,#114),#2674,.F.);
#2817=ADVANCED_FACE('',(#243),#2675,.T.);
#2818=ADVANCED_FACE('',(#244),#2676,.T.);
#2819=ADVANCED_FACE('',(#245),#2677,.T.);
#2820=ADVANCED_FACE('',(#246),#2678,.T.);
#2821=ADVANCED_FACE('',(#247),#2679,.T.);
#2822=ADVANCED_FACE('',(#248),#2680,.T.);
#2823=ADVANCED_FACE('',(#249),#2681,.T.);
#2824=ADVANCED_FACE('',(#250),#2682,.T.);
#2825=ADVANCED_FACE('',(#251),#2683,.T.);
#2826=ADVANCED_FACE('',(#252),#2684,.T.);
#2827=ADVANCED_FACE('',(#253),#2685,.T.);
#2828=ADVANCED_FACE('',(#254),#2686,.F.);
#2829=ADVANCED_FACE('',(#255),#2687,.F.);
#2830=ADVANCED_FACE('',(#256),#2688,.F.);
#2831=ADVANCED_FACE('',(#257),#2689,.F.);
#2832=ADVANCED_FACE('',(#258),#2690,.T.);
#2833=ADVANCED_FACE('',(#259),#2691,.T.);
#2834=ADVANCED_FACE('',(#260),#2692,.F.);
#2835=ADVANCED_FACE('',(#261),#2693,.F.);
#2836=ADVANCED_FACE('',(#262,#115,#116,#117,#118),#2694,.T.);
#2837=ADVANCED_FACE('',(#263),#2695,.T.);
#2838=ADVANCED_FACE('',(#264),#2696,.T.);
#2839=ADVANCED_FACE('',(#265),#15,.F.);
#2840=ADVANCED_FACE('',(#266),#16,.F.);
#2841=ADVANCED_FACE('',(#267),#17,.F.);
#2842=ADVANCED_FACE('',(#268),#18,.F.);
#2843=ADVANCED_FACE('',(#269),#2697,.T.);
#2844=ADVANCED_FACE('',(#270),#2698,.T.);
#2845=ADVANCED_FACE('',(#271),#19,.T.);
#2846=ADVANCED_FACE('',(#272),#2699,.T.);
#2847=ADVANCED_FACE('',(#273),#20,.T.);
#2848=ADVANCED_FACE('',(#274),#2700,.T.);
#2849=ADVANCED_FACE('',(#275),#21,.T.);
#2850=ADVANCED_FACE('',(#276),#2701,.T.);
#2851=ADVANCED_FACE('',(#277),#22,.T.);
#2852=ADVANCED_FACE('',(#278),#2702,.T.);
#2853=ADVANCED_FACE('',(#279,#119,#120,#121,#122,#123,#124,#125,#126,#127,
#128,#129),#2703,.F.);
#2854=ADVANCED_FACE('',(#280),#23,.F.);
#2855=ADVANCED_FACE('',(#281,#130),#2704,.F.);
#2856=ADVANCED_FACE('',(#282),#24,.F.);
#2857=ADVANCED_FACE('',(#283,#131),#2705,.F.);
#2858=ADVANCED_FACE('',(#284),#25,.F.);
#2859=ADVANCED_FACE('',(#285,#132),#2706,.F.);
#2860=ADVANCED_FACE('',(#286),#26,.F.);
#2861=ADVANCED_FACE('',(#287,#133),#2707,.F.);
#2862=CLOSED_SHELL('',(#2708,#2709,#2710,#2711,#2712,#2713,#2714,#2715,
#2716,#2717,#2718,#2719,#2720,#2721,#2722,#2723,#2724,#2725,#2726,#2727,
#2728,#2729,#2730,#2731,#2732,#2733,#2734,#2735,#2736,#2737,#2738,#2739,
#2740,#2741,#2742,#2743,#2744,#2745,#2746,#2747,#2748,#2749,#2750,#2751,
#2752,#2753,#2754,#2755,#2756,#2757,#2758,#2759,#2760,#2761,#2762,#2763,
#2764,#2765,#2766,#2767,#2768,#2769,#2770,#2771,#2772,#2773,#2774,#2775,
#2776,#2777,#2778,#2779,#2780,#2781,#2782,#2783,#2784,#2785,#2786,#2787,
#2788,#2789,#2790,#2791,#2792,#2793,#2794,#2795,#2796,#2797,#2798,#2799,
#2800,#2801,#2802,#2803,#2804,#2805,#2806,#2807,#2808,#2809,#2810,#2811,
#2812,#2813,#2814,#2815,#2816,#2817,#2818,#2819,#2820,#2821,#2822,#2823,
#2824,#2825,#2826,#2827,#2828,#2829,#2830,#2831,#2832,#2833,#2834,#2835,
#2836,#2837,#2838,#2839,#2840,#2841,#2842,#2843,#2844,#2845,#2846,#2847,
#2848,#2849,#2850,#2851,#2852,#2853,#2854,#2855,#2856,#2857,#2858,#2859,
#2860,#2861));
#2863=DERIVED_UNIT_ELEMENT(#2865,1.);
#2864=DERIVED_UNIT_ELEMENT(#5364,-3.);
#2865=(
MASS_UNIT()
NAMED_UNIT(*)
SI_UNIT(.KILO.,.GRAM.)
);
#2866=DERIVED_UNIT((#2863,#2864));
#2867=MEASURE_REPRESENTATION_ITEM('density measure',
POSITIVE_RATIO_MEASURE(7850.),#2866);
#2868=PROPERTY_DEFINITION_REPRESENTATION(#2873,#2870);
#2869=PROPERTY_DEFINITION_REPRESENTATION(#2874,#2871);
#2870=REPRESENTATION('material name',(#2872),#5361);
#2871=REPRESENTATION('density',(#2867),#5361);
#2872=DESCRIPTIVE_REPRESENTATION_ITEM('Steel','Steel');
#2873=PROPERTY_DEFINITION('material property','material name',#5371);
#2874=PROPERTY_DEFINITION('material property','density of part',#5371);
#2875=AXIS2_PLACEMENT_3D('',#3499,#2994,#2995);
#2876=AXIS2_PLACEMENT_3D('',#3500,#2996,#2997);
#2877=AXIS2_PLACEMENT_3D('',#3609,#3004,#3005);
#2878=AXIS2_PLACEMENT_3D('',#3751,#3017,#3018);
#2879=AXIS2_PLACEMENT_3D('',#3755,#3021,#3022);
#2880=AXIS2_PLACEMENT_3D('',#3895,#3033,#3034);
#2881=AXIS2_PLACEMENT_3D('',#3899,#3037,#3038);
#2882=AXIS2_PLACEMENT_3D('',#3903,#3041,#3042);
#2883=AXIS2_PLACEMENT_3D('',#3905,#3044,#3045);
#2884=AXIS2_PLACEMENT_3D('',#4024,#3057,#3058);
#2885=AXIS2_PLACEMENT_3D('',#4030,#3062,#3063);
#2886=AXIS2_PLACEMENT_3D('',#4085,#3069,#3070);
#2887=AXIS2_PLACEMENT_3D('',#4089,#3073,#3074);
#2888=AXIS2_PLACEMENT_3D('',#4093,#3077,#3078);
#2889=AXIS2_PLACEMENT_3D('',#4216,#3088,#3089);
#2890=AXIS2_PLACEMENT_3D('',#4220,#3092,#3093);
#2891=AXIS2_PLACEMENT_3D('',#4224,#3096,#3097);
#2892=AXIS2_PLACEMENT_3D('',#4226,#3099,#3100);
#2893=AXIS2_PLACEMENT_3D('',#4334,#3110,#3111);
#2894=AXIS2_PLACEMENT_3D('',#4338,#3114,#3115);
#2895=AXIS2_PLACEMENT_3D('',#4340,#3117,#3118);
#2896=AXIS2_PLACEMENT_3D('',#4357,#3127,#3128);
#2897=AXIS2_PLACEMENT_3D('',#4363,#3132,#3133);
#2898=AXIS2_PLACEMENT_3D('',#4367,#3136,#3137);
#2899=AXIS2_PLACEMENT_3D('',#4371,#3140,#3141);
#2900=AXIS2_PLACEMENT_3D('',#4375,#3144,#3145);
#2901=AXIS2_PLACEMENT_3D('',#4379,#3148,#3149);
#2902=AXIS2_PLACEMENT_3D('',#4383,#3152,#3153);
#2903=AXIS2_PLACEMENT_3D('',#4387,#3156,#3157);
#2904=AXIS2_PLACEMENT_3D('',#4389,#3159,#3160);
#2905=AXIS2_PLACEMENT_3D('',#4785,#3177,#3178);
#2906=AXIS2_PLACEMENT_3D('',#5027,#3195,#3196);
#2907=AXIS2_PLACEMENT_3D('',#5046,#3199,#3200);
#2908=AXIS2_PLACEMENT_3D('',#5055,#3205,#3206);
#2909=AXIS2_PLACEMENT_3D('',#5061,#3210,#3211);
#2910=AXIS2_PLACEMENT_3D('',#5065,#3214,#3215);
#2911=AXIS2_PLACEMENT_3D('',#5069,#3218,#3219);
#2912=AXIS2_PLACEMENT_3D('',#5071,#3221,#3222);
#2913=AXIS2_PLACEMENT_3D('',#5094,#3234,#3235);
#2914=AXIS2_PLACEMENT_3D('',#5100,#3239,#3240);
#2915=AXIS2_PLACEMENT_3D('',#5104,#3243,#3244);
#2916=AXIS2_PLACEMENT_3D('',#5108,#3247,#3248);
#2917=AXIS2_PLACEMENT_3D('',#5112,#3251,#3252);
#2918=AXIS2_PLACEMENT_3D('',#5116,#3255,#3256);
#2919=AXIS2_PLACEMENT_3D('',#5120,#3259,#3260);
#2920=AXIS2_PLACEMENT_3D('',#5124,#3263,#3264);
#2921=AXIS2_PLACEMENT_3D('',#5126,#3266,#3267);
#2922=AXIS2_PLACEMENT_3D('',#5132,#3271,#3272);
#2923=AXIS2_PLACEMENT_3D('',#5136,#3275,#3276);
#2924=AXIS2_PLACEMENT_3D('',#5138,#3278,#3279);
#2925=AXIS2_PLACEMENT_3D('',#5161,#3291,#3292);
#2926=AXIS2_PLACEMENT_3D('',#5167,#3296,#3297);
#2927=AXIS2_PLACEMENT_3D('',#5171,#3300,#3301);
#2928=AXIS2_PLACEMENT_3D('',#5175,#3304,#3305);
#2929=AXIS2_PLACEMENT_3D('',#5179,#3308,#3309);
#2930=AXIS2_PLACEMENT_3D('',#5183,#3312,#3313);
#2931=AXIS2_PLACEMENT_3D('',#5187,#3316,#3317);
#2932=AXIS2_PLACEMENT_3D('',#5191,#3320,#3321);
#2933=AXIS2_PLACEMENT_3D('',#5193,#3323,#3324);
#2934=AXIS2_PLACEMENT_3D('',#5199,#3328,#3329);
#2935=AXIS2_PLACEMENT_3D('',#5203,#3332,#3333);
#2936=AXIS2_PLACEMENT_3D('',#5205,#3335,#3336);
#2937=AXIS2_PLACEMENT_3D('',#5206,#3337,#3338);
#2938=AXIS2_PLACEMENT_3D('',#5207,#3339,#3340);
#2939=AXIS2_PLACEMENT_3D('',#5208,#3341,#3342);
#2940=AXIS2_PLACEMENT_3D('',#5209,#3343,#3344);
#2941=AXIS2_PLACEMENT_3D('',#5226,#3353,#3354);
#2942=AXIS2_PLACEMENT_3D('',#5235,#3359,#3360);
#2943=AXIS2_PLACEMENT_3D('',#5238,#3363,#3364);
#2944=AXIS2_PLACEMENT_3D('',#5244,#3368,#3369);
#2945=AXIS2_PLACEMENT_3D('',#5246,#3370,#3371);
#2946=AXIS2_PLACEMENT_3D('',#5250,#3373,#3374);
#2947=AXIS2_PLACEMENT_3D('',#5254,#3376,#3377);
#2948=AXIS2_PLACEMENT_3D('',#5257,#3379,#3380);
#2949=AXIS2_PLACEMENT_3D('',#5266,#3385,#3386);
#2950=AXIS2_PLACEMENT_3D('',#5268,#3387,#3388);
#2951=AXIS2_PLACEMENT_3D('',#5270,#3389,#3390);
#2952=AXIS2_PLACEMENT_3D('',#5272,#3391,#3392);
#2953=AXIS2_PLACEMENT_3D('',#5273,#3393,#3394);
#2954=AXIS2_PLACEMENT_3D('',#5277,#3397,#3398);
#2955=AXIS2_PLACEMENT_3D('',#5281,#3401,#3402);
#2956=AXIS2_PLACEMENT_3D('',#5283,#3403,#3404);
#2957=AXIS2_PLACEMENT_3D('',#5286,#3406,#3407);
#2958=AXIS2_PLACEMENT_3D('',#5287,#3408,#3409);
#2959=AXIS2_PLACEMENT_3D('',#5289,#3410,#3411);
#2960=AXIS2_PLACEMENT_3D('',#5292,#3413,#3414);
#2961=AXIS2_PLACEMENT_3D('',#5293,#3415,#3416);
#2962=AXIS2_PLACEMENT_3D('',#5295,#3417,#3418);
#2963=AXIS2_PLACEMENT_3D('',#5298,#3420,#3421);
#2964=AXIS2_PLACEMENT_3D('',#5299,#3422,#3423);
#2965=AXIS2_PLACEMENT_3D('',#5301,#3424,#3425);
#2966=AXIS2_PLACEMENT_3D('',#5304,#3427,#3428);
#2967=AXIS2_PLACEMENT_3D('',#5305,#3429,#3430);
#2968=AXIS2_PLACEMENT_3D('',#5309,#3433,#3434);
#2969=AXIS2_PLACEMENT_3D('',#5311,#3436,#3437);
#2970=AXIS2_PLACEMENT_3D('',#5313,#3438,#3439);
#2971=AXIS2_PLACEMENT_3D('',#5315,#3441,#3442);
#2972=AXIS2_PLACEMENT_3D('',#5319,#3445,#3446);
#2973=AXIS2_PLACEMENT_3D('',#5321,#3447,#3448);
#2974=AXIS2_PLACEMENT_3D('',#5323,#3450,#3451);
#2975=AXIS2_PLACEMENT_3D('',#5327,#3454,#3455);
#2976=AXIS2_PLACEMENT_3D('',#5329,#3456,#3457);
#2977=AXIS2_PLACEMENT_3D('',#5331,#3459,#3460);
#2978=AXIS2_PLACEMENT_3D('',#5335,#3463,#3464);
#2979=AXIS2_PLACEMENT_3D('',#5336,#3465,#3466);
#2980=AXIS2_PLACEMENT_3D('',#5337,#3467,#3468);
#2981=AXIS2_PLACEMENT_3D('',#5338,#3469,#3470);
#2982=AXIS2_PLACEMENT_3D('',#5339,#3471,#3472);
#2983=AXIS2_PLACEMENT_3D('',#5341,#3473,#3474);
#2984=AXIS2_PLACEMENT_3D('',#5343,#3476,#3477);
#2985=AXIS2_PLACEMENT_3D('',#5344,#3478,#3479);
#2986=AXIS2_PLACEMENT_3D('',#5346,#3480,#3481);
#2987=AXIS2_PLACEMENT_3D('',#5348,#3483,#3484);
#2988=AXIS2_PLACEMENT_3D('',#5349,#3485,#3486);
#2989=AXIS2_PLACEMENT_3D('',#5351,#3487,#3488);
#2990=AXIS2_PLACEMENT_3D('',#5353,#3490,#3491);
#2991=AXIS2_PLACEMENT_3D('',#5354,#3492,#3493);
#2992=AXIS2_PLACEMENT_3D('',#5356,#3494,#3495);
#2993=AXIS2_PLACEMENT_3D('',#5358,#3497,#3498);
#2994=DIRECTION('axis',(0.,0.,1.));
#2995=DIRECTION('refdir',(1.,0.,0.));
#2996=DIRECTION('center_axis',(0.,0.,1.));
#2997=DIRECTION('ref_axis',(1.,0.,0.));
#2998=DIRECTION('',(1.,0.,0.));
#2999=DIRECTION('',(-1.,0.,0.));
#3000=DIRECTION('',(0.,1.,0.));
#3001=DIRECTION('',(-1.,0.,0.));
#3002=DIRECTION('',(0.,-1.,0.));
#3003=DIRECTION('',(1.,0.,0.));
#3004=DIRECTION('center_axis',(0.,1.,0.));
#3005=DIRECTION('ref_axis',(0.,0.,1.));
#3006=DIRECTION('',(0.,0.,-1.));
#3007=DIRECTION('',(1.,0.,0.));
#3008=DIRECTION('',(0.,0.,-1.));
#3009=DIRECTION('',(0.,0.,-1.));
#3010=DIRECTION('',(0.,0.,-1.));
#3011=DIRECTION('',(0.,0.,-1.));
#3012=DIRECTION('',(0.,0.,-1.));
#3013=DIRECTION('',(0.,0.,-1.));
#3014=DIRECTION('',(0.,0.,-1.));
#3015=DIRECTION('',(0.,0.,-1.));
#3016=DIRECTION('',(0.,0.,-1.));
#3017=DIRECTION('center_axis',(0.,-1.,0.));
#3018=DIRECTION('ref_axis',(0.,0.,-1.));
#3019=DIRECTION('',(-1.,0.,0.));
#3020=DIRECTION('',(0.,0.,-1.));
#3021=DIRECTION('center_axis',(-1.,0.,0.));
#3022=DIRECTION('ref_axis',(0.,0.,1.));
#3023=DIRECTION('',(0.,1.,0.));
#3024=DIRECTION('',(0.,0.,-1.));
#3025=DIRECTION('',(0.,0.,-1.));
#3026=DIRECTION('',(0.,0.,-1.));
#3027=DIRECTION('',(0.,0.,-1.));
#3028=DIRECTION('',(0.,0.,-1.));
#3029=DIRECTION('',(0.,0.,-1.));
#3030=DIRECTION('',(0.,0.,-1.));
#3031=DIRECTION('',(0.,0.,-1.));
#3032=DIRECTION('',(0.,0.,-1.));
#3033=DIRECTION('center_axis',(0.,-1.,0.));
#3034=DIRECTION('ref_axis',(0.,0.,-1.));
#3035=DIRECTION('',(-1.,0.,0.));
#3036=DIRECTION('',(0.,0.,-1.));
#3037=DIRECTION('center_axis',(1.,0.,0.));
#3038=DIRECTION('ref_axis',(0.,0.,-1.));
#3039=DIRECTION('',(0.,-1.,0.));
#3040=DIRECTION('',(0.,0.,-1.));
#3041=DIRECTION('center_axis',(0.,1.,0.));
#3042=DIRECTION('ref_axis',(0.,0.,1.));
#3043=DIRECTION('',(1.,0.,0.));
#3044=DIRECTION('center_axis',(0.,0.,1.));
#3045=DIRECTION('ref_axis',(1.,0.,0.));
#3046=DIRECTION('',(0.,-1.,0.));
#3047=DIRECTION('',(1.,0.,0.));
#3048=DIRECTION('',(0.557100665312872,0.830444970306856,0.));
#3049=DIRECTION('',(1.,0.,0.));
#3050=DIRECTION('',(-0.530531458480789,-0.847665247348413,0.));
#3051=DIRECTION('',(-1.,0.,0.));
#3052=DIRECTION('',(0.,1.,0.));
#3053=DIRECTION('',(1.,0.,0.));
#3054=DIRECTION('',(1.,0.,0.));
#3055=DIRECTION('',(-1.,0.,0.));
#3056=DIRECTION('',(0.,-1.,0.));
#3057=DIRECTION('center_axis',(1.,0.,0.));
#3058=DIRECTION('ref_axis',(0.,0.,-1.));
#3059=DIRECTION('',(0.,0.,-1.));
#3060=DIRECTION('',(0.,-1.,0.));
#3061=DIRECTION('',(0.,0.,-1.));
#3062=DIRECTION('center_axis',(0.,1.,0.));
#3063=DIRECTION('ref_axis',(0.,0.,1.));
#3064=DIRECTION('',(1.,0.,0.));
#3065=DIRECTION('',(0.,0.,-1.));
#3066=DIRECTION('',(0.,0.,-1.));
#3067=DIRECTION('',(0.,0.,-1.));
#3068=DIRECTION('',(0.,0.,-1.));
#3069=DIRECTION('center_axis',(-0.830444970306857,0.557100665312872,0.));
#3070=DIRECTION('ref_axis',(0.,0.,1.));
#3071=DIRECTION('',(0.557100665312872,0.830444970306856,0.));
#3072=DIRECTION('',(0.,0.,-1.));
#3073=DIRECTION('center_axis',(0.,1.,0.));
#3074=DIRECTION('ref_axis',(0.,0.,1.));
#3075=DIRECTION('',(1.,0.,0.));
#3076=DIRECTION('',(0.,0.,-1.));
#3077=DIRECTION('center_axis',(0.847665247348413,-0.53053145848079,0.));
#3078=DIRECTION('ref_axis',(0.,0.,-1.));
#3079=DIRECTION('',(-0.530531458480789,-0.847665247348413,0.));
#3080=DIRECTION('',(0.,0.,-1.));
#3081=DIRECTION('',(0.,0.,-1.));
#3082=DIRECTION('',(0.,0.,-1.));
#3083=DIRECTION('',(0.,0.,-1.));
#3084=DIRECTION('',(0.,0.,-1.));
#3085=DIRECTION('',(0.,0.,-1.));
#3086=DIRECTION('',(0.,0.,-1.));
#3087=DIRECTION('',(0.,0.,-1.));
#3088=DIRECTION('center_axis',(0.,-1.,0.));
#3089=DIRECTION('ref_axis',(0.,0.,-1.));
#3090=DIRECTION('',(-1.,0.,0.));
#3091=DIRECTION('',(0.,0.,-1.));
#3092=DIRECTION('center_axis',(-1.,0.,0.));
#3093=DIRECTION('ref_axis',(0.,0.,1.));
#3094=DIRECTION('',(0.,1.,0.));
#3095=DIRECTION('',(0.,0.,-1.));
#3096=DIRECTION('center_axis',(0.,1.,0.));
#3097=DIRECTION('ref_axis',(0.,0.,1.));
#3098=DIRECTION('',(1.,0.,0.));
#3099=DIRECTION('center_axis',(0.,1.,0.));
#3100=DIRECTION('ref_axis',(0.,0.,1.));
#3101=DIRECTION('',(0.,0.,-1.));
#3102=DIRECTION('',(1.,0.,0.));
#3103=DIRECTION('',(0.,0.,-1.));
#3104=DIRECTION('',(0.,0.,-1.));
#3105=DIRECTION('',(0.,0.,-1.));
#3106=DIRECTION('',(0.,0.,-1.));
#3107=DIRECTION('',(0.,0.,-1.));
#3108=DIRECTION('',(0.,0.,-1.));
#3109=DIRECTION('',(0.,0.,-1.));
#3110=DIRECTION('center_axis',(0.,-1.,0.));
#3111=DIRECTION('ref_axis',(0.,0.,-1.));
#3112=DIRECTION('',(-1.,0.,0.));
#3113=DIRECTION('',(0.,0.,-1.));
#3114=DIRECTION('center_axis',(1.,0.,0.));
#3115=DIRECTION('ref_axis',(0.,0.,-1.));
#3116=DIRECTION('',(0.,-1.,0.));
#3117=DIRECTION('center_axis',(0.,0.,1.));
#3118=DIRECTION('ref_axis',(1.,0.,0.));
#3119=DIRECTION('',(0.,-1.,0.));
#3120=DIRECTION('',(1.,0.,0.));
#3121=DIRECTION('',(0.,-1.,0.));
#3122=DIRECTION('',(-1.,0.,0.));
#3123=DIRECTION('',(0.,1.,0.));
#3124=DIRECTION('',(1.,0.,0.));
#3125=DIRECTION('',(0.,1.,0.));
#3126=DIRECTION('',(1.,0.,0.));
#3127=DIRECTION('center_axis',(1.,0.,0.));
#3128=DIRECTION('ref_axis',(0.,0.,-1.));
#3129=DIRECTION('',(0.,0.,-1.));
#3130=DIRECTION('',(0.,-1.,0.));
#3131=DIRECTION('',(0.,0.,-1.));
#3132=DIRECTION('center_axis',(0.,1.,0.));
#3133=DIRECTION('ref_axis',(0.,0.,1.));
#3134=DIRECTION('',(1.,0.,0.));
#3135=DIRECTION('',(0.,0.,-1.));
#3136=DIRECTION('center_axis',(1.,0.,0.));
#3137=DIRECTION('ref_axis',(0.,0.,-1.));
#3138=DIRECTION('',(0.,-1.,0.));
#3139=DIRECTION('',(0.,0.,-1.));
#3140=DIRECTION('center_axis',(0.,-1.,0.));
#3141=DIRECTION('ref_axis',(0.,0.,-1.));
#3142=DIRECTION('',(-1.,0.,0.));
#3143=DIRECTION('',(0.,0.,-1.));
#3144=DIRECTION('center_axis',(-1.,0.,0.));
#3145=DIRECTION('ref_axis',(0.,0.,1.));
#3146=DIRECTION('',(0.,1.,0.));
#3147=DIRECTION('',(0.,0.,-1.));
#3148=DIRECTION('center_axis',(0.,1.,0.));
#3149=DIRECTION('ref_axis',(0.,0.,1.));
#3150=DIRECTION('',(1.,0.,0.));
#3151=DIRECTION('',(0.,0.,-1.));
#3152=DIRECTION('center_axis',(-1.,0.,0.));
#3153=DIRECTION('ref_axis',(0.,0.,1.));
#3154=DIRECTION('',(0.,1.,0.));
#3155=DIRECTION('',(0.,0.,-1.));
#3156=DIRECTION('center_axis',(0.,1.,0.));
#3157=DIRECTION('ref_axis',(0.,0.,1.));
#3158=DIRECTION('',(1.,0.,0.));
#3159=DIRECTION('center_axis',(0.,0.,1.));
#3160=DIRECTION('ref_axis',(1.,0.,0.));
#3161=DIRECTION('',(0.999036959184081,-0.0438765789940948,0.));
#3162=DIRECTION('',(-0.99530719114426,0.0967656718910339,0.));
#3163=DIRECTION('',(0.,0.,-1.));
#3164=DIRECTION('',(0.,0.,-1.));
#3165=DIRECTION('',(0.,0.,-1.));
#3166=DIRECTION('',(0.,0.,-1.));
#3167=DIRECTION('',(0.,0.,-1.));
#3168=DIRECTION('',(0.,0.,-1.));
#3169=DIRECTION('',(0.,0.,-1.));
#3170=DIRECTION('',(0.,0.,-1.));
#3171=DIRECTION('',(0.,0.,-1.));
#3172=DIRECTION('',(0.,0.,-1.));
#3173=DIRECTION('',(0.,0.,-1.));
#3174=DIRECTION('',(0.,0.,-1.));
#3175=DIRECTION('',(0.,0.,-1.));
#3176=DIRECTION('',(0.,0.,-1.));
#3177=DIRECTION('center_axis',(0.0438765789940948,0.999036959184081,0.));
#3178=DIRECTION('ref_axis',(0.,0.,1.));
#3179=DIRECTION('',(0.999036959184081,-0.0438765789940948,0.));
#3180=DIRECTION('',(0.,0.,-1.));
#3181=DIRECTION('',(0.,0.,-1.));
#3182=DIRECTION('',(0.,0.,-1.));
#3183=DIRECTION('',(0.,0.,-1.));
#3184=DIRECTION('',(0.,0.,-1.));
#3185=DIRECTION('',(0.,0.,-1.));
#3186=DIRECTION('',(0.,0.,-1.));
#3187=DIRECTION('',(0.,0.,-1.));
#3188=DIRECTION('',(0.,0.,-1.));
#3189=DIRECTION('',(0.,0.,-1.));
#3190=DIRECTION('',(0.,0.,-1.));
#3191=DIRECTION('',(0.,0.,-1.));
#3192=DIRECTION('',(0.,0.,-1.));
#3193=DIRECTION('',(0.,0.,-1.));
#3194=DIRECTION('',(0.,0.,-1.));
#3195=DIRECTION('center_axis',(-0.0967656718910339,-0.99530719114426,0.));
#3196=DIRECTION('ref_axis',(0.,0.,-1.));
#3197=DIRECTION('',(-0.99530719114426,0.0967656718910339,0.));
#3198=DIRECTION('',(0.,0.,-1.));
#3199=DIRECTION('center_axis',(0.,0.,1.));
#3200=DIRECTION('ref_axis',(1.,0.,0.));
#3201=DIRECTION('',(0.,-1.,0.));
#3202=DIRECTION('',(-1.,0.,0.));
#3203=DIRECTION('',(0.,1.,0.));
#3204=DIRECTION('',(1.,0.,0.));
#3205=DIRECTION('center_axis',(1.,0.,0.));
#3206=DIRECTION('ref_axis',(0.,0.,-1.));
#3207=DIRECTION('',(0.,0.,-1.));
#3208=DIRECTION('',(0.,-1.,0.));
#3209=DIRECTION('',(0.,0.,-1.));
#3210=DIRECTION('center_axis',(0.,-1.,0.));
#3211=DIRECTION('ref_axis',(0.,0.,-1.));
#3212=DIRECTION('',(-1.,0.,0.));
#3213=DIRECTION('',(0.,0.,-1.));
#3214=DIRECTION('center_axis',(-1.,0.,0.));
#3215=DIRECTION('ref_axis',(0.,0.,1.));
#3216=DIRECTION('',(0.,1.,0.));
#3217=DIRECTION('',(0.,0.,-1.));
#3218=DIRECTION('center_axis',(0.,1.,0.));
#3219=DIRECTION('ref_axis',(0.,0.,1.));
#3220=DIRECTION('',(1.,0.,0.));
#3221=DIRECTION('center_axis',(0.,0.,1.));
#3222=DIRECTION('ref_axis',(1.,0.,0.));
#3223=DIRECTION('',(-1.,0.,0.));
#3224=DIRECTION('',(-0.362937051348963,0.931813659890281,0.));
#3225=DIRECTION('',(1.,0.,0.));
#3226=DIRECTION('',(0.341516797602806,-0.939875671009269,0.));
#3227=DIRECTION('',(1.,0.,0.));
#3228=DIRECTION('',(0.358790758071425,0.933418015640652,0.));
#3229=DIRECTION('',(1.,0.,0.));
#3230=DIRECTION('',(-0.3717183284204,-0.928345562986297,0.));
#3231=DIRECTION('',(0.342020110471884,-0.939692632743708,0.));
#3232=DIRECTION('',(0.348100366112531,0.937457271086166,0.));
#3233=DIRECTION('',(-1.,0.,0.));
#3234=DIRECTION('center_axis',(0.,-1.,0.));
#3235=DIRECTION('ref_axis',(0.,0.,-1.));
#3236=DIRECTION('',(0.,0.,-1.));
#3237=DIRECTION('',(-1.,0.,0.));
#3238=DIRECTION('',(0.,0.,-1.));
#3239=DIRECTION('center_axis',(-0.931813659890281,-0.362937051348963,0.));
#3240=DIRECTION('ref_axis',(0.,0.,1.));
#3241=DIRECTION('',(-0.362937051348963,0.931813659890281,0.));
#3242=DIRECTION('',(0.,0.,-1.));
#3243=DIRECTION('center_axis',(0.,1.,0.));
#3244=DIRECTION('ref_axis',(0.,0.,1.));
#3245=DIRECTION('',(1.,0.,0.));
#3246=DIRECTION('',(0.,0.,-1.));
#3247=DIRECTION('center_axis',(0.939875671009269,0.341516797602806,0.));
#3248=DIRECTION('ref_axis',(0.,0.,-1.));
#3249=DIRECTION('',(0.341516797602806,-0.939875671009269,0.));
#3250=DIRECTION('',(0.,0.,-1.));
#3251=DIRECTION('center_axis',(0.,1.,0.));
#3252=DIRECTION('ref_axis',(0.,0.,1.));
#3253=DIRECTION('',(1.,0.,0.));
#3254=DIRECTION('',(0.,0.,-1.));
#3255=DIRECTION('center_axis',(-0.933418015640652,0.358790758071425,0.));
#3256=DIRECTION('ref_axis',(0.,0.,1.));
#3257=DIRECTION('',(0.358790758071425,0.933418015640652,0.));
#3258=DIRECTION('',(0.,0.,-1.));
#3259=DIRECTION('center_axis',(0.,1.,0.));
#3260=DIRECTION('ref_axis',(0.,0.,1.));
#3261=DIRECTION('',(1.,0.,0.));
#3262=DIRECTION('',(0.,0.,-1.));
#3263=DIRECTION('center_axis',(0.928345562986297,-0.3717183284204,0.));
#3264=DIRECTION('ref_axis',(0.,0.,-1.));
#3265=DIRECTION('',(-0.3717183284204,-0.928345562986297,0.));
#3266=DIRECTION('center_axis',(0.939692632743708,0.342020110471884,0.));
#3267=DIRECTION('ref_axis',(0.,0.,-1.));
#3268=DIRECTION('',(0.,0.,-1.));
#3269=DIRECTION('',(0.342020110471884,-0.939692632743708,0.));
#3270=DIRECTION('',(0.,0.,-1.));
#3271=DIRECTION('center_axis',(-0.937457271086166,0.348100366112531,0.));
#3272=DIRECTION('ref_axis',(0.,0.,1.));
#3273=DIRECTION('',(0.348100366112531,0.937457271086166,0.));
#3274=DIRECTION('',(0.,0.,-1.));
#3275=DIRECTION('center_axis',(0.,-1.,0.));
#3276=DIRECTION('ref_axis',(0.,0.,-1.));
#3277=DIRECTION('',(-1.,0.,0.));
#3278=DIRECTION('center_axis',(0.,0.,1.));
#3279=DIRECTION('ref_axis',(1.,0.,0.));
#3280=DIRECTION('',(-1.,0.,0.));
#3281=DIRECTION('',(-0.362936972090726,0.931813690760989,0.));
#3282=DIRECTION('',(1.,0.,0.));
#3283=DIRECTION('',(0.341516439540731,-0.939875801115989,0.));
#3284=DIRECTION('',(1.,0.,0.));
#3285=DIRECTION('',(0.35879145953537,0.933417746008977,0.));
#3286=DIRECTION('',(1.,0.,0.));
#3287=DIRECTION('',(-0.371718171667275,-0.928345625751712,0.));
#3288=DIRECTION('',(0.342020548578303,-0.939692473285913,0.));
#3289=DIRECTION('',(0.348099931124989,0.937457432607357,0.));
#3290=DIRECTION('',(-1.,0.,0.));
#3291=DIRECTION('center_axis',(0.,-1.,0.));
#3292=DIRECTION('ref_axis',(0.,0.,-1.));
#3293=DIRECTION('',(0.,0.,-1.));
#3294=DIRECTION('',(-1.,0.,0.));
#3295=DIRECTION('',(0.,0.,-1.));
#3296=DIRECTION('center_axis',(-0.931813690760989,-0.362936972090726,0.));
#3297=DIRECTION('ref_axis',(0.,0.,1.));
#3298=DIRECTION('',(-0.362936972090726,0.931813690760989,0.));
#3299=DIRECTION('',(0.,0.,-1.));
#3300=DIRECTION('center_axis',(0.,1.,0.));
#3301=DIRECTION('ref_axis',(0.,0.,1.));
#3302=DIRECTION('',(1.,0.,0.));
#3303=DIRECTION('',(0.,0.,-1.));
#3304=DIRECTION('center_axis',(0.939875801115989,0.341516439540731,0.));
#3305=DIRECTION('ref_axis',(0.,0.,-1.));
#3306=DIRECTION('',(0.341516439540731,-0.939875801115989,0.));
#3307=DIRECTION('',(0.,0.,-1.));
#3308=DIRECTION('center_axis',(0.,1.,0.));
#3309=DIRECTION('ref_axis',(0.,0.,1.));
#3310=DIRECTION('',(1.,0.,0.));
#3311=DIRECTION('',(0.,0.,-1.));
#3312=DIRECTION('center_axis',(-0.933417746008977,0.35879145953537,0.));
#3313=DIRECTION('ref_axis',(0.,0.,1.));
#3314=DIRECTION('',(0.35879145953537,0.933417746008977,0.));
#3315=DIRECTION('',(0.,0.,-1.));
#3316=DIRECTION('center_axis',(0.,1.,0.));
#3317=DIRECTION('ref_axis',(0.,0.,1.));
#3318=DIRECTION('',(1.,0.,0.));
#3319=DIRECTION('',(0.,0.,-1.));
#3320=DIRECTION('center_axis',(0.928345625751712,-0.371718171667275,0.));
#3321=DIRECTION('ref_axis',(0.,0.,-1.));
#3322=DIRECTION('',(-0.371718171667275,-0.928345625751712,0.));
#3323=DIRECTION('center_axis',(0.939692473285913,0.342020548578303,0.));
#3324=DIRECTION('ref_axis',(0.,0.,-1.));
#3325=DIRECTION('',(0.,0.,-1.));
#3326=DIRECTION('',(0.342020548578303,-0.939692473285913,0.));
#3327=DIRECTION('',(0.,0.,-1.));
#3328=DIRECTION('center_axis',(-0.937457432607357,0.348099931124989,0.));
#3329=DIRECTION('ref_axis',(0.,0.,1.));
#3330=DIRECTION('',(0.348099931124989,0.937457432607357,0.));
#3331=DIRECTION('',(0.,0.,-1.));
#3332=DIRECTION('center_axis',(0.,-1.,0.));
#3333=DIRECTION('ref_axis',(0.,0.,-1.));
#3334=DIRECTION('',(-1.,0.,0.));
#3335=DIRECTION('center_axis',(0.,0.,1.));
#3336=DIRECTION('ref_axis',(1.,0.,0.));
#3337=DIRECTION('center_axis',(0.,0.,1.));
#3338=DIRECTION('ref_axis',(1.,0.,0.));
#3339=DIRECTION('center_axis',(0.,0.,1.));
#3340=DIRECTION('ref_axis',(1.,0.,0.));
#3341=DIRECTION('center_axis',(0.,0.,1.));
#3342=DIRECTION('ref_axis',(1.,0.,0.));
#3343=DIRECTION('center_axis',(0.,1.,0.));
#3344=DIRECTION('ref_axis',(-1.,0.,0.));
#3345=DIRECTION('',(0.,0.,-1.));
#3346=DIRECTION('',(1.,0.,0.));
#3347=DIRECTION('',(0.,0.,1.));
#3348=DIRECTION('',(-1.,0.,0.));
#3349=DIRECTION('',(0.,0.,1.));
#3350=DIRECTION('',(1.,0.,0.));
#3351=DIRECTION('',(0.,0.,1.));
#3352=DIRECTION('',(-1.,0.,0.));
#3353=DIRECTION('center_axis',(0.,-1.,0.));
#3354=DIRECTION('ref_axis',(1.,0.,0.));
#3355=DIRECTION('',(0.,0.,-1.));
#3356=DIRECTION('',(-1.,0.,0.));
#3357=DIRECTION('',(0.,0.,1.));
#3358=DIRECTION('',(1.,0.,0.));
#3359=DIRECTION('center_axis',(1.,0.,0.));
#3360=DIRECTION('ref_axis',(0.,-1.,0.));
#3361=DIRECTION('',(0.,-1.,0.));
#3362=DIRECTION('',(0.,-1.,0.));
#3363=DIRECTION('center_axis',(-1.,0.,0.));
#3364=DIRECTION('ref_axis',(0.,1.,0.));
#3365=DIRECTION('',(0.,1.,0.));
#3366=DIRECTION('',(0.,0.,1.));
#3367=DIRECTION('',(0.,1.,0.));
#3368=DIRECTION('center_axis',(0.,0.,1.));
#3369=DIRECTION('ref_axis',(1.,0.,0.));
#3370=DIRECTION('center_axis',(0.,0.,1.));
#3371=DIRECTION('ref_axis',(1.11022302462516E-15,1.,0.));
#3372=DIRECTION('',(0.,-1.,0.));
#3373=DIRECTION('center_axis',(0.,0.,1.));
#3374=DIRECTION('ref_axis',(-1.,-3.55271367880049E-15,0.));
#3375=DIRECTION('',(1.,0.,0.));
#3376=DIRECTION('center_axis',(0.,0.,1.));
#3377=DIRECTION('ref_axis',(3.55271367880049E-15,-1.,0.));
#3378=DIRECTION('',(0.,1.,0.));
#3379=DIRECTION('center_axis',(0.,0.,1.));
#3380=DIRECTION('ref_axis',(1.,2.33146835171282E-15,0.));
#3381=DIRECTION('',(0.,-1.,0.));
#3382=DIRECTION('',(-1.,0.,0.));
#3383=DIRECTION('',(0.,1.,0.));
#3384=DIRECTION('',(1.,0.,0.));
#3385=DIRECTION('center_axis',(0.,0.,-1.));
#3386=DIRECTION('ref_axis',(1.,0.,0.));
#3387=DIRECTION('center_axis',(0.,0.,-1.));
#3388=DIRECTION('ref_axis',(1.,0.,0.));
#3389=DIRECTION('center_axis',(0.,0.,-1.));
#3390=DIRECTION('ref_axis',(1.,0.,0.));
#3391=DIRECTION('center_axis',(0.,0.,-1.));
#3392=DIRECTION('ref_axis',(1.,0.,0.));
#3393=DIRECTION('center_axis',(-1.,0.,0.));
#3394=DIRECTION('ref_axis',(0.,-1.,0.));
#3395=DIRECTION('',(0.,1.,0.));
#3396=DIRECTION('',(0.,0.,1.));
#3397=DIRECTION('center_axis',(0.,1.,0.));
#3398=DIRECTION('ref_axis',(-1.,0.,0.));
#3399=DIRECTION('',(1.,0.,0.));
#3400=DIRECTION('',(0.,0.,1.));
#3401=DIRECTION('center_axis',(0.,0.,1.));
#3402=DIRECTION('ref_axis',(1.,0.,0.));
#3403=DIRECTION('center_axis',(0.,0.,-1.));
#3404=DIRECTION('ref_axis',(1.,0.,0.));
#3405=DIRECTION('',(0.,0.,1.));
#3406=DIRECTION('center_axis',(0.,0.,1.));
#3407=DIRECTION('ref_axis',(1.,0.,0.));
#3408=DIRECTION('center_axis',(0.,0.,1.));
#3409=DIRECTION('ref_axis',(1.,0.,0.));
#3410=DIRECTION('center_axis',(0.,0.,-1.));
#3411=DIRECTION('ref_axis',(1.,0.,0.));
#3412=DIRECTION('',(0.,0.,1.));
#3413=DIRECTION('center_axis',(0.,0.,1.));
#3414=DIRECTION('ref_axis',(1.,0.,0.));
#3415=DIRECTION('center_axis',(0.,0.,1.));
#3416=DIRECTION('ref_axis',(1.,0.,0.));
#3417=DIRECTION('center_axis',(0.,0.,-1.));
#3418=DIRECTION('ref_axis',(1.,0.,0.));
#3419=DIRECTION('',(0.,0.,1.));
#3420=DIRECTION('center_axis',(0.,0.,1.));
#3421=DIRECTION('ref_axis',(1.,0.,0.));
#3422=DIRECTION('center_axis',(0.,0.,1.));
#3423=DIRECTION('ref_axis',(1.,0.,0.));
#3424=DIRECTION('center_axis',(0.,0.,-1.));
#3425=DIRECTION('ref_axis',(1.,0.,0.));
#3426=DIRECTION('',(0.,0.,1.));
#3427=DIRECTION('center_axis',(0.,0.,1.));
#3428=DIRECTION('ref_axis',(1.,0.,0.));
#3429=DIRECTION('center_axis',(0.,-1.,0.));
#3430=DIRECTION('ref_axis',(1.,0.,0.));
#3431=DIRECTION('',(0.,0.,1.));
#3432=DIRECTION('',(-1.,0.,0.));
#3433=DIRECTION('center_axis',(1.,0.,0.));
#3434=DIRECTION('ref_axis',(0.,1.,0.));
#3435=DIRECTION('',(0.,-1.,0.));
#3436=DIRECTION('center_axis',(0.,0.,1.));
#3437=DIRECTION('ref_axis',(1.,2.33146835171282E-15,0.));
#3438=DIRECTION('center_axis',(0.,0.,1.));
#3439=DIRECTION('ref_axis',(1.,2.33146835171282E-15,0.));
#3440=DIRECTION('',(0.,0.,1.));
#3441=DIRECTION('center_axis',(1.,0.,0.));
#3442=DIRECTION('ref_axis',(0.,1.,0.));
#3443=DIRECTION('',(0.,-1.,0.));
#3444=DIRECTION('',(0.,0.,1.));
#3445=DIRECTION('center_axis',(0.,0.,1.));
#3446=DIRECTION('ref_axis',(3.55271367880049E-15,-1.,0.));
#3447=DIRECTION('center_axis',(0.,0.,1.));
#3448=DIRECTION('ref_axis',(3.55271367880049E-15,-1.,0.));
#3449=DIRECTION('',(0.,0.,1.));
#3450=DIRECTION('center_axis',(0.,-1.,0.));
#3451=DIRECTION('ref_axis',(1.,0.,0.));
#3452=DIRECTION('',(1.,0.,0.));
#3453=DIRECTION('',(0.,0.,1.));
#3454=DIRECTION('center_axis',(0.,0.,1.));
#3455=DIRECTION('ref_axis',(-1.,-3.55271367880049E-15,0.));
#3456=DIRECTION('center_axis',(0.,0.,1.));
#3457=DIRECTION('ref_axis',(-1.,-3.55271367880049E-15,0.));
#3458=DIRECTION('',(0.,0.,1.));
#3459=DIRECTION('center_axis',(-1.,0.,0.));
#3460=DIRECTION('ref_axis',(0.,-1.,0.));
#3461=DIRECTION('',(0.,1.,0.));
#3462=DIRECTION('',(0.,0.,1.));
#3463=DIRECTION('center_axis',(0.,0.,1.));
#3464=DIRECTION('ref_axis',(1.11022302462516E-15,1.,0.));
#3465=DIRECTION('center_axis',(0.,0.,1.));
#3466=DIRECTION('ref_axis',(1.11022302462516E-15,1.,0.));
#3467=DIRECTION('center_axis',(0.,0.,1.));
#3468=DIRECTION('ref_axis',(1.,0.,0.));
#3469=DIRECTION('center_axis',(0.,0.,1.));
#3470=DIRECTION('ref_axis',(1.,0.,0.));
#3471=DIRECTION('center_axis',(0.,0.,1.));
#3472=DIRECTION('ref_axis',(1.,0.,0.));
#3473=DIRECTION('center_axis',(0.,0.,-1.));
#3474=DIRECTION('ref_axis',(1.,0.,0.));
#3475=DIRECTION('',(0.,0.,1.));
#3476=DIRECTION('center_axis',(0.,0.,1.));
#3477=DIRECTION('ref_axis',(1.,0.,0.));
#3478=DIRECTION('center_axis',(0.,0.,1.));
#3479=DIRECTION('ref_axis',(1.,0.,0.));
#3480=DIRECTION('center_axis',(0.,0.,-1.));
#3481=DIRECTION('ref_axis',(1.,0.,0.));
#3482=DIRECTION('',(0.,0.,1.));
#3483=DIRECTION('center_axis',(0.,0.,1.));
#3484=DIRECTION('ref_axis',(1.,0.,0.));
#3485=DIRECTION('center_axis',(0.,0.,1.));
#3486=DIRECTION('ref_axis',(1.,0.,0.));
#3487=DIRECTION('center_axis',(0.,0.,-1.));
#3488=DIRECTION('ref_axis',(1.,0.,0.));
#3489=DIRECTION('',(0.,0.,1.));
#3490=DIRECTION('center_axis',(0.,0.,1.));
#3491=DIRECTION('ref_axis',(1.,0.,0.));
#3492=DIRECTION('center_axis',(0.,0.,1.));
#3493=DIRECTION('ref_axis',(1.,0.,0.));
#3494=DIRECTION('center_axis',(0.,0.,-1.));
#3495=DIRECTION('ref_axis',(1.,0.,0.));
#3496=DIRECTION('',(0.,0.,1.));
#3497=DIRECTION('center_axis',(0.,0.,1.));
#3498=DIRECTION('ref_axis',(1.,0.,0.));
#3499=CARTESIAN_POINT('',(0.,0.,0.));
#3500=CARTESIAN_POINT('Origin',(43.,-49.7,1.));
#3501=CARTESIAN_POINT('',(53.0471791379957,-31.3466192442994,1.));
#3502=CARTESIAN_POINT('',(57.6707138174086,-31.3466192442994,1.));
#3503=CARTESIAN_POINT('',(53.0471791379957,-31.3466192442994,1.));
#3504=CARTESIAN_POINT('',(50.8723749273329,-31.089295263968,1.));
#3505=CARTESIAN_POINT('Ctrl Pts',(50.8723749273329,-31.089295263968,1.));
#3506=CARTESIAN_POINT('Ctrl Pts',(51.1878585007424,-31.1640865134575,1.));
#3507=CARTESIAN_POINT('Ctrl Pts',(51.9021726354521,-31.3334279662804,1.));
#3508=CARTESIAN_POINT('Ctrl Pts',(52.6369327542697,-31.3418929182113,1.));
#3509=CARTESIAN_POINT('Ctrl Pts',(53.0471791379957,-31.3466192442994,1.));
#3510=CARTESIAN_POINT('',(49.1458119504957,-30.1181031424622,1.));
#3511=CARTESIAN_POINT('Ctrl Pts',(49.1458119504957,-30.1181031424622,1.));
#3512=CARTESIAN_POINT('Ctrl Pts',(49.3878685867371,-30.3173860464337,1.));
#3513=CARTESIAN_POINT('Ctrl Pts',(49.9050023111775,-30.7431372753539,1.));
#3514=CARTESIAN_POINT('Ctrl Pts',(50.5364769085102,-30.9690998184557,1.));
#3515=CARTESIAN_POINT('Ctrl Pts',(50.8723749273329,-31.089295263968,1.));
#3516=CARTESIAN_POINT('',(47.8425897710829,-27.9682017523865,1.));
#3517=CARTESIAN_POINT('Ctrl Pts',(47.8425897710829,-27.9682017523865,1.));
#3518=CARTESIAN_POINT('Ctrl Pts',(48.0041044103971,-28.3829352665829,1.));
#3519=CARTESIAN_POINT('Ctrl Pts',(48.3131468608997,-29.1764872447629,1.));
#3520=CARTESIAN_POINT('Ctrl Pts',(48.8767596962684,-29.8138465054809,1.));
#3521=CARTESIAN_POINT('Ctrl Pts',(49.1458119504957,-30.1181031424622,1.));
#3522=CARTESIAN_POINT('',(47.4690546148329,-25.3783578831773,1.));
#3523=CARTESIAN_POINT('Ctrl Pts',(47.4690546148329,-25.3783578831773,1.));
#3524=CARTESIAN_POINT('Ctrl Pts',(47.479933456294,-25.8476213403162,1.));
#3525=CARTESIAN_POINT('Ctrl Pts',(47.5003087133916,-26.7265167281968,1.));
#3526=CARTESIAN_POINT('Ctrl Pts',(47.7337762065647,-27.5734613177206,1.));
#3527=CARTESIAN_POINT('Ctrl Pts',(47.8425897710829,-27.9682017523865,1.));
#3528=CARTESIAN_POINT('',(47.86749259167,-22.5062878090958,1.));
#3529=CARTESIAN_POINT('Ctrl Pts',(47.86749259167,-22.5062878090958,1.));
#3530=CARTESIAN_POINT('Ctrl Pts',(47.7514964236566,-22.9369243609919,1.));
#3531=CARTESIAN_POINT('Ctrl Pts',(47.4983453886258,-23.8767492767763,1.));
#3532=CARTESIAN_POINT('Ctrl Pts',(47.4793474957843,-24.8506873364541,1.));
#3533=CARTESIAN_POINT('Ctrl Pts',(47.4690546148329,-25.3783578831773,1.));
#3534=CARTESIAN_POINT('',(49.02960196667,-20.5307019908051,1.));
#3535=CARTESIAN_POINT('Ctrl Pts',(49.02960196667,-20.5307019908051,1.));
#3536=CARTESIAN_POINT('Ctrl Pts',(48.7885306281433,-20.8194898111424,1.));
#3537=CARTESIAN_POINT('Ctrl Pts',(48.2925273642245,-21.4136695354623,1.));
#3538=CARTESIAN_POINT('Ctrl Pts',(48.011785913475,-22.1353592866603,1.));
#3539=CARTESIAN_POINT('Ctrl Pts',(47.86749259167,-22.5062878090958,1.));
#3540=CARTESIAN_POINT('',(50.8640731924086,-19.4100965220551,1.));
#3541=CARTESIAN_POINT('Ctrl Pts',(50.8640731924086,-19.4100965220551,1.));
#3542=CARTESIAN_POINT('Ctrl Pts',(50.5201354059891,-19.5354368793265,1.));
#3543=CARTESIAN_POINT('Ctrl Pts',(49.833325553184,-19.7857292162758,1.));
#3544=CARTESIAN_POINT('Ctrl Pts',(49.2972325443998,-20.2826347480544,1.));
#3545=CARTESIAN_POINT('Ctrl Pts',(49.02960196667,-20.5307019908051,1.));
#3546=CARTESIAN_POINT('',(53.17999259167,-19.177674170218,1.));
#3547=CARTESIAN_POINT('Ctrl Pts',(53.17999259167,-19.177674170218,1.));
#3548=CARTESIAN_POINT('Ctrl Pts',(52.7319540501327,-19.18008736427,1.));
#3549=CARTESIAN_POINT('Ctrl Pts',(51.9518930026966,-19.1842888748665,1.));
#3550=CARTESIAN_POINT('Ctrl Pts',(51.1888515404877,-19.3426796264039,1.));
#3551=CARTESIAN_POINT('Ctrl Pts',(50.8640731924086,-19.4100965220551,1.));
#3552=CARTESIAN_POINT('',(57.6707138174086,-19.177674170218,1.));
#3553=CARTESIAN_POINT('',(57.6707138174086,-19.177674170218,1.));
#3554=CARTESIAN_POINT('',(57.6707138174086,-31.3466192442994,1.));
#3555=CARTESIAN_POINT('',(52.0925892942457,-21.3524789769273,1.));
#3556=CARTESIAN_POINT('',(54.1096796148329,-21.2362683970551,1.));
#3557=CARTESIAN_POINT('Ctrl Pts',(52.0925892942457,-21.3524789769273,1.));
#3558=CARTESIAN_POINT('Ctrl Pts',(52.346153938479,-21.3190405313083,1.));
#3559=CARTESIAN_POINT('Ctrl Pts',(53.0151205155145,-21.2308215977314,1.));
#3560=CARTESIAN_POINT('Ctrl Pts',(53.6903738518029,-21.2341818269029,1.));
#3561=CARTESIAN_POINT('Ctrl Pts',(54.1096796148329,-21.2362683970551,1.));
#3562=CARTESIAN_POINT('',(50.9553827398329,-21.9252331215958,1.));
#3563=CARTESIAN_POINT('Ctrl Pts',(50.9553827398329,-21.9252331215958,1.));
#3564=CARTESIAN_POINT('Ctrl Pts',(51.1186331632942,-21.7947404430249,1.));
#3565=CARTESIAN_POINT('Ctrl Pts',(51.4571029484102,-21.5241878285896,1.));
#3566=CARTESIAN_POINT('Ctrl Pts',(51.8758249094858,-21.4110488641205,1.));
#3567=CARTESIAN_POINT('Ctrl Pts',(52.0925892942457,-21.3524789769273,1.));
#3568=CARTESIAN_POINT('',(50.2581156843214,-23.1039435822587,1.));
#3569=CARTESIAN_POINT('Ctrl Pts',(50.2581156843214,-23.1039435822587,1.));
#3570=CARTESIAN_POINT('Ctrl Pts',(50.3438497733319,-22.8714581797347,1.));
#3571=CARTESIAN_POINT('Ctrl Pts',(50.5046600296849,-22.4353884948551,1.));
#3572=CARTESIAN_POINT('Ctrl Pts',(50.8119300854493,-22.0876015596496,1.));
#3573=CARTESIAN_POINT('Ctrl Pts',(50.9553827398329,-21.9252331215958,1.));
#3574=CARTESIAN_POINT('',(50.0090922468214,-25.2704478461365,1.));
#3575=CARTESIAN_POINT('Ctrl Pts',(50.0090922468214,-25.2704478461365,1.));
#3576=CARTESIAN_POINT('Ctrl Pts',(50.0121079969101,-24.8524855546225,1.));
#3577=CARTESIAN_POINT('Ctrl Pts',(50.0173892608241,-24.120538575353,1.));
#3578=CARTESIAN_POINT('Ctrl Pts',(50.1858505323051,-23.4091215126567,1.));
#3579=CARTESIAN_POINT('Ctrl Pts',(50.2581156843214,-23.1039435822587,1.));
#3580=CARTESIAN_POINT('',(50.2581156843214,-27.5033582408051,1.));
#3581=CARTESIAN_POINT('Ctrl Pts',(50.2581156843214,-27.5033582408051,1.));
#3582=CARTESIAN_POINT('Ctrl Pts',(50.1857659922945,-27.1815344381441,1.));
#3583=CARTESIAN_POINT('Ctrl Pts',(50.0206598213243,-26.4471139548528,1.));
#3584=CARTESIAN_POINT('Ctrl Pts',(50.0132532506782,-25.693709629776,1.));
#3585=CARTESIAN_POINT('Ctrl Pts',(50.0090922468214,-25.2704478461365,1.));
#3586=CARTESIAN_POINT('',(50.9055770986586,-28.6737681586365,1.));
#3587=CARTESIAN_POINT('Ctrl Pts',(50.9055770986586,-28.6737681586365,1.));
#3588=CARTESIAN_POINT('Ctrl Pts',(50.7752335141033,-28.5224782350879,1.));
#3589=CARTESIAN_POINT('Ctrl Pts',(50.478933844716,-28.178562924779,1.));
#3590=CARTESIAN_POINT('Ctrl Pts',(50.3373923986173,-27.7457658794116,1.));
#3591=CARTESIAN_POINT('Ctrl Pts',(50.2581156843214,-27.5033582408051,1.));
#3592=CARTESIAN_POINT('',(51.89337149792,-29.180115576468,1.));
#3593=CARTESIAN_POINT('Ctrl Pts',(51.89337149792,-29.180115576468,1.));
#3594=CARTESIAN_POINT('Ctrl Pts',(51.7056382868283,-29.1242070853972,1.));
#3595=CARTESIAN_POINT('Ctrl Pts',(51.344582711003,-29.0166817715772,1.));
#3596=CARTESIAN_POINT('Ctrl Pts',(51.0479660056244,-28.7849901866867,1.));
#3597=CARTESIAN_POINT('Ctrl Pts',(50.9055770986586,-28.6737681586365,1.));
#3598=CARTESIAN_POINT('',(53.3792103879957,-29.2963267523865,1.));
#3599=CARTESIAN_POINT('Ctrl Pts',(53.3792103879957,-29.2963267523865,1.));
#3600=CARTESIAN_POINT('Ctrl Pts',(53.0829762589665,-29.2963892381228,1.));
#3601=CARTESIAN_POINT('Ctrl Pts',(52.5842482492763,-29.2964944366256,1.));
#3602=CARTESIAN_POINT('Ctrl Pts',(52.0928779827654,-29.2137226377199,1.));
#3603=CARTESIAN_POINT('Ctrl Pts',(51.89337149792,-29.180115576468,1.));
#3604=CARTESIAN_POINT('',(55.21368399792,-29.2963267523865,1.));
#3605=CARTESIAN_POINT('',(55.21368399792,-29.2963267523865,1.));
#3606=CARTESIAN_POINT('',(55.21368399792,-21.2362683970551,1.));
#3607=CARTESIAN_POINT('',(55.21368399792,-21.2362683970551,1.));
#3608=CARTESIAN_POINT('',(54.1096796148329,-21.2362683970551,1.));
#3609=CARTESIAN_POINT('Origin',(55.3589464777021,-31.3466192442994,0.));
#3610=CARTESIAN_POINT('',(57.6707138174086,-31.3466192442994,0.));
#3611=CARTESIAN_POINT('',(57.6707138174086,-31.3466192442994,0.));
#3612=CARTESIAN_POINT('',(53.0471791379957,-31.3466192442994,0.));
#3613=CARTESIAN_POINT('',(49.1794732388511,-31.3466192442994,0.));
#3614=CARTESIAN_POINT('',(53.0471791379957,-31.3466192442994,0.));
#3615=CARTESIAN_POINT('Ctrl Pts',(50.8723749273329,-31.089295263968,1.));
#3616=CARTESIAN_POINT('Ctrl Pts',(50.8723749273329,-31.089295263968,0.));
#3617=CARTESIAN_POINT('Ctrl Pts',(51.1878585007424,-31.1640865134575,1.));
#3618=CARTESIAN_POINT('Ctrl Pts',(51.1878585007424,-31.1640865134575,0.));
#3619=CARTESIAN_POINT('Ctrl Pts',(51.9021726354521,-31.3334279662804,1.));
#3620=CARTESIAN_POINT('Ctrl Pts',(51.9021726354521,-31.3334279662804,0.));
#3621=CARTESIAN_POINT('Ctrl Pts',(52.6369327542697,-31.3418929182113,1.));
#3622=CARTESIAN_POINT('Ctrl Pts',(52.6369327542697,-31.3418929182113,0.));
#3623=CARTESIAN_POINT('Ctrl Pts',(53.0471791379957,-31.3466192442994,1.));
#3624=CARTESIAN_POINT('Ctrl Pts',(53.0471791379957,-31.3466192442994,0.));
#3625=CARTESIAN_POINT('',(50.8723749273329,-31.089295263968,0.));
#3626=CARTESIAN_POINT('Ctrl Pts',(50.8723749273329,-31.089295263968,0.));
#3627=CARTESIAN_POINT('Ctrl Pts',(51.1878585007424,-31.1640865134575,0.));
#3628=CARTESIAN_POINT('Ctrl Pts',(51.9021726354521,-31.3334279662804,0.));
#3629=CARTESIAN_POINT('Ctrl Pts',(52.6369327542697,-31.3418929182113,0.));
#3630=CARTESIAN_POINT('Ctrl Pts',(53.0471791379957,-31.3466192442994,0.));
#3631=CARTESIAN_POINT('',(50.8723749273329,-31.089295263968,0.));
#3632=CARTESIAN_POINT('Ctrl Pts',(49.1458119504957,-30.1181031424622,1.));
#3633=CARTESIAN_POINT('Ctrl Pts',(49.1458119504957,-30.1181031424622,0.));
#3634=CARTESIAN_POINT('Ctrl Pts',(49.3878685867371,-30.3173860464337,1.));
#3635=CARTESIAN_POINT('Ctrl Pts',(49.3878685867371,-30.3173860464337,0.));
#3636=CARTESIAN_POINT('Ctrl Pts',(49.9050023111775,-30.7431372753539,1.));
#3637=CARTESIAN_POINT('Ctrl Pts',(49.9050023111775,-30.7431372753539,0.));
#3638=CARTESIAN_POINT('Ctrl Pts',(50.5364769085102,-30.9690998184557,1.));
#3639=CARTESIAN_POINT('Ctrl Pts',(50.5364769085102,-30.9690998184557,0.));
#3640=CARTESIAN_POINT('Ctrl Pts',(50.8723749273329,-31.089295263968,1.));
#3641=CARTESIAN_POINT('Ctrl Pts',(50.8723749273329,-31.089295263968,0.));
#3642=CARTESIAN_POINT('',(49.1458119504957,-30.1181031424622,0.));
#3643=CARTESIAN_POINT('Ctrl Pts',(49.1458119504957,-30.1181031424622,0.));
#3644=CARTESIAN_POINT('Ctrl Pts',(49.3878685867371,-30.3173860464337,0.));
#3645=CARTESIAN_POINT('Ctrl Pts',(49.9050023111775,-30.7431372753539,0.));
#3646=CARTESIAN_POINT('Ctrl Pts',(50.5364769085102,-30.9690998184557,0.));
#3647=CARTESIAN_POINT('Ctrl Pts',(50.8723749273329,-31.089295263968,0.));
#3648=CARTESIAN_POINT('',(49.1458119504957,-30.1181031424622,0.));
#3649=CARTESIAN_POINT('Ctrl Pts',(47.8425897710829,-27.9682017523865,1.));
#3650=CARTESIAN_POINT('Ctrl Pts',(47.8425897710829,-27.9682017523865,0.));
#3651=CARTESIAN_POINT('Ctrl Pts',(48.0041044103971,-28.3829352665829,1.));
#3652=CARTESIAN_POINT('Ctrl Pts',(48.0041044103971,-28.3829352665829,0.));
#3653=CARTESIAN_POINT('Ctrl Pts',(48.3131468608997,-29.1764872447629,1.));
#3654=CARTESIAN_POINT('Ctrl Pts',(48.3131468608997,-29.1764872447629,0.));
#3655=CARTESIAN_POINT('Ctrl Pts',(48.8767596962684,-29.8138465054809,1.));
#3656=CARTESIAN_POINT('Ctrl Pts',(48.8767596962684,-29.8138465054809,0.));
#3657=CARTESIAN_POINT('Ctrl Pts',(49.1458119504957,-30.1181031424622,1.));
#3658=CARTESIAN_POINT('Ctrl Pts',(49.1458119504957,-30.1181031424622,0.));
#3659=CARTESIAN_POINT('',(47.8425897710829,-27.9682017523865,0.));
#3660=CARTESIAN_POINT('Ctrl Pts',(47.8425897710829,-27.9682017523865,0.));
#3661=CARTESIAN_POINT('Ctrl Pts',(48.0041044103971,-28.3829352665829,0.));
#3662=CARTESIAN_POINT('Ctrl Pts',(48.3131468608997,-29.1764872447629,0.));
#3663=CARTESIAN_POINT('Ctrl Pts',(48.8767596962684,-29.8138465054809,0.));
#3664=CARTESIAN_POINT('Ctrl Pts',(49.1458119504957,-30.1181031424622,0.));
#3665=CARTESIAN_POINT('',(47.8425897710829,-27.9682017523865,0.));
#3666=CARTESIAN_POINT('Ctrl Pts',(47.4690546148329,-25.3783578831773,1.));
#3667=CARTESIAN_POINT('Ctrl Pts',(47.4690546148329,-25.3783578831773,0.));
#3668=CARTESIAN_POINT('Ctrl Pts',(47.479933456294,-25.8476213403162,1.));
#3669=CARTESIAN_POINT('Ctrl Pts',(47.479933456294,-25.8476213403162,0.));
#3670=CARTESIAN_POINT('Ctrl Pts',(47.5003087133916,-26.7265167281968,1.));
#3671=CARTESIAN_POINT('Ctrl Pts',(47.5003087133916,-26.7265167281968,0.));
#3672=CARTESIAN_POINT('Ctrl Pts',(47.7337762065647,-27.5734613177206,1.));
#3673=CARTESIAN_POINT('Ctrl Pts',(47.7337762065647,-27.5734613177206,0.));
#3674=CARTESIAN_POINT('Ctrl Pts',(47.8425897710829,-27.9682017523865,1.));
#3675=CARTESIAN_POINT('Ctrl Pts',(47.8425897710829,-27.9682017523865,0.));
#3676=CARTESIAN_POINT('',(47.4690546148329,-25.3783578831773,0.));
#3677=CARTESIAN_POINT('Ctrl Pts',(47.4690546148329,-25.3783578831773,0.));
#3678=CARTESIAN_POINT('Ctrl Pts',(47.479933456294,-25.8476213403162,0.));
#3679=CARTESIAN_POINT('Ctrl Pts',(47.5003087133916,-26.7265167281968,0.));
#3680=CARTESIAN_POINT('Ctrl Pts',(47.7337762065647,-27.5734613177206,0.));
#3681=CARTESIAN_POINT('Ctrl Pts',(47.8425897710829,-27.9682017523865,0.));
#3682=CARTESIAN_POINT('',(47.4690546148329,-25.3783578831773,0.));
#3683=CARTESIAN_POINT('Ctrl Pts',(47.86749259167,-22.5062878090958,1.));
#3684=CARTESIAN_POINT('Ctrl Pts',(47.86749259167,-22.5062878090958,0.));
#3685=CARTESIAN_POINT('Ctrl Pts',(47.7514964236566,-22.9369243609919,1.));
#3686=CARTESIAN_POINT('Ctrl Pts',(47.7514964236566,-22.9369243609919,0.));
#3687=CARTESIAN_POINT('Ctrl Pts',(47.4983453886258,-23.8767492767763,1.));
#3688=CARTESIAN_POINT('Ctrl Pts',(47.4983453886258,-23.8767492767763,0.));
#3689=CARTESIAN_POINT('Ctrl Pts',(47.4793474957843,-24.8506873364541,1.));
#3690=CARTESIAN_POINT('Ctrl Pts',(47.4793474957843,-24.8506873364541,0.));
#3691=CARTESIAN_POINT('Ctrl Pts',(47.4690546148329,-25.3783578831773,1.));
#3692=CARTESIAN_POINT('Ctrl Pts',(47.4690546148329,-25.3783578831773,0.));
#3693=CARTESIAN_POINT('',(47.86749259167,-22.5062878090958,0.));
#3694=CARTESIAN_POINT('Ctrl Pts',(47.86749259167,-22.5062878090958,0.));
#3695=CARTESIAN_POINT('Ctrl Pts',(47.7514964236566,-22.9369243609919,0.));
#3696=CARTESIAN_POINT('Ctrl Pts',(47.4983453886258,-23.8767492767763,0.));
#3697=CARTESIAN_POINT('Ctrl Pts',(47.4793474957843,-24.8506873364541,0.));
#3698=CARTESIAN_POINT('Ctrl Pts',(47.4690546148329,-25.3783578831773,0.));
#3699=CARTESIAN_POINT('',(47.86749259167,-22.5062878090958,0.));
#3700=CARTESIAN_POINT('Ctrl Pts',(49.02960196667,-20.5307019908051,1.));
#3701=CARTESIAN_POINT('Ctrl Pts',(49.02960196667,-20.5307019908051,0.));
#3702=CARTESIAN_POINT('Ctrl Pts',(48.7885306281433,-20.8194898111424,1.));
#3703=CARTESIAN_POINT('Ctrl Pts',(48.7885306281433,-20.8194898111424,0.));
#3704=CARTESIAN_POINT('Ctrl Pts',(48.2925273642245,-21.4136695354623,1.));
#3705=CARTESIAN_POINT('Ctrl Pts',(48.2925273642245,-21.4136695354623,0.));
#3706=CARTESIAN_POINT('Ctrl Pts',(48.011785913475,-22.1353592866603,1.));
#3707=CARTESIAN_POINT('Ctrl Pts',(48.011785913475,-22.1353592866603,0.));
#3708=CARTESIAN_POINT('Ctrl Pts',(47.86749259167,-22.5062878090958,1.));
#3709=CARTESIAN_POINT('Ctrl Pts',(47.86749259167,-22.5062878090958,0.));
#3710=CARTESIAN_POINT('',(49.02960196667,-20.5307019908051,0.));
#3711=CARTESIAN_POINT('Ctrl Pts',(49.02960196667,-20.5307019908051,0.));
#3712=CARTESIAN_POINT('Ctrl Pts',(48.7885306281433,-20.8194898111424,0.));
#3713=CARTESIAN_POINT('Ctrl Pts',(48.2925273642245,-21.4136695354623,0.));
#3714=CARTESIAN_POINT('Ctrl Pts',(48.011785913475,-22.1353592866603,0.));
#3715=CARTESIAN_POINT('Ctrl Pts',(47.86749259167,-22.5062878090958,0.));
#3716=CARTESIAN_POINT('',(49.02960196667,-20.5307019908051,0.));
#3717=CARTESIAN_POINT('Ctrl Pts',(50.8640731924086,-19.4100965220551,1.));
#3718=CARTESIAN_POINT('Ctrl Pts',(50.8640731924086,-19.4100965220551,0.));
#3719=CARTESIAN_POINT('Ctrl Pts',(50.5201354059891,-19.5354368793265,1.));
#3720=CARTESIAN_POINT('Ctrl Pts',(50.5201354059891,-19.5354368793265,0.));
#3721=CARTESIAN_POINT('Ctrl Pts',(49.833325553184,-19.7857292162758,1.));
#3722=CARTESIAN_POINT('Ctrl Pts',(49.833325553184,-19.7857292162758,0.));
#3723=CARTESIAN_POINT('Ctrl Pts',(49.2972325443998,-20.2826347480544,1.));
#3724=CARTESIAN_POINT('Ctrl Pts',(49.2972325443998,-20.2826347480544,0.));
#3725=CARTESIAN_POINT('Ctrl Pts',(49.02960196667,-20.5307019908051,1.));
#3726=CARTESIAN_POINT('Ctrl Pts',(49.02960196667,-20.5307019908051,0.));
#3727=CARTESIAN_POINT('',(50.8640731924086,-19.4100965220551,0.));
#3728=CARTESIAN_POINT('Ctrl Pts',(50.8640731924086,-19.4100965220551,0.));
#3729=CARTESIAN_POINT('Ctrl Pts',(50.5201354059891,-19.5354368793265,0.));
#3730=CARTESIAN_POINT('Ctrl Pts',(49.833325553184,-19.7857292162758,0.));
#3731=CARTESIAN_POINT('Ctrl Pts',(49.2972325443998,-20.2826347480544,0.));
#3732=CARTESIAN_POINT('Ctrl Pts',(49.02960196667,-20.5307019908051,0.));
#3733=CARTESIAN_POINT('',(50.8640731924086,-19.4100965220551,0.));
#3734=CARTESIAN_POINT('Ctrl Pts',(53.17999259167,-19.177674170218,1.));
#3735=CARTESIAN_POINT('Ctrl Pts',(53.17999259167,-19.177674170218,0.));
#3736=CARTESIAN_POINT('Ctrl Pts',(52.7319540501327,-19.18008736427,1.));
#3737=CARTESIAN_POINT('Ctrl Pts',(52.7319540501327,-19.18008736427,0.));
#3738=CARTESIAN_POINT('Ctrl Pts',(51.9518930026966,-19.1842888748665,1.));
#3739=CARTESIAN_POINT('Ctrl Pts',(51.9518930026966,-19.1842888748665,0.));
#3740=CARTESIAN_POINT('Ctrl Pts',(51.1888515404877,-19.3426796264039,1.));
#3741=CARTESIAN_POINT('Ctrl Pts',(51.1888515404877,-19.3426796264039,0.));
#3742=CARTESIAN_POINT('Ctrl Pts',(50.8640731924086,-19.4100965220551,1.));
#3743=CARTESIAN_POINT('Ctrl Pts',(50.8640731924086,-19.4100965220551,0.));
#3744=CARTESIAN_POINT('',(53.17999259167,-19.177674170218,0.));
#3745=CARTESIAN_POINT('Ctrl Pts',(53.17999259167,-19.177674170218,0.));
#3746=CARTESIAN_POINT('Ctrl Pts',(52.7319540501327,-19.18008736427,0.));
#3747=CARTESIAN_POINT('Ctrl Pts',(51.9518930026966,-19.1842888748665,0.));
#3748=CARTESIAN_POINT('Ctrl Pts',(51.1888515404877,-19.3426796264039,0.));
#3749=CARTESIAN_POINT('Ctrl Pts',(50.8640731924086,-19.4100965220551,0.));
#3750=CARTESIAN_POINT('',(53.17999259167,-19.177674170218,0.));
#3751=CARTESIAN_POINT('Origin',(55.4253532045393,-19.177674170218,0.));
#3752=CARTESIAN_POINT('',(57.6707138174086,-19.177674170218,0.));
#3753=CARTESIAN_POINT('',(49.2126766022697,-19.177674170218,0.));
#3754=CARTESIAN_POINT('',(57.6707138174086,-19.177674170218,0.));
#3755=CARTESIAN_POINT('Origin',(57.6707138174086,-25.2621467072587,0.));
#3756=CARTESIAN_POINT('',(57.6707138174086,-37.4810733536293,0.));
#3757=CARTESIAN_POINT('Ctrl Pts',(52.0925892942457,-21.3524789769273,1.));
#3758=CARTESIAN_POINT('Ctrl Pts',(52.0925892942457,-21.3524789769273,0.));
#3759=CARTESIAN_POINT('Ctrl Pts',(52.346153938479,-21.3190405313083,1.));
#3760=CARTESIAN_POINT('Ctrl Pts',(52.346153938479,-21.3190405313083,0.));
#3761=CARTESIAN_POINT('Ctrl Pts',(53.0151205155145,-21.2308215977314,1.));
#3762=CARTESIAN_POINT('Ctrl Pts',(53.0151205155145,-21.2308215977314,0.));
#3763=CARTESIAN_POINT('Ctrl Pts',(53.6903738518029,-21.2341818269029,1.));
#3764=CARTESIAN_POINT('Ctrl Pts',(53.6903738518029,-21.2341818269029,0.));
#3765=CARTESIAN_POINT('Ctrl Pts',(54.1096796148329,-21.2362683970551,1.));
#3766=CARTESIAN_POINT('Ctrl Pts',(54.1096796148329,-21.2362683970551,0.));
#3767=CARTESIAN_POINT('',(54.1096796148329,-21.2362683970551,0.));
#3768=CARTESIAN_POINT('',(54.1096796148329,-21.2362683970551,0.));
#3769=CARTESIAN_POINT('',(52.0925892942457,-21.3524789769273,0.));
#3770=CARTESIAN_POINT('Ctrl Pts',(52.0925892942457,-21.3524789769273,0.));
#3771=CARTESIAN_POINT('Ctrl Pts',(52.346153938479,-21.3190405313083,0.));
#3772=CARTESIAN_POINT('Ctrl Pts',(53.0151205155145,-21.2308215977314,0.));
#3773=CARTESIAN_POINT('Ctrl Pts',(53.6903738518029,-21.2341818269029,0.));
#3774=CARTESIAN_POINT('Ctrl Pts',(54.1096796148329,-21.2362683970551,0.));
#3775=CARTESIAN_POINT('',(52.0925892942457,-21.3524789769273,0.));
#3776=CARTESIAN_POINT('Ctrl Pts',(50.9553827398329,-21.9252331215958,1.));
#3777=CARTESIAN_POINT('Ctrl Pts',(50.9553827398329,-21.9252331215958,0.));
#3778=CARTESIAN_POINT('Ctrl Pts',(51.1186331632942,-21.7947404430249,1.));
#3779=CARTESIAN_POINT('Ctrl Pts',(51.1186331632942,-21.7947404430249,0.));
#3780=CARTESIAN_POINT('Ctrl Pts',(51.4571029484102,-21.5241878285896,1.));
#3781=CARTESIAN_POINT('Ctrl Pts',(51.4571029484102,-21.5241878285896,0.));
#3782=CARTESIAN_POINT('Ctrl Pts',(51.8758249094858,-21.4110488641205,1.));
#3783=CARTESIAN_POINT('Ctrl Pts',(51.8758249094858,-21.4110488641205,0.));
#3784=CARTESIAN_POINT('Ctrl Pts',(52.0925892942457,-21.3524789769273,1.));
#3785=CARTESIAN_POINT('Ctrl Pts',(52.0925892942457,-21.3524789769273,0.));
#3786=CARTESIAN_POINT('',(50.9553827398329,-21.9252331215958,0.));
#3787=CARTESIAN_POINT('Ctrl Pts',(50.9553827398329,-21.9252331215958,0.));
#3788=CARTESIAN_POINT('Ctrl Pts',(51.1186331632942,-21.7947404430249,0.));
#3789=CARTESIAN_POINT('Ctrl Pts',(51.4571029484102,-21.5241878285896,0.));
#3790=CARTESIAN_POINT('Ctrl Pts',(51.8758249094858,-21.4110488641205,0.));
#3791=CARTESIAN_POINT('Ctrl Pts',(52.0925892942457,-21.3524789769273,0.));
#3792=CARTESIAN_POINT('',(50.9553827398329,-21.9252331215958,0.));
#3793=CARTESIAN_POINT('Ctrl Pts',(50.2581156843214,-23.1039435822587,1.));
#3794=CARTESIAN_POINT('Ctrl Pts',(50.2581156843214,-23.1039435822587,0.));
#3795=CARTESIAN_POINT('Ctrl Pts',(50.3438497733319,-22.8714581797347,1.));
#3796=CARTESIAN_POINT('Ctrl Pts',(50.3438497733319,-22.8714581797347,0.));
#3797=CARTESIAN_POINT('Ctrl Pts',(50.5046600296849,-22.4353884948551,1.));
#3798=CARTESIAN_POINT('Ctrl Pts',(50.5046600296849,-22.4353884948551,0.));
#3799=CARTESIAN_POINT('Ctrl Pts',(50.8119300854493,-22.0876015596496,1.));
#3800=CARTESIAN_POINT('Ctrl Pts',(50.8119300854493,-22.0876015596496,0.));
#3801=CARTESIAN_POINT('Ctrl Pts',(50.9553827398329,-21.9252331215958,1.));
#3802=CARTESIAN_POINT('Ctrl Pts',(50.9553827398329,-21.9252331215958,0.));
#3803=CARTESIAN_POINT('',(50.2581156843214,-23.1039435822587,0.));
#3804=CARTESIAN_POINT('Ctrl Pts',(50.2581156843214,-23.1039435822587,0.));
#3805=CARTESIAN_POINT('Ctrl Pts',(50.3438497733319,-22.8714581797347,0.));
#3806=CARTESIAN_POINT('Ctrl Pts',(50.5046600296849,-22.4353884948551,0.));
#3807=CARTESIAN_POINT('Ctrl Pts',(50.8119300854493,-22.0876015596496,0.));
#3808=CARTESIAN_POINT('Ctrl Pts',(50.9553827398329,-21.9252331215958,0.));
#3809=CARTESIAN_POINT('',(50.2581156843214,-23.1039435822587,0.));
#3810=CARTESIAN_POINT('Ctrl Pts',(50.0090922468214,-25.2704478461365,1.));
#3811=CARTESIAN_POINT('Ctrl Pts',(50.0090922468214,-25.2704478461365,0.));
#3812=CARTESIAN_POINT('Ctrl Pts',(50.0121079969101,-24.8524855546225,1.));
#3813=CARTESIAN_POINT('Ctrl Pts',(50.0121079969101,-24.8524855546225,0.));
#3814=CARTESIAN_POINT('Ctrl Pts',(50.0173892608241,-24.120538575353,1.));
#3815=CARTESIAN_POINT('Ctrl Pts',(50.0173892608241,-24.120538575353,0.));
#3816=CARTESIAN_POINT('Ctrl Pts',(50.1858505323051,-23.4091215126567,1.));
#3817=CARTESIAN_POINT('Ctrl Pts',(50.1858505323051,-23.4091215126567,0.));
#3818=CARTESIAN_POINT('Ctrl Pts',(50.2581156843214,-23.1039435822587,1.));
#3819=CARTESIAN_POINT('Ctrl Pts',(50.2581156843214,-23.1039435822587,0.));
#3820=CARTESIAN_POINT('',(50.0090922468214,-25.2704478461365,0.));
#3821=CARTESIAN_POINT('Ctrl Pts',(50.0090922468214,-25.2704478461365,0.));
#3822=CARTESIAN_POINT('Ctrl Pts',(50.0121079969101,-24.8524855546225,0.));
#3823=CARTESIAN_POINT('Ctrl Pts',(50.0173892608241,-24.120538575353,0.));
#3824=CARTESIAN_POINT('Ctrl Pts',(50.1858505323051,-23.4091215126567,0.));
#3825=CARTESIAN_POINT('Ctrl Pts',(50.2581156843214,-23.1039435822587,0.));
#3826=CARTESIAN_POINT('',(50.0090922468214,-25.2704478461365,0.));
#3827=CARTESIAN_POINT('Ctrl Pts',(50.2581156843214,-27.5033582408051,1.));
#3828=CARTESIAN_POINT('Ctrl Pts',(50.2581156843214,-27.5033582408051,0.));
#3829=CARTESIAN_POINT('Ctrl Pts',(50.1857659922945,-27.1815344381441,1.));
#3830=CARTESIAN_POINT('Ctrl Pts',(50.1857659922945,-27.1815344381441,0.));
#3831=CARTESIAN_POINT('Ctrl Pts',(50.0206598213243,-26.4471139548528,1.));
#3832=CARTESIAN_POINT('Ctrl Pts',(50.0206598213243,-26.4471139548528,0.));
#3833=CARTESIAN_POINT('Ctrl Pts',(50.0132532506782,-25.693709629776,1.));
#3834=CARTESIAN_POINT('Ctrl Pts',(50.0132532506782,-25.693709629776,0.));
#3835=CARTESIAN_POINT('Ctrl Pts',(50.0090922468214,-25.2704478461365,1.));
#3836=CARTESIAN_POINT('Ctrl Pts',(50.0090922468214,-25.2704478461365,0.));
#3837=CARTESIAN_POINT('',(50.2581156843214,-27.5033582408051,0.));
#3838=CARTESIAN_POINT('Ctrl Pts',(50.2581156843214,-27.5033582408051,0.));
#3839=CARTESIAN_POINT('Ctrl Pts',(50.1857659922945,-27.1815344381441,0.));
#3840=CARTESIAN_POINT('Ctrl Pts',(50.0206598213243,-26.4471139548528,0.));
#3841=CARTESIAN_POINT('Ctrl Pts',(50.0132532506782,-25.693709629776,0.));
#3842=CARTESIAN_POINT('Ctrl Pts',(50.0090922468214,-25.2704478461365,0.));
#3843=CARTESIAN_POINT('',(50.2581156843214,-27.5033582408051,0.));
#3844=CARTESIAN_POINT('Ctrl Pts',(50.9055770986586,-28.6737681586365,1.));
#3845=CARTESIAN_POINT('Ctrl Pts',(50.9055770986586,-28.6737681586365,0.));
#3846=CARTESIAN_POINT('Ctrl Pts',(50.7752335141033,-28.5224782350879,1.));
#3847=CARTESIAN_POINT('Ctrl Pts',(50.7752335141033,-28.5224782350879,0.));
#3848=CARTESIAN_POINT('Ctrl Pts',(50.478933844716,-28.178562924779,1.));
#3849=CARTESIAN_POINT('Ctrl Pts',(50.478933844716,-28.178562924779,0.));
#3850=CARTESIAN_POINT('Ctrl Pts',(50.3373923986173,-27.7457658794116,1.));
#3851=CARTESIAN_POINT('Ctrl Pts',(50.3373923986173,-27.7457658794116,0.));
#3852=CARTESIAN_POINT('Ctrl Pts',(50.2581156843214,-27.5033582408051,1.));
#3853=CARTESIAN_POINT('Ctrl Pts',(50.2581156843214,-27.5033582408051,0.));
#3854=CARTESIAN_POINT('',(50.9055770986586,-28.6737681586365,0.));
#3855=CARTESIAN_POINT('Ctrl Pts',(50.9055770986586,-28.6737681586365,0.));
#3856=CARTESIAN_POINT('Ctrl Pts',(50.7752335141033,-28.5224782350879,0.));
#3857=CARTESIAN_POINT('Ctrl Pts',(50.478933844716,-28.178562924779,0.));
#3858=CARTESIAN_POINT('Ctrl Pts',(50.3373923986173,-27.7457658794116,0.));
#3859=CARTESIAN_POINT('Ctrl Pts',(50.2581156843214,-27.5033582408051,0.));
#3860=CARTESIAN_POINT('',(50.9055770986586,-28.6737681586365,0.));
#3861=CARTESIAN_POINT('Ctrl Pts',(51.89337149792,-29.180115576468,1.));
#3862=CARTESIAN_POINT('Ctrl Pts',(51.89337149792,-29.180115576468,0.));
#3863=CARTESIAN_POINT('Ctrl Pts',(51.7056382868283,-29.1242070853972,1.));
#3864=CARTESIAN_POINT('Ctrl Pts',(51.7056382868283,-29.1242070853972,0.));
#3865=CARTESIAN_POINT('Ctrl Pts',(51.344582711003,-29.0166817715772,1.));
#3866=CARTESIAN_POINT('Ctrl Pts',(51.344582711003,-29.0166817715772,0.));
#3867=CARTESIAN_POINT('Ctrl Pts',(51.0479660056244,-28.7849901866867,1.));
#3868=CARTESIAN_POINT('Ctrl Pts',(51.0479660056244,-28.7849901866867,0.));
#3869=CARTESIAN_POINT('Ctrl Pts',(50.9055770986586,-28.6737681586365,1.));
#3870=CARTESIAN_POINT('Ctrl Pts',(50.9055770986586,-28.6737681586365,0.));
#3871=CARTESIAN_POINT('',(51.89337149792,-29.180115576468,0.));
#3872=CARTESIAN_POINT('Ctrl Pts',(51.89337149792,-29.180115576468,0.));
#3873=CARTESIAN_POINT('Ctrl Pts',(51.7056382868283,-29.1242070853972,0.));
#3874=CARTESIAN_POINT('Ctrl Pts',(51.344582711003,-29.0166817715772,0.));
#3875=CARTESIAN_POINT('Ctrl Pts',(51.0479660056244,-28.7849901866867,0.));
#3876=CARTESIAN_POINT('Ctrl Pts',(50.9055770986586,-28.6737681586365,0.));
#3877=CARTESIAN_POINT('',(51.89337149792,-29.180115576468,0.));
#3878=CARTESIAN_POINT('Ctrl Pts',(53.3792103879957,-29.2963267523865,1.));
#3879=CARTESIAN_POINT('Ctrl Pts',(53.3792103879957,-29.2963267523865,0.));
#3880=CARTESIAN_POINT('Ctrl Pts',(53.0829762589665,-29.2963892381228,1.));
#3881=CARTESIAN_POINT('Ctrl Pts',(53.0829762589665,-29.2963892381228,0.));
#3882=CARTESIAN_POINT('Ctrl Pts',(52.5842482492763,-29.2964944366256,1.));
#3883=CARTESIAN_POINT('Ctrl Pts',(52.5842482492763,-29.2964944366256,0.));
#3884=CARTESIAN_POINT('Ctrl Pts',(52.0928779827654,-29.2137226377199,1.));
#3885=CARTESIAN_POINT('Ctrl Pts',(52.0928779827654,-29.2137226377199,0.));
#3886=CARTESIAN_POINT('Ctrl Pts',(51.89337149792,-29.180115576468,1.));
#3887=CARTESIAN_POINT('Ctrl Pts',(51.89337149792,-29.180115576468,0.));
#3888=CARTESIAN_POINT('',(53.3792103879957,-29.2963267523865,0.));
#3889=CARTESIAN_POINT('Ctrl Pts',(53.3792103879957,-29.2963267523865,0.));
#3890=CARTESIAN_POINT('Ctrl Pts',(53.0829762589665,-29.2963892381228,0.));
#3891=CARTESIAN_POINT('Ctrl Pts',(52.5842482492763,-29.2964944366256,0.));
#3892=CARTESIAN_POINT('Ctrl Pts',(52.0928779827654,-29.2137226377199,0.));
#3893=CARTESIAN_POINT('Ctrl Pts',(51.89337149792,-29.180115576468,0.));
#3894=CARTESIAN_POINT('',(53.3792103879957,-29.2963267523865,0.));
#3895=CARTESIAN_POINT('Origin',(54.2964471929579,-29.2963267523865,0.));
#3896=CARTESIAN_POINT('',(55.21368399792,-29.2963267523865,0.));
#3897=CARTESIAN_POINT('',(48.6482235964789,-29.2963267523865,0.));
#3898=CARTESIAN_POINT('',(55.21368399792,-29.2963267523865,0.));
#3899=CARTESIAN_POINT('Origin',(55.21368399792,-25.2662975747208,0.));
#3900=CARTESIAN_POINT('',(55.21368399792,-21.2362683970551,0.));
#3901=CARTESIAN_POINT('',(55.21368399792,-37.4831487873604,0.));
#3902=CARTESIAN_POINT('',(55.21368399792,-21.2362683970551,0.));
#3903=CARTESIAN_POINT('Origin',(54.6616818063765,-21.2362683970551,0.));
#3904=CARTESIAN_POINT('',(48.8308409031882,-21.2362683970551,0.));
#3905=CARTESIAN_POINT('Origin',(43.,-49.7,1.));
#3906=CARTESIAN_POINT('',(42.9202212446241,-26.2665415961365,1.));
#3907=CARTESIAN_POINT('',(42.9202212446241,-31.3466192442994,1.));
#3908=CARTESIAN_POINT('',(42.9202212446241,-26.2665415961365,1.));
#3909=CARTESIAN_POINT('',(42.4221791379957,-26.2665415961365,1.));
#3910=CARTESIAN_POINT('',(42.4221791379957,-26.2665415961365,1.));
#3911=CARTESIAN_POINT('',(41.1853589170485,-26.4076544005494,1.));
#3912=CARTESIAN_POINT('Ctrl Pts',(41.1853589170485,-26.4076544005494,1.));
#3913=CARTESIAN_POINT('Ctrl Pts',(41.3527358150171,-26.3668022756786,1.));
#3914=CARTESIAN_POINT('Ctrl Pts',(41.7583481979694,-26.2678033820522,1.));
#3915=CARTESIAN_POINT('Ctrl Pts',(42.1765495509144,-26.2670084799992,1.));
#3916=CARTESIAN_POINT('Ctrl Pts',(42.4221791379957,-26.2665415961365,1.));
#3917=CARTESIAN_POINT('',(40.4465903394728,-26.9140018183808,1.));
#3918=CARTESIAN_POINT('Ctrl Pts',(40.4465903394728,-26.9140018183808,1.));
#3919=CARTESIAN_POINT('Ctrl Pts',(40.5604694946749,-26.8009735033695,1.));
#3920=CARTESIAN_POINT('Ctrl Pts',(40.7761487106835,-26.5869057196285,1.));
#3921=CARTESIAN_POINT('Ctrl Pts',(41.0541452381322,-26.4651315227255,1.));
#3922=CARTESIAN_POINT('Ctrl Pts',(41.1853589170485,-26.4076544005494,1.));
#3923=CARTESIAN_POINT('',(39.1516675107985,-28.6986697871308,1.));
#3924=CARTESIAN_POINT('Ctrl Pts',(39.1516675107985,-28.6986697871308,1.));
#3925=CARTESIAN_POINT('Ctrl Pts',(39.4093547731803,-28.3075049601918,1.));
#3926=CARTESIAN_POINT('Ctrl Pts',(39.8142692216305,-27.6928518000428,1.));
#3927=CARTESIAN_POINT('Ctrl Pts',(40.2779834946861,-27.1216802182709,1.));
#3928=CARTESIAN_POINT('Ctrl Pts',(40.4465903394728,-26.9140018183808,1.));
#3929=CARTESIAN_POINT('',(37.3753012769728,-31.3466192442994,1.));
#3930=CARTESIAN_POINT('',(37.3753012769728,-31.3466192442994,1.));
#3931=CARTESIAN_POINT('',(34.4368256681471,-31.3466192442994,1.));
#3932=CARTESIAN_POINT('',(34.4368256681471,-31.3466192442994,1.));
#3933=CARTESIAN_POINT('',(35.9226645582228,-28.972596045218,1.));
#3934=CARTESIAN_POINT('',(35.9226645582228,-28.972596045218,1.));
#3935=CARTESIAN_POINT('',(37.3254956357985,-26.9970096308808,1.));
#3936=CARTESIAN_POINT('Ctrl Pts',(37.3254956357985,-26.9970096308808,1.));
#3937=CARTESIAN_POINT('Ctrl Pts',(37.1166107857484,-27.250847448164,1.));
#3938=CARTESIAN_POINT('Ctrl Pts',(36.6024119858253,-27.8757041622379,1.));
#3939=CARTESIAN_POINT('Ctrl Pts',(36.1759081741262,-28.5639429846529,1.));
#3940=CARTESIAN_POINT('Ctrl Pts',(35.9226645582228,-28.972596045218,1.));
#3941=CARTESIAN_POINT('',(38.6370219343214,-25.9760142523865,1.));
#3942=CARTESIAN_POINT('Ctrl Pts',(38.6370219343214,-25.9760142523865,1.));
#3943=CARTESIAN_POINT('Ctrl Pts',(38.3879424423714,-26.1296813845188,1.));
#3944=CARTESIAN_POINT('Ctrl Pts',(37.9134364227672,-26.4224231861069,1.));
#3945=CARTESIAN_POINT('Ctrl Pts',(37.5148530968735,-26.8119531885281,1.));
#3946=CARTESIAN_POINT('Ctrl Pts',(37.3254956357985,-26.9970096308808,1.));
#3947=CARTESIAN_POINT('',(36.2297953718214,-24.8554087836365,1.));
#3948=CARTESIAN_POINT('Ctrl Pts',(36.2297953718214,-24.8554087836365,1.));
#3949=CARTESIAN_POINT('Ctrl Pts',(36.5502595988816,-25.1264902840915,1.));
#3950=CARTESIAN_POINT('Ctrl Pts',(37.2479889828413,-25.7167013352607,1.));
#3951=CARTESIAN_POINT('Ctrl Pts',(38.1495462175053,-25.8850093917596,1.));
#3952=CARTESIAN_POINT('Ctrl Pts',(38.6370219343214,-25.9760142523865,1.));
#3953=CARTESIAN_POINT('',(35.4246176832228,-22.5892956215958,1.));
#3954=CARTESIAN_POINT('Ctrl Pts',(35.4246176832228,-22.5892956215958,1.));
#3955=CARTESIAN_POINT('Ctrl Pts',(35.4531597317333,-23.0204029296063,1.));
#3956=CARTESIAN_POINT('Ctrl Pts',(35.5082943749353,-23.8531724345752,1.));
#3957=CARTESIAN_POINT('Ctrl Pts',(35.9950317351905,-24.5292988391114,1.));
#3958=CARTESIAN_POINT('Ctrl Pts',(36.2297953718214,-24.8554087836365,1.));
#3959=CARTESIAN_POINT('',(35.9558667295485,-20.671814795218,1.));
#3960=CARTESIAN_POINT('Ctrl Pts',(35.9558667295485,-20.671814795218,1.));
#3961=CARTESIAN_POINT('Ctrl Pts',(35.8009409978981,-20.9651313126451,1.));
#3962=CARTESIAN_POINT('Ctrl Pts',(35.4840589373168,-21.5650751790042,1.));
#3963=CARTESIAN_POINT('Ctrl Pts',(35.4447223521695,-22.2428760643269,1.));
#3964=CARTESIAN_POINT('Ctrl Pts',(35.4246176832228,-22.5892956215958,1.));
#3965=CARTESIAN_POINT('',(37.3753012769728,-19.509705420218,1.));
#3966=CARTESIAN_POINT('Ctrl Pts',(37.3753012769728,-19.509705420218,1.));
#3967=CARTESIAN_POINT('Ctrl Pts',(37.0929789745148,-19.6408634435963,1.));
#3968=CARTESIAN_POINT('Ctrl Pts',(36.5207797427687,-19.9066891313334,1.));
#3969=CARTESIAN_POINT('Ctrl Pts',(36.1458212335574,-20.4145379002157,1.));
#3970=CARTESIAN_POINT('Ctrl Pts',(35.9558667295485,-20.671814795218,1.));
#3971=CARTESIAN_POINT('',(40.2058686368971,-19.177674170218,1.));
#3972=CARTESIAN_POINT('Ctrl Pts',(40.2058686368971,-19.177674170218,1.));
#3973=CARTESIAN_POINT('Ctrl Pts',(39.6413112925736,-19.1783998247847,1.));
#3974=CARTESIAN_POINT('Ctrl Pts',(38.6833150373518,-19.179631186602,1.));
#3975=CARTESIAN_POINT('Ctrl Pts',(37.7560990556787,-19.413611985442,1.));
#3976=CARTESIAN_POINT('Ctrl Pts',(37.3753012769728,-19.509705420218,1.));
#3977=CARTESIAN_POINT('',(45.3772558324843,-19.177674170218,1.));
#3978=CARTESIAN_POINT('',(45.3772558324843,-19.177674170218,1.));
#3979=CARTESIAN_POINT('',(45.3772558324843,-31.3466192442994,1.));
#3980=CARTESIAN_POINT('',(45.3772558324843,-31.3466192442994,1.));
#3981=CARTESIAN_POINT('',(42.9202212446241,-31.3466192442994,1.));
#3982=CARTESIAN_POINT('',(41.0027445905714,-21.2362683970551,1.));
#3983=CARTESIAN_POINT('',(42.9202212446241,-21.2362683970551,1.));
#3984=CARTESIAN_POINT('',(41.0027445905714,-21.2362683970551,1.));
#3985=CARTESIAN_POINT('',(39.2097748868971,-21.2777723033051,1.));
#3986=CARTESIAN_POINT('Ctrl Pts',(39.2097748868971,-21.2777723033051,1.));
#3987=CARTESIAN_POINT('Ctrl Pts',(39.4089488932744,-21.265954338958,1.));
#3988=CARTESIAN_POINT('Ctrl Pts',(40.0059498714441,-21.2305313618158,1.));
#3989=CARTESIAN_POINT('Ctrl Pts',(40.6041311171319,-21.2339741839136,1.));
#3990=CARTESIAN_POINT('Ctrl Pts',(41.0027445905714,-21.2362683970551,1.));
#3991=CARTESIAN_POINT('',(38.2883872144728,-21.7592174965958,1.));
#3992=CARTESIAN_POINT('Ctrl Pts',(38.2883872144728,-21.7592174965958,1.));
#3993=CARTESIAN_POINT('Ctrl Pts',(38.4124528100197,-21.6429787523795,1.));
#3994=CARTESIAN_POINT('Ctrl Pts',(38.6742453093055,-21.3977017984578,1.));
#3995=CARTESIAN_POINT('Ctrl Pts',(39.0251609982502,-21.3191157722563,1.));
#3996=CARTESIAN_POINT('Ctrl Pts',(39.2097748868971,-21.2777723033051,1.));
#3997=CARTESIAN_POINT('',(37.9563559644728,-22.747010107718,1.));
#3998=CARTESIAN_POINT('Ctrl Pts',(37.9563559644728,-22.747010107718,1.));
#3999=CARTESIAN_POINT('Ctrl Pts',(37.9667690867395,-22.5563113876897,1.));
#4000=CARTESIAN_POINT('Ctrl Pts',(37.9864775842443,-22.1953835937445,1.));
#4001=CARTESIAN_POINT('Ctrl Pts',(38.1916289875345,-21.8990032271097,1.));
#4002=CARTESIAN_POINT('Ctrl Pts',(38.2883872144728,-21.7592174965958,1.));
#4003=CARTESIAN_POINT('',(38.2053794019728,-23.660096045218,1.));
#4004=CARTESIAN_POINT('Ctrl Pts',(38.2053794019728,-23.660096045218,1.));
#4005=CARTESIAN_POINT('Ctrl Pts',(38.1328116400284,-23.5260424096986,1.));
#4006=CARTESIAN_POINT('Ctrl Pts',(37.9788818716126,-23.2416896266182,1.));
#4007=CARTESIAN_POINT('Ctrl Pts',(37.9641452422891,-22.918066313305,1.));
#4008=CARTESIAN_POINT('Ctrl Pts',(37.9563559644728,-22.747010107718,1.));
#4009=CARTESIAN_POINT('',(38.8943471067457,-24.1747446019273,1.));
#4010=CARTESIAN_POINT('Ctrl Pts',(38.8943471067457,-24.1747446019273,1.));
#4011=CARTESIAN_POINT('Ctrl Pts',(38.7562314630018,-24.1167857504456,1.));
#4012=CARTESIAN_POINT('Ctrl Pts',(38.4836688747745,-24.0024075805128,1.));
#4013=CARTESIAN_POINT('Ctrl Pts',(38.2973064117676,-23.7731713819928,1.));
#4014=CARTESIAN_POINT('Ctrl Pts',(38.2053794019728,-23.660096045218,1.));
#4015=CARTESIAN_POINT('',(41.1023511045485,-24.324158545218,1.));
#4016=CARTESIAN_POINT('Ctrl Pts',(41.1023511045485,-24.324158545218,1.));
#4017=CARTESIAN_POINT('Ctrl Pts',(40.6221164287833,-24.3299626858168,1.));
#4018=CARTESIAN_POINT('Ctrl Pts',(39.8811036420428,-24.3389186038644,1.));
#4019=CARTESIAN_POINT('Ctrl Pts',(39.1512115939896,-24.2174810514139,1.));
#4020=CARTESIAN_POINT('Ctrl Pts',(38.8943471067457,-24.1747446019273,1.));
#4021=CARTESIAN_POINT('',(42.9202212446241,-24.324158545218,1.));
#4022=CARTESIAN_POINT('',(42.9202212446241,-24.324158545218,1.));
#4023=CARTESIAN_POINT('',(42.9202212446241,-21.2362683970551,1.));
#4024=CARTESIAN_POINT('Origin',(42.9202212446241,-28.806580420218,0.));
#4025=CARTESIAN_POINT('',(42.9202212446241,-31.3466192442994,0.));
#4026=CARTESIAN_POINT('',(42.9202212446241,-31.3466192442994,0.));
#4027=CARTESIAN_POINT('',(42.9202212446241,-26.2665415961365,0.));
#4028=CARTESIAN_POINT('',(42.9202212446241,-39.253290210109,0.));
#4029=CARTESIAN_POINT('',(42.9202212446241,-26.2665415961365,0.));
#4030=CARTESIAN_POINT('Origin',(42.6712001913099,-26.2665415961365,0.));
#4031=CARTESIAN_POINT('',(42.4221791379957,-26.2665415961365,0.));
#4032=CARTESIAN_POINT('',(42.835600095655,-26.2665415961365,0.));
#4033=CARTESIAN_POINT('',(42.4221791379957,-26.2665415961365,0.));
#4034=CARTESIAN_POINT('Ctrl Pts',(41.1853589170485,-26.4076544005494,1.));
#4035=CARTESIAN_POINT('Ctrl Pts',(41.1853589170485,-26.4076544005494,0.));
#4036=CARTESIAN_POINT('Ctrl Pts',(41.3527358150171,-26.3668022756786,1.));
#4037=CARTESIAN_POINT('Ctrl Pts',(41.3527358150171,-26.3668022756786,0.));
#4038=CARTESIAN_POINT('Ctrl Pts',(41.7583481979694,-26.2678033820522,1.));
#4039=CARTESIAN_POINT('Ctrl Pts',(41.7583481979694,-26.2678033820522,0.));
#4040=CARTESIAN_POINT('Ctrl Pts',(42.1765495509144,-26.2670084799992,1.));
#4041=CARTESIAN_POINT('Ctrl Pts',(42.1765495509144,-26.2670084799992,0.));
#4042=CARTESIAN_POINT('Ctrl Pts',(42.4221791379957,-26.2665415961365,1.));
#4043=CARTESIAN_POINT('Ctrl Pts',(42.4221791379957,-26.2665415961365,0.));
#4044=CARTESIAN_POINT('',(41.1853589170485,-26.4076544005494,0.));
#4045=CARTESIAN_POINT('Ctrl Pts',(41.1853589170485,-26.4076544005494,0.));
#4046=CARTESIAN_POINT('Ctrl Pts',(41.3527358150171,-26.3668022756786,0.));
#4047=CARTESIAN_POINT('Ctrl Pts',(41.7583481979694,-26.2678033820522,0.));
#4048=CARTESIAN_POINT('Ctrl Pts',(42.1765495509144,-26.2670084799992,0.));
#4049=CARTESIAN_POINT('Ctrl Pts',(42.4221791379957,-26.2665415961365,0.));
#4050=CARTESIAN_POINT('',(41.1853589170485,-26.4076544005494,0.));
#4051=CARTESIAN_POINT('Ctrl Pts',(40.4465903394728,-26.9140018183808,1.));
#4052=CARTESIAN_POINT('Ctrl Pts',(40.4465903394728,-26.9140018183808,0.));
#4053=CARTESIAN_POINT('Ctrl Pts',(40.5604694946749,-26.8009735033695,1.));
#4054=CARTESIAN_POINT('Ctrl Pts',(40.5604694946749,-26.8009735033695,0.));
#4055=CARTESIAN_POINT('Ctrl Pts',(40.7761487106835,-26.5869057196285,1.));
#4056=CARTESIAN_POINT('Ctrl Pts',(40.7761487106835,-26.5869057196285,0.));
#4057=CARTESIAN_POINT('Ctrl Pts',(41.0541452381322,-26.4651315227255,1.));
#4058=CARTESIAN_POINT('Ctrl Pts',(41.0541452381322,-26.4651315227255,0.));
#4059=CARTESIAN_POINT('Ctrl Pts',(41.1853589170485,-26.4076544005494,1.));
#4060=CARTESIAN_POINT('Ctrl Pts',(41.1853589170485,-26.4076544005494,0.));
#4061=CARTESIAN_POINT('',(40.4465903394728,-26.9140018183808,0.));
#4062=CARTESIAN_POINT('Ctrl Pts',(40.4465903394728,-26.9140018183808,0.));
#4063=CARTESIAN_POINT('Ctrl Pts',(40.5604694946749,-26.8009735033695,0.));
#4064=CARTESIAN_POINT('Ctrl Pts',(40.7761487106835,-26.5869057196285,0.));
#4065=CARTESIAN_POINT('Ctrl Pts',(41.0541452381322,-26.4651315227255,0.));
#4066=CARTESIAN_POINT('Ctrl Pts',(41.1853589170485,-26.4076544005494,0.));
#4067=CARTESIAN_POINT('',(40.4465903394728,-26.9140018183808,0.));
#4068=CARTESIAN_POINT('Ctrl Pts',(39.1516675107985,-28.6986697871308,1.));
#4069=CARTESIAN_POINT('Ctrl Pts',(39.1516675107985,-28.6986697871308,0.));
#4070=CARTESIAN_POINT('Ctrl Pts',(39.4093547731803,-28.3075049601918,1.));
#4071=CARTESIAN_POINT('Ctrl Pts',(39.4093547731803,-28.3075049601918,0.));
#4072=CARTESIAN_POINT('Ctrl Pts',(39.8142692216305,-27.6928518000428,1.));
#4073=CARTESIAN_POINT('Ctrl Pts',(39.8142692216305,-27.6928518000428,0.));
#4074=CARTESIAN_POINT('Ctrl Pts',(40.2779834946861,-27.1216802182709,1.));
#4075=CARTESIAN_POINT('Ctrl Pts',(40.2779834946861,-27.1216802182709,0.));
#4076=CARTESIAN_POINT('Ctrl Pts',(40.4465903394728,-26.9140018183808,1.));
#4077=CARTESIAN_POINT('Ctrl Pts',(40.4465903394728,-26.9140018183808,0.));
#4078=CARTESIAN_POINT('',(39.1516675107985,-28.6986697871308,0.));
#4079=CARTESIAN_POINT('Ctrl Pts',(39.1516675107985,-28.6986697871308,0.));
#4080=CARTESIAN_POINT('Ctrl Pts',(39.4093547731803,-28.3075049601918,0.));
#4081=CARTESIAN_POINT('Ctrl Pts',(39.8142692216305,-27.6928518000428,0.));
#4082=CARTESIAN_POINT('Ctrl Pts',(40.2779834946861,-27.1216802182709,0.));
#4083=CARTESIAN_POINT('Ctrl Pts',(40.4465903394728,-26.9140018183808,0.));
#4084=CARTESIAN_POINT('',(39.1516675107985,-28.6986697871308,0.));
#4085=CARTESIAN_POINT('Origin',(38.2634843938856,-30.0226445157151,0.));
#4086=CARTESIAN_POINT('',(37.3753012769728,-31.3466192442994,0.));
#4087=CARTESIAN_POINT('',(34.4467195201227,-35.7121246933778,0.));
#4088=CARTESIAN_POINT('',(37.3753012769728,-31.3466192442994,0.));
#4089=CARTESIAN_POINT('Origin',(35.9060634725599,-31.3466192442994,0.));
#4090=CARTESIAN_POINT('',(34.4368256681471,-31.3466192442994,0.));
#4091=CARTESIAN_POINT('',(39.45303173628,-31.3466192442994,0.));
#4092=CARTESIAN_POINT('',(34.4368256681471,-31.3466192442994,0.));
#4093=CARTESIAN_POINT('Origin',(35.1797451131849,-30.1596076447587,0.));
#4094=CARTESIAN_POINT('',(35.9226645582228,-28.972596045218,0.));
#4095=CARTESIAN_POINT('',(31.8865187560213,-35.4214134999914,0.));
#4096=CARTESIAN_POINT('',(35.9226645582228,-28.972596045218,0.));
#4097=CARTESIAN_POINT('Ctrl Pts',(37.3254956357985,-26.9970096308808,1.));
#4098=CARTESIAN_POINT('Ctrl Pts',(37.3254956357985,-26.9970096308808,0.));
#4099=CARTESIAN_POINT('Ctrl Pts',(37.1166107857484,-27.250847448164,1.));
#4100=CARTESIAN_POINT('Ctrl Pts',(37.1166107857484,-27.250847448164,0.));
#4101=CARTESIAN_POINT('Ctrl Pts',(36.6024119858253,-27.8757041622379,1.));
#4102=CARTESIAN_POINT('Ctrl Pts',(36.6024119858253,-27.8757041622379,0.));
#4103=CARTESIAN_POINT('Ctrl Pts',(36.1759081741262,-28.5639429846529,1.));
#4104=CARTESIAN_POINT('Ctrl Pts',(36.1759081741262,-28.5639429846529,0.));
#4105=CARTESIAN_POINT('Ctrl Pts',(35.9226645582228,-28.972596045218,1.));
#4106=CARTESIAN_POINT('Ctrl Pts',(35.9226645582228,-28.972596045218,0.));
#4107=CARTESIAN_POINT('',(37.3254956357985,-26.9970096308808,0.));
#4108=CARTESIAN_POINT('Ctrl Pts',(37.3254956357985,-26.9970096308808,0.));
#4109=CARTESIAN_POINT('Ctrl Pts',(37.1166107857484,-27.250847448164,0.));
#4110=CARTESIAN_POINT('Ctrl Pts',(36.6024119858253,-27.8757041622379,0.));
#4111=CARTESIAN_POINT('Ctrl Pts',(36.1759081741262,-28.5639429846529,0.));
#4112=CARTESIAN_POINT('Ctrl Pts',(35.9226645582228,-28.972596045218,0.));
#4113=CARTESIAN_POINT('',(37.3254956357985,-26.9970096308808,0.));
#4114=CARTESIAN_POINT('Ctrl Pts',(38.6370219343214,-25.9760142523865,1.));
#4115=CARTESIAN_POINT('Ctrl Pts',(38.6370219343214,-25.9760142523865,0.));
#4116=CARTESIAN_POINT('Ctrl Pts',(38.3879424423714,-26.1296813845188,1.));
#4117=CARTESIAN_POINT('Ctrl Pts',(38.3879424423714,-26.1296813845188,0.));
#4118=CARTESIAN_POINT('Ctrl Pts',(37.9134364227672,-26.4224231861069,1.));
#4119=CARTESIAN_POINT('Ctrl Pts',(37.9134364227672,-26.4224231861069,0.));
#4120=CARTESIAN_POINT('Ctrl Pts',(37.5148530968735,-26.8119531885281,1.));
#4121=CARTESIAN_POINT('Ctrl Pts',(37.5148530968735,-26.8119531885281,0.));
#4122=CARTESIAN_POINT('Ctrl Pts',(37.3254956357985,-26.9970096308808,1.));
#4123=CARTESIAN_POINT('Ctrl Pts',(37.3254956357985,-26.9970096308808,0.));
#4124=CARTESIAN_POINT('',(38.6370219343214,-25.9760142523865,0.));
#4125=CARTESIAN_POINT('Ctrl Pts',(38.6370219343214,-25.9760142523865,0.));
#4126=CARTESIAN_POINT('Ctrl Pts',(38.3879424423714,-26.1296813845188,0.));
#4127=CARTESIAN_POINT('Ctrl Pts',(37.9134364227672,-26.4224231861069,0.));
#4128=CARTESIAN_POINT('Ctrl Pts',(37.5148530968735,-26.8119531885281,0.));
#4129=CARTESIAN_POINT('Ctrl Pts',(37.3254956357985,-26.9970096308808,0.));
#4130=CARTESIAN_POINT('',(38.6370219343214,-25.9760142523865,0.));
#4131=CARTESIAN_POINT('Ctrl Pts',(36.2297953718214,-24.8554087836365,1.));
#4132=CARTESIAN_POINT('Ctrl Pts',(36.2297953718214,-24.8554087836365,0.));
#4133=CARTESIAN_POINT('Ctrl Pts',(36.5502595988816,-25.1264902840915,1.));
#4134=CARTESIAN_POINT('Ctrl Pts',(36.5502595988816,-25.1264902840915,0.));
#4135=CARTESIAN_POINT('Ctrl Pts',(37.2479889828413,-25.7167013352607,1.));
#4136=CARTESIAN_POINT('Ctrl Pts',(37.2479889828413,-25.7167013352607,0.));
#4137=CARTESIAN_POINT('Ctrl Pts',(38.1495462175053,-25.8850093917596,1.));
#4138=CARTESIAN_POINT('Ctrl Pts',(38.1495462175053,-25.8850093917596,0.));
#4139=CARTESIAN_POINT('Ctrl Pts',(38.6370219343214,-25.9760142523865,1.));
#4140=CARTESIAN_POINT('Ctrl Pts',(38.6370219343214,-25.9760142523865,0.));
#4141=CARTESIAN_POINT('',(36.2297953718214,-24.8554087836365,0.));
#4142=CARTESIAN_POINT('Ctrl Pts',(36.2297953718214,-24.8554087836365,0.));
#4143=CARTESIAN_POINT('Ctrl Pts',(36.5502595988816,-25.1264902840915,0.));
#4144=CARTESIAN_POINT('Ctrl Pts',(37.2479889828413,-25.7167013352607,0.));
#4145=CARTESIAN_POINT('Ctrl Pts',(38.1495462175053,-25.8850093917596,0.));
#4146=CARTESIAN_POINT('Ctrl Pts',(38.6370219343214,-25.9760142523865,0.));
#4147=CARTESIAN_POINT('',(36.2297953718214,-24.8554087836365,0.));
#4148=CARTESIAN_POINT('Ctrl Pts',(35.4246176832228,-22.5892956215958,1.));
#4149=CARTESIAN_POINT('Ctrl Pts',(35.4246176832228,-22.5892956215958,0.));
#4150=CARTESIAN_POINT('Ctrl Pts',(35.4531597317333,-23.0204029296063,1.));
#4151=CARTESIAN_POINT('Ctrl Pts',(35.4531597317333,-23.0204029296063,0.));
#4152=CARTESIAN_POINT('Ctrl Pts',(35.5082943749353,-23.8531724345752,1.));
#4153=CARTESIAN_POINT('Ctrl Pts',(35.5082943749353,-23.8531724345752,0.));
#4154=CARTESIAN_POINT('Ctrl Pts',(35.9950317351905,-24.5292988391114,1.));
#4155=CARTESIAN_POINT('Ctrl Pts',(35.9950317351905,-24.5292988391114,0.));
#4156=CARTESIAN_POINT('Ctrl Pts',(36.2297953718214,-24.8554087836365,1.));
#4157=CARTESIAN_POINT('Ctrl Pts',(36.2297953718214,-24.8554087836365,0.));
#4158=CARTESIAN_POINT('',(35.4246176832228,-22.5892956215958,0.));
#4159=CARTESIAN_POINT('Ctrl Pts',(35.4246176832228,-22.5892956215958,0.));
#4160=CARTESIAN_POINT('Ctrl Pts',(35.4531597317333,-23.0204029296063,0.));
#4161=CARTESIAN_POINT('Ctrl Pts',(35.5082943749353,-23.8531724345752,0.));
#4162=CARTESIAN_POINT('Ctrl Pts',(35.9950317351905,-24.5292988391114,0.));
#4163=CARTESIAN_POINT('Ctrl Pts',(36.2297953718214,-24.8554087836365,0.));
#4164=CARTESIAN_POINT('',(35.4246176832228,-22.5892956215958,0.));
#4165=CARTESIAN_POINT('Ctrl Pts',(35.9558667295485,-20.671814795218,1.));
#4166=CARTESIAN_POINT('Ctrl Pts',(35.9558667295485,-20.671814795218,0.));
#4167=CARTESIAN_POINT('Ctrl Pts',(35.8009409978981,-20.9651313126451,1.));
#4168=CARTESIAN_POINT('Ctrl Pts',(35.8009409978981,-20.9651313126451,0.));
#4169=CARTESIAN_POINT('Ctrl Pts',(35.4840589373168,-21.5650751790042,1.));
#4170=CARTESIAN_POINT('Ctrl Pts',(35.4840589373168,-21.5650751790042,0.));
#4171=CARTESIAN_POINT('Ctrl Pts',(35.4447223521695,-22.2428760643269,1.));
#4172=CARTESIAN_POINT('Ctrl Pts',(35.4447223521695,-22.2428760643269,0.));
#4173=CARTESIAN_POINT('Ctrl Pts',(35.4246176832228,-22.5892956215958,1.));
#4174=CARTESIAN_POINT('Ctrl Pts',(35.4246176832228,-22.5892956215958,0.));
#4175=CARTESIAN_POINT('',(35.9558667295485,-20.671814795218,0.));
#4176=CARTESIAN_POINT('Ctrl Pts',(35.9558667295485,-20.671814795218,0.));
#4177=CARTESIAN_POINT('Ctrl Pts',(35.8009409978981,-20.9651313126451,0.));
#4178=CARTESIAN_POINT('Ctrl Pts',(35.4840589373168,-21.5650751790042,0.));
#4179=CARTESIAN_POINT('Ctrl Pts',(35.4447223521695,-22.2428760643269,0.));
#4180=CARTESIAN_POINT('Ctrl Pts',(35.4246176832228,-22.5892956215958,0.));
#4181=CARTESIAN_POINT('',(35.9558667295485,-20.671814795218,0.));
#4182=CARTESIAN_POINT('Ctrl Pts',(37.3753012769728,-19.509705420218,1.));
#4183=CARTESIAN_POINT('Ctrl Pts',(37.3753012769728,-19.509705420218,0.));
#4184=CARTESIAN_POINT('Ctrl Pts',(37.0929789745148,-19.6408634435963,1.));
#4185=CARTESIAN_POINT('Ctrl Pts',(37.0929789745148,-19.6408634435963,0.));
#4186=CARTESIAN_POINT('Ctrl Pts',(36.5207797427687,-19.9066891313334,1.));
#4187=CARTESIAN_POINT('Ctrl Pts',(36.5207797427687,-19.9066891313334,0.));
#4188=CARTESIAN_POINT('Ctrl Pts',(36.1458212335574,-20.4145379002157,1.));
#4189=CARTESIAN_POINT('Ctrl Pts',(36.1458212335574,-20.4145379002157,0.));
#4190=CARTESIAN_POINT('Ctrl Pts',(35.9558667295485,-20.671814795218,1.));
#4191=CARTESIAN_POINT('Ctrl Pts',(35.9558667295485,-20.671814795218,0.));
#4192=CARTESIAN_POINT('',(37.3753012769728,-19.509705420218,0.));
#4193=CARTESIAN_POINT('Ctrl Pts',(37.3753012769728,-19.509705420218,0.));
#4194=CARTESIAN_POINT('Ctrl Pts',(37.0929789745148,-19.6408634435963,0.));
#4195=CARTESIAN_POINT('Ctrl Pts',(36.5207797427687,-19.9066891313334,0.));
#4196=CARTESIAN_POINT('Ctrl Pts',(36.1458212335574,-20.4145379002157,0.));
#4197=CARTESIAN_POINT('Ctrl Pts',(35.9558667295485,-20.671814795218,0.));
#4198=CARTESIAN_POINT('',(37.3753012769728,-19.509705420218,0.));
#4199=CARTESIAN_POINT('Ctrl Pts',(40.2058686368971,-19.177674170218,1.));
#4200=CARTESIAN_POINT('Ctrl Pts',(40.2058686368971,-19.177674170218,0.));
#4201=CARTESIAN_POINT('Ctrl Pts',(39.6413112925736,-19.1783998247847,1.));
#4202=CARTESIAN_POINT('Ctrl Pts',(39.6413112925736,-19.1783998247847,0.));
#4203=CARTESIAN_POINT('Ctrl Pts',(38.6833150373518,-19.179631186602,1.));
#4204=CARTESIAN_POINT('Ctrl Pts',(38.6833150373518,-19.179631186602,0.));
#4205=CARTESIAN_POINT('Ctrl Pts',(37.7560990556787,-19.413611985442,1.));
#4206=CARTESIAN_POINT('Ctrl Pts',(37.7560990556787,-19.413611985442,0.));
#4207=CARTESIAN_POINT('Ctrl Pts',(37.3753012769728,-19.509705420218,1.));
#4208=CARTESIAN_POINT('Ctrl Pts',(37.3753012769728,-19.509705420218,0.));
#4209=CARTESIAN_POINT('',(40.2058686368971,-19.177674170218,0.));
#4210=CARTESIAN_POINT('Ctrl Pts',(40.2058686368971,-19.177674170218,0.));
#4211=CARTESIAN_POINT('Ctrl Pts',(39.6413112925736,-19.1783998247847,0.));
#4212=CARTESIAN_POINT('Ctrl Pts',(38.6833150373518,-19.179631186602,0.));
#4213=CARTESIAN_POINT('Ctrl Pts',(37.7560990556787,-19.413611985442,0.));
#4214=CARTESIAN_POINT('Ctrl Pts',(37.3753012769728,-19.509705420218,0.));
#4215=CARTESIAN_POINT('',(40.2058686368971,-19.177674170218,0.));
#4216=CARTESIAN_POINT('Origin',(42.7915622346907,-19.177674170218,0.));
#4217=CARTESIAN_POINT('',(45.3772558324843,-19.177674170218,0.));
#4218=CARTESIAN_POINT('',(42.8957811173453,-19.177674170218,0.));
#4219=CARTESIAN_POINT('',(45.3772558324843,-19.177674170218,0.));
#4220=CARTESIAN_POINT('Origin',(45.3772558324843,-25.2621467072587,0.));
#4221=CARTESIAN_POINT('',(45.3772558324843,-31.3466192442994,0.));
#4222=CARTESIAN_POINT('',(45.3772558324843,-37.4810733536293,0.));
#4223=CARTESIAN_POINT('',(45.3772558324843,-31.3466192442994,0.));
#4224=CARTESIAN_POINT('Origin',(44.1487385385542,-31.3466192442994,0.));
#4225=CARTESIAN_POINT('',(43.5743692692771,-31.3466192442994,0.));
#4226=CARTESIAN_POINT('Origin',(41.9614829175978,-21.2362683970551,0.));
#4227=CARTESIAN_POINT('',(42.9202212446241,-21.2362683970551,0.));
#4228=CARTESIAN_POINT('',(42.9202212446241,-21.2362683970551,0.));
#4229=CARTESIAN_POINT('',(41.0027445905714,-21.2362683970551,0.));
#4230=CARTESIAN_POINT('',(42.4807414587989,-21.2362683970551,0.));
#4231=CARTESIAN_POINT('',(41.0027445905714,-21.2362683970551,0.));
#4232=CARTESIAN_POINT('Ctrl Pts',(39.2097748868971,-21.2777723033051,1.));
#4233=CARTESIAN_POINT('Ctrl Pts',(39.2097748868971,-21.2777723033051,0.));
#4234=CARTESIAN_POINT('Ctrl Pts',(39.4089488932744,-21.265954338958,1.));
#4235=CARTESIAN_POINT('Ctrl Pts',(39.4089488932744,-21.265954338958,0.));
#4236=CARTESIAN_POINT('Ctrl Pts',(40.0059498714441,-21.2305313618158,1.));
#4237=CARTESIAN_POINT('Ctrl Pts',(40.0059498714441,-21.2305313618158,0.));
#4238=CARTESIAN_POINT('Ctrl Pts',(40.6041311171319,-21.2339741839136,1.));
#4239=CARTESIAN_POINT('Ctrl Pts',(40.6041311171319,-21.2339741839136,0.));
#4240=CARTESIAN_POINT('Ctrl Pts',(41.0027445905714,-21.2362683970551,1.));
#4241=CARTESIAN_POINT('Ctrl Pts',(41.0027445905714,-21.2362683970551,0.));
#4242=CARTESIAN_POINT('',(39.2097748868971,-21.2777723033051,0.));
#4243=CARTESIAN_POINT('Ctrl Pts',(39.2097748868971,-21.2777723033051,0.));
#4244=CARTESIAN_POINT('Ctrl Pts',(39.4089488932744,-21.265954338958,0.));
#4245=CARTESIAN_POINT('Ctrl Pts',(40.0059498714441,-21.2305313618158,0.));
#4246=CARTESIAN_POINT('Ctrl Pts',(40.6041311171319,-21.2339741839136,0.));
#4247=CARTESIAN_POINT('Ctrl Pts',(41.0027445905714,-21.2362683970551,0.));
#4248=CARTESIAN_POINT('',(39.2097748868971,-21.2777723033051,0.));
#4249=CARTESIAN_POINT('Ctrl Pts',(38.2883872144728,-21.7592174965958,1.));
#4250=CARTESIAN_POINT('Ctrl Pts',(38.2883872144728,-21.7592174965958,0.));
#4251=CARTESIAN_POINT('Ctrl Pts',(38.4124528100197,-21.6429787523795,1.));
#4252=CARTESIAN_POINT('Ctrl Pts',(38.4124528100197,-21.6429787523795,0.));
#4253=CARTESIAN_POINT('Ctrl Pts',(38.6742453093055,-21.3977017984578,1.));
#4254=CARTESIAN_POINT('Ctrl Pts',(38.6742453093055,-21.3977017984578,0.));
#4255=CARTESIAN_POINT('Ctrl Pts',(39.0251609982502,-21.3191157722563,1.));
#4256=CARTESIAN_POINT('Ctrl Pts',(39.0251609982502,-21.3191157722563,0.));
#4257=CARTESIAN_POINT('Ctrl Pts',(39.2097748868971,-21.2777723033051,1.));
#4258=CARTESIAN_POINT('Ctrl Pts',(39.2097748868971,-21.2777723033051,0.));
#4259=CARTESIAN_POINT('',(38.2883872144728,-21.7592174965958,0.));
#4260=CARTESIAN_POINT('Ctrl Pts',(38.2883872144728,-21.7592174965958,0.));
#4261=CARTESIAN_POINT('Ctrl Pts',(38.4124528100197,-21.6429787523795,0.));
#4262=CARTESIAN_POINT('Ctrl Pts',(38.6742453093055,-21.3977017984578,0.));
#4263=CARTESIAN_POINT('Ctrl Pts',(39.0251609982502,-21.3191157722563,0.));
#4264=CARTESIAN_POINT('Ctrl Pts',(39.2097748868971,-21.2777723033051,0.));
#4265=CARTESIAN_POINT('',(38.2883872144728,-21.7592174965958,0.));
#4266=CARTESIAN_POINT('Ctrl Pts',(37.9563559644728,-22.747010107718,1.));
#4267=CARTESIAN_POINT('Ctrl Pts',(37.9563559644728,-22.747010107718,0.));
#4268=CARTESIAN_POINT('Ctrl Pts',(37.9667690867395,-22.5563113876897,1.));
#4269=CARTESIAN_POINT('Ctrl Pts',(37.9667690867395,-22.5563113876897,0.));
#4270=CARTESIAN_POINT('Ctrl Pts',(37.9864775842443,-22.1953835937445,1.));
#4271=CARTESIAN_POINT('Ctrl Pts',(37.9864775842443,-22.1953835937445,0.));
#4272=CARTESIAN_POINT('Ctrl Pts',(38.1916289875345,-21.8990032271097,1.));
#4273=CARTESIAN_POINT('Ctrl Pts',(38.1916289875345,-21.8990032271097,0.));
#4274=CARTESIAN_POINT('Ctrl Pts',(38.2883872144728,-21.7592174965958,1.));
#4275=CARTESIAN_POINT('Ctrl Pts',(38.2883872144728,-21.7592174965958,0.));
#4276=CARTESIAN_POINT('',(37.9563559644728,-22.747010107718,0.));
#4277=CARTESIAN_POINT('Ctrl Pts',(37.9563559644728,-22.747010107718,0.));
#4278=CARTESIAN_POINT('Ctrl Pts',(37.9667690867395,-22.5563113876897,0.));
#4279=CARTESIAN_POINT('Ctrl Pts',(37.9864775842443,-22.1953835937445,0.));
#4280=CARTESIAN_POINT('Ctrl Pts',(38.1916289875345,-21.8990032271097,0.));
#4281=CARTESIAN_POINT('Ctrl Pts',(38.2883872144728,-21.7592174965958,0.));
#4282=CARTESIAN_POINT('',(37.9563559644728,-22.747010107718,0.));
#4283=CARTESIAN_POINT('Ctrl Pts',(38.2053794019728,-23.660096045218,1.));
#4284=CARTESIAN_POINT('Ctrl Pts',(38.2053794019728,-23.660096045218,0.));
#4285=CARTESIAN_POINT('Ctrl Pts',(38.1328116400284,-23.5260424096986,1.));
#4286=CARTESIAN_POINT('Ctrl Pts',(38.1328116400284,-23.5260424096986,0.));
#4287=CARTESIAN_POINT('Ctrl Pts',(37.9788818716126,-23.2416896266182,1.));
#4288=CARTESIAN_POINT('Ctrl Pts',(37.9788818716126,-23.2416896266182,0.));
#4289=CARTESIAN_POINT('Ctrl Pts',(37.9641452422891,-22.918066313305,1.));
#4290=CARTESIAN_POINT('Ctrl Pts',(37.9641452422891,-22.918066313305,0.));
#4291=CARTESIAN_POINT('Ctrl Pts',(37.9563559644728,-22.747010107718,1.));
#4292=CARTESIAN_POINT('Ctrl Pts',(37.9563559644728,-22.747010107718,0.));
#4293=CARTESIAN_POINT('',(38.2053794019728,-23.660096045218,0.));
#4294=CARTESIAN_POINT('Ctrl Pts',(38.2053794019728,-23.660096045218,0.));
#4295=CARTESIAN_POINT('Ctrl Pts',(38.1328116400284,-23.5260424096986,0.));
#4296=CARTESIAN_POINT('Ctrl Pts',(37.9788818716126,-23.2416896266182,0.));
#4297=CARTESIAN_POINT('Ctrl Pts',(37.9641452422891,-22.918066313305,0.));
#4298=CARTESIAN_POINT('Ctrl Pts',(37.9563559644728,-22.747010107718,0.));
#4299=CARTESIAN_POINT('',(38.2053794019728,-23.660096045218,0.));
#4300=CARTESIAN_POINT('Ctrl Pts',(38.8943471067457,-24.1747446019273,1.));
#4301=CARTESIAN_POINT('Ctrl Pts',(38.8943471067457,-24.1747446019273,0.));
#4302=CARTESIAN_POINT('Ctrl Pts',(38.7562314630018,-24.1167857504456,1.));
#4303=CARTESIAN_POINT('Ctrl Pts',(38.7562314630018,-24.1167857504456,0.));
#4304=CARTESIAN_POINT('Ctrl Pts',(38.4836688747745,-24.0024075805128,1.));
#4305=CARTESIAN_POINT('Ctrl Pts',(38.4836688747745,-24.0024075805128,0.));
#4306=CARTESIAN_POINT('Ctrl Pts',(38.2973064117676,-23.7731713819928,1.));
#4307=CARTESIAN_POINT('Ctrl Pts',(38.2973064117676,-23.7731713819928,0.));
#4308=CARTESIAN_POINT('Ctrl Pts',(38.2053794019728,-23.660096045218,1.));
#4309=CARTESIAN_POINT('Ctrl Pts',(38.2053794019728,-23.660096045218,0.));
#4310=CARTESIAN_POINT('',(38.8943471067457,-24.1747446019273,0.));
#4311=CARTESIAN_POINT('Ctrl Pts',(38.8943471067457,-24.1747446019273,0.));
#4312=CARTESIAN_POINT('Ctrl Pts',(38.7562314630018,-24.1167857504456,0.));
#4313=CARTESIAN_POINT('Ctrl Pts',(38.4836688747745,-24.0024075805128,0.));
#4314=CARTESIAN_POINT('Ctrl Pts',(38.2973064117676,-23.7731713819928,0.));
#4315=CARTESIAN_POINT('Ctrl Pts',(38.2053794019728,-23.660096045218,0.));
#4316=CARTESIAN_POINT('',(38.8943471067457,-24.1747446019273,0.));
#4317=CARTESIAN_POINT('Ctrl Pts',(41.1023511045485,-24.324158545218,1.));
#4318=CARTESIAN_POINT('Ctrl Pts',(41.1023511045485,-24.324158545218,0.));
#4319=CARTESIAN_POINT('Ctrl Pts',(40.6221164287833,-24.3299626858168,1.));
#4320=CARTESIAN_POINT('Ctrl Pts',(40.6221164287833,-24.3299626858168,0.));
#4321=CARTESIAN_POINT('Ctrl Pts',(39.8811036420428,-24.3389186038644,1.));
#4322=CARTESIAN_POINT('Ctrl Pts',(39.8811036420428,-24.3389186038644,0.));
#4323=CARTESIAN_POINT('Ctrl Pts',(39.1512115939896,-24.2174810514139,1.));
#4324=CARTESIAN_POINT('Ctrl Pts',(39.1512115939896,-24.2174810514139,0.));
#4325=CARTESIAN_POINT('Ctrl Pts',(38.8943471067457,-24.1747446019273,1.));
#4326=CARTESIAN_POINT('Ctrl Pts',(38.8943471067457,-24.1747446019273,0.));
#4327=CARTESIAN_POINT('',(41.1023511045485,-24.324158545218,0.));
#4328=CARTESIAN_POINT('Ctrl Pts',(41.1023511045485,-24.324158545218,0.));
#4329=CARTESIAN_POINT('Ctrl Pts',(40.6221164287833,-24.3299626858168,0.));
#4330=CARTESIAN_POINT('Ctrl Pts',(39.8811036420428,-24.3389186038644,0.));
#4331=CARTESIAN_POINT('Ctrl Pts',(39.1512115939896,-24.2174810514139,0.));
#4332=CARTESIAN_POINT('Ctrl Pts',(38.8943471067457,-24.1747446019273,0.));
#4333=CARTESIAN_POINT('',(41.1023511045485,-24.324158545218,0.));
#4334=CARTESIAN_POINT('Origin',(42.0112861745863,-24.324158545218,0.));
#4335=CARTESIAN_POINT('',(42.9202212446241,-24.324158545218,0.));
#4336=CARTESIAN_POINT('',(42.5056430872932,-24.324158545218,0.));
#4337=CARTESIAN_POINT('',(42.9202212446241,-24.324158545218,0.));
#4338=CARTESIAN_POINT('Origin',(42.9202212446241,-22.7802134711365,0.));
#4339=CARTESIAN_POINT('',(42.9202212446241,-36.2401067355683,0.));
#4340=CARTESIAN_POINT('Origin',(43.,-49.7,1.));
#4341=CARTESIAN_POINT('',(23.1892670743971,-21.2362683970551,1.));
#4342=CARTESIAN_POINT('',(23.1892670743971,-31.3466192442994,1.));
#4343=CARTESIAN_POINT('',(23.1892670743971,-21.2362683970551,1.));
#4344=CARTESIAN_POINT('',(19.5867289655714,-21.2362683970551,1.));
#4345=CARTESIAN_POINT('',(19.5867289655714,-21.2362683970551,1.));
#4346=CARTESIAN_POINT('',(19.5867289655714,-19.177674170218,1.));
#4347=CARTESIAN_POINT('',(19.5867289655714,-19.177674170218,1.));
#4348=CARTESIAN_POINT('',(29.2571391218214,-19.177674170218,1.));
#4349=CARTESIAN_POINT('',(29.2571391218214,-19.177674170218,1.));
#4350=CARTESIAN_POINT('',(29.2571391218214,-21.2362683970551,1.));
#4351=CARTESIAN_POINT('',(29.2571391218214,-21.2362683970551,1.));
#4352=CARTESIAN_POINT('',(25.6462992780714,-21.2362683970551,1.));
#4353=CARTESIAN_POINT('',(25.6462992780714,-21.2362683970551,1.));
#4354=CARTESIAN_POINT('',(25.6462992780714,-31.3466192442994,1.));
#4355=CARTESIAN_POINT('',(25.6462992780714,-31.3466192442994,1.));
#4356=CARTESIAN_POINT('',(23.1892670743971,-31.3466192442994,1.));
#4357=CARTESIAN_POINT('Origin',(23.1892670743971,-26.2914438206773,0.));
#4358=CARTESIAN_POINT('',(23.1892670743971,-31.3466192442994,0.));
#4359=CARTESIAN_POINT('',(23.1892670743971,-31.3466192442994,0.));
#4360=CARTESIAN_POINT('',(23.1892670743971,-21.2362683970551,0.));
#4361=CARTESIAN_POINT('',(23.1892670743971,-37.9957219103386,0.));
#4362=CARTESIAN_POINT('',(23.1892670743971,-21.2362683970551,0.));
#4363=CARTESIAN_POINT('Origin',(21.3879980199843,-21.2362683970551,0.));
#4364=CARTESIAN_POINT('',(19.5867289655714,-21.2362683970551,0.));
#4365=CARTESIAN_POINT('',(32.1939990099921,-21.2362683970551,0.));
#4366=CARTESIAN_POINT('',(19.5867289655714,-21.2362683970551,0.));
#4367=CARTESIAN_POINT('Origin',(19.5867289655714,-20.2069712836365,0.));
#4368=CARTESIAN_POINT('',(19.5867289655714,-19.177674170218,0.));
#4369=CARTESIAN_POINT('',(19.5867289655714,-34.9534856418183,0.));
#4370=CARTESIAN_POINT('',(19.5867289655714,-19.177674170218,0.));
#4371=CARTESIAN_POINT('Origin',(24.4219340436964,-19.177674170218,0.));
#4372=CARTESIAN_POINT('',(29.2571391218214,-19.177674170218,0.));
#4373=CARTESIAN_POINT('',(33.7109670218482,-19.177674170218,0.));
#4374=CARTESIAN_POINT('',(29.2571391218214,-19.177674170218,0.));
#4375=CARTESIAN_POINT('Origin',(29.2571391218214,-20.2069712836365,0.));
#4376=CARTESIAN_POINT('',(29.2571391218214,-21.2362683970551,0.));
#4377=CARTESIAN_POINT('',(29.2571391218214,-34.9534856418183,0.));
#4378=CARTESIAN_POINT('',(29.2571391218214,-21.2362683970551,0.));
#4379=CARTESIAN_POINT('Origin',(27.4517191999464,-21.2362683970551,0.));
#4380=CARTESIAN_POINT('',(25.6462992780714,-21.2362683970551,0.));
#4381=CARTESIAN_POINT('',(35.2258595999732,-21.2362683970551,0.));
#4382=CARTESIAN_POINT('',(25.6462992780714,-21.2362683970551,0.));
#4383=CARTESIAN_POINT('Origin',(25.6462992780714,-26.2914438206773,0.));
#4384=CARTESIAN_POINT('',(25.6462992780714,-31.3466192442994,0.));
#4385=CARTESIAN_POINT('',(25.6462992780714,-37.9957219103386,0.));
#4386=CARTESIAN_POINT('',(25.6462992780714,-31.3466192442994,0.));
#4387=CARTESIAN_POINT('Origin',(24.4177831762343,-31.3466192442994,0.));
#4388=CARTESIAN_POINT('',(33.7088915881171,-31.3466192442994,0.));
#4389=CARTESIAN_POINT('Origin',(43.,-49.7,1.));
#4390=CARTESIAN_POINT('',(76.8787218683271,-31.5624393183808,1.));
#4391=CARTESIAN_POINT('',(80.4231555812864,-30.4999400336365,1.));
#4392=CARTESIAN_POINT('Ctrl Pts',(76.8787218683271,-31.5624393183808,1.));
#4393=CARTESIAN_POINT('Ctrl Pts',(77.5789415560528,-31.5374806838401,1.));
#4394=CARTESIAN_POINT('Ctrl Pts',(78.8586745748822,-31.4918658728223,1.));
#4395=CARTESIAN_POINT('Ctrl Pts',(79.9355184268543,-30.8091159786613,1.));
#4396=CARTESIAN_POINT('Ctrl Pts',(80.4231555812864,-30.4999400336365,1.));
#4397=CARTESIAN_POINT('',(74.2307724111586,-31.1224986273865,1.));
#4398=CARTESIAN_POINT('Ctrl Pts',(74.2307724111586,-31.1224986273865,1.));
#4399=CARTESIAN_POINT('Ctrl Pts',(74.6253616868466,-31.250587561427,1.));
#4400=CARTESIAN_POINT('Ctrl Pts',(75.4849301022263,-31.5296149168179,1.));
#4401=CARTESIAN_POINT('Ctrl Pts',(76.3894347197989,-31.5509163934838,1.));
#4402=CARTESIAN_POINT('Ctrl Pts',(76.8787218683271,-31.5624393183808,1.));
#4403=CARTESIAN_POINT('',(72.5872172468214,-29.761170263968,1.));
#4404=CARTESIAN_POINT('Ctrl Pts',(72.5872172468214,-29.761170263968,1.));
#4405=CARTESIAN_POINT('Ctrl Pts',(72.8038808232346,-30.0473797559531,1.));
#4406=CARTESIAN_POINT('Ctrl Pts',(73.2446953656909,-30.6296894747565,1.));
#4407=CARTESIAN_POINT('Ctrl Pts',(73.8983790471278,-30.9563792629608,1.));
#4408=CARTESIAN_POINT('Ctrl Pts',(74.2307724111586,-31.1224986273865,1.));
#4409=CARTESIAN_POINT('',(72.0061637514143,-27.8021849352937,1.));
#4410=CARTESIAN_POINT('Ctrl Pts',(72.0061637514143,-27.8021849352937,1.));
#4411=CARTESIAN_POINT('Ctrl Pts',(72.0312420742382,-28.1466404417212,1.));
#4412=CARTESIAN_POINT('Ctrl Pts',(72.0818583985287,-28.8418652276605,1.));
#4413=CARTESIAN_POINT('Ctrl Pts',(72.417747490763,-29.4528855653372,1.));
#4414=CARTESIAN_POINT('Ctrl Pts',(72.5872172468214,-29.761170263968,1.));
#4415=CARTESIAN_POINT('',(72.49590889149,-25.8681036192994,1.));
#4416=CARTESIAN_POINT('Ctrl Pts',(72.49590889149,-25.8681036192994,1.));
#4417=CARTESIAN_POINT('Ctrl Pts',(72.3532025627095,-26.1540070367256,1.));
#4418=CARTESIAN_POINT('Ctrl Pts',(72.0497601052411,-26.7619354749648,1.));
#4419=CARTESIAN_POINT('Ctrl Pts',(72.0212603313687,-27.4419665277461,1.));
#4420=CARTESIAN_POINT('Ctrl Pts',(72.0061637514143,-27.8021849352937,1.));
#4421=CARTESIAN_POINT('',(73.8406361692457,-24.6312869746308,1.));
#4422=CARTESIAN_POINT('Ctrl Pts',(73.8406361692457,-24.6312869746308,1.));
#4423=CARTESIAN_POINT('Ctrl Pts',(73.5699127411983,-24.7930507376179,1.));
#4424=CARTESIAN_POINT('Ctrl Pts',(73.0357292900833,-25.112238204329,1.));
#4425=CARTESIAN_POINT('Ctrl Pts',(72.6742104751787,-25.6184428045248,1.));
#4426=CARTESIAN_POINT('Ctrl Pts',(72.49590889149,-25.8681036192994,1.));
#4427=CARTESIAN_POINT('',(76.4885850303679,-23.7514044005494,1.));
#4428=CARTESIAN_POINT('Ctrl Pts',(76.4885850303679,-23.7514044005494,1.));
#4429=CARTESIAN_POINT('Ctrl Pts',(75.9630238715835,-23.87757576769,1.));
#4430=CARTESIAN_POINT('Ctrl Pts',(75.0545924402604,-24.0956627281279,1.));
#4431=CARTESIAN_POINT('Ctrl Pts',(74.2005735618345,-24.4724746687045,1.));
#4432=CARTESIAN_POINT('Ctrl Pts',(73.8406361692457,-24.6312869746308,1.));
#4433=CARTESIAN_POINT('',(78.7463976495771,-22.9379273612122,1.));
#4434=CARTESIAN_POINT('Ctrl Pts',(78.7463976495771,-22.9379273612122,1.));
#4435=CARTESIAN_POINT('Ctrl Pts',(78.4844790038774,-23.0802893238119,1.));
#4436=CARTESIAN_POINT('Ctrl Pts',(77.7760751711979,-23.4653316321361,1.));
#4437=CARTESIAN_POINT('Ctrl Pts',(76.9863343954391,-23.6408074069677,1.));
#4438=CARTESIAN_POINT('Ctrl Pts',(76.4885850303679,-23.7514044005494,1.));
#4439=CARTESIAN_POINT('',(79.1116322629957,-22.1991581875901,1.));
#4440=CARTESIAN_POINT('Ctrl Pts',(79.1116322629957,-22.1991581875901,1.));
#4441=CARTESIAN_POINT('Ctrl Pts',(79.0947277613298,-22.3392394681648,1.));
#4442=CARTESIAN_POINT('Ctrl Pts',(79.0599116713304,-22.6277473797309,1.));
#4443=CARTESIAN_POINT('Ctrl Pts',(78.8528983390054,-22.8325592450116,1.));
#4444=CARTESIAN_POINT('Ctrl Pts',(78.7463976495771,-22.9379273612122,1.));
#4445=CARTESIAN_POINT('',(78.7214954250364,-21.4437867362122,1.));
#4446=CARTESIAN_POINT('Ctrl Pts',(78.7214954250364,-21.4437867362122,1.));
#4447=CARTESIAN_POINT('Ctrl Pts',(78.8352845302193,-21.5454041282491,1.));
#4448=CARTESIAN_POINT('Ctrl Pts',(79.0616874734236,-21.7475893603141,1.));
#4449=CARTESIAN_POINT('Ctrl Pts',(79.0950417142254,-22.0491570620219,1.));
#4450=CARTESIAN_POINT('Ctrl Pts',(79.1116322629957,-22.1991581875901,1.));
#4451=CARTESIAN_POINT('',(77.0447374933271,-21.003846045218,1.));
#4452=CARTESIAN_POINT('Ctrl Pts',(77.0447374933271,-21.003846045218,1.));
#4453=CARTESIAN_POINT('Ctrl Pts',(77.3702889667354,-21.0141021518879,1.));
#4454=CARTESIAN_POINT('Ctrl Pts',(77.9648364969495,-21.0328326550135,1.));
#4455=CARTESIAN_POINT('Ctrl Pts',(78.4857942154372,-21.3157734789403,1.));
#4456=CARTESIAN_POINT('Ctrl Pts',(78.7214954250364,-21.4437867362122,1.));
#4457=CARTESIAN_POINT('',(75.4924912803679,-21.4188845116715,1.));
#4458=CARTESIAN_POINT('Ctrl Pts',(75.4924912803679,-21.4188845116715,1.));
#4459=CARTESIAN_POINT('Ctrl Pts',(75.702745474881,-21.2982795238831,1.));
#4460=CARTESIAN_POINT('Ctrl Pts',(76.1808391286451,-21.0240377690041,1.));
#4461=CARTESIAN_POINT('Ctrl Pts',(76.7345406850517,-21.0110962132101,1.));
#4462=CARTESIAN_POINT('Ctrl Pts',(77.0447374933271,-21.003846045218,1.));
#4463=CARTESIAN_POINT('',(74.8118270986586,-22.7636111933808,1.));
#4464=CARTESIAN_POINT('Ctrl Pts',(74.8118270986586,-22.7636111933808,1.));
#4465=CARTESIAN_POINT('Ctrl Pts',(74.8694230066426,-22.4817513886094,1.));
#4466=CARTESIAN_POINT('Ctrl Pts',(74.974238114986,-21.9688127613909,1.));
#4467=CARTESIAN_POINT('Ctrl Pts',(75.3315309006889,-21.589682619206,1.));
#4468=CARTESIAN_POINT('Ctrl Pts',(75.4924912803679,-21.4188845116715,1.));
#4469=CARTESIAN_POINT('',(72.3547960870771,-22.6557011563401,1.));
#4470=CARTESIAN_POINT('',(72.3547960870771,-22.6557011563401,1.));
#4471=CARTESIAN_POINT('',(73.5750116460829,-19.9745489317994,1.));
#4472=CARTESIAN_POINT('Ctrl Pts',(73.5750116460829,-19.9745489317994,1.));
#4473=CARTESIAN_POINT('Ctrl Pts',(73.2334673767277,-20.3440576657888,1.));
#4474=CARTESIAN_POINT('Ctrl Pts',(72.5328199328121,-21.1020717014596,1.));
#4475=CARTESIAN_POINT('Ctrl Pts',(72.4151205889329,-22.1292440261329,1.));
#4476=CARTESIAN_POINT('Ctrl Pts',(72.3547960870771,-22.6557011563401,1.));
#4477=CARTESIAN_POINT('',(77.0198352687864,-18.970154638968,1.));
#4478=CARTESIAN_POINT('Ctrl Pts',(77.0198352687864,-18.970154638968,1.));
#4479=CARTESIAN_POINT('Ctrl Pts',(76.3310313796182,-18.990313205438,1.));
#4480=CARTESIAN_POINT('Ctrl Pts',(75.0892881352902,-19.0266541206437,1.));
#4481=CARTESIAN_POINT('Ctrl Pts',(74.0415582464203,-19.6825037836549,1.));
#4482=CARTESIAN_POINT('Ctrl Pts',(73.5750116460829,-19.9745489317994,1.));
#4483=CARTESIAN_POINT('',(79.4187606924086,-19.3934942442994,1.));
#4484=CARTESIAN_POINT('Ctrl Pts',(79.4187606924086,-19.3934942442994,1.));
#4485=CARTESIAN_POINT('Ctrl Pts',(79.0560423093953,-19.2701662430376,1.));
#4486=CARTESIAN_POINT('Ctrl Pts',(78.2789726182632,-19.0059545120185,1.));
#4487=CARTESIAN_POINT('Ctrl Pts',(77.4577369074053,-18.9826050861552,1.));
#4488=CARTESIAN_POINT('Ctrl Pts',(77.0198352687864,-18.970154638968,1.));
#4489=CARTESIAN_POINT('',(80.9378041379957,-20.630310888968,1.));
#4490=CARTESIAN_POINT('Ctrl Pts',(80.9378041379957,-20.630310888968,1.));
#4491=CARTESIAN_POINT('Ctrl Pts',(80.7374777480202,-20.3736332282817,1.));
#4492=CARTESIAN_POINT('Ctrl Pts',(80.3257580871626,-19.8460979423898,1.));
#4493=CARTESIAN_POINT('Ctrl Pts',(79.7264627736721,-19.5470416532506,1.));
#4494=CARTESIAN_POINT('Ctrl Pts',(79.4187606924086,-19.3934942442994,1.));
#4495=CARTESIAN_POINT('',(81.4607532375364,-22.3651738125901,1.));
#4496=CARTESIAN_POINT('Ctrl Pts',(81.4607532375364,-22.3651738125901,1.));
#4497=CARTESIAN_POINT('Ctrl Pts',(81.4382267736804,-22.0593370059405,1.));
#4498=CARTESIAN_POINT('Ctrl Pts',(81.3927847185081,-21.4423802953664,1.));
#4499=CARTESIAN_POINT('Ctrl Pts',(81.0903276606071,-20.9025415989673,1.));
#4500=CARTESIAN_POINT('Ctrl Pts',(80.9378041379957,-20.630310888968,1.));
#4501=CARTESIAN_POINT('',(80.3401477687864,-24.8139042813401,1.));
#4502=CARTESIAN_POINT('Ctrl Pts',(80.3401477687864,-24.8139042813401,1.));
#4503=CARTESIAN_POINT('Ctrl Pts',(80.6669780502883,-24.4636581796495,1.));
#4504=CARTESIAN_POINT('Ctrl Pts',(81.3130661552688,-23.7712809645449,1.));
#4505=CARTESIAN_POINT('Ctrl Pts',(81.4119103771165,-22.8301995569131,1.));
#4506=CARTESIAN_POINT('Ctrl Pts',(81.4607532375364,-22.3651738125901,1.));
#4507=CARTESIAN_POINT('',(77.5676871889143,-26.0175169665437,1.));
#4508=CARTESIAN_POINT('Ctrl Pts',(77.5676871889143,-26.0175169665437,1.));
#4509=CARTESIAN_POINT('Ctrl Pts',(78.1441851143443,-25.8710765607774,1.));
#4510=CARTESIAN_POINT('Ctrl Pts',(79.1364155212859,-25.6190329418906,1.));
#4511=CARTESIAN_POINT('Ctrl Pts',(79.9847189443245,-25.0516364962527,1.));
#4512=CARTESIAN_POINT('Ctrl Pts',(80.3401477687864,-24.8139042813401,1.));
#4513=CARTESIAN_POINT('',(75.6004013174086,-26.5487672049622,1.));
#4514=CARTESIAN_POINT('Ctrl Pts',(75.6004013174086,-26.5487672049622,1.));
#4515=CARTESIAN_POINT('Ctrl Pts',(75.8358845222609,-26.4781495347748,1.));
#4516=CARTESIAN_POINT('Ctrl Pts',(76.4866742140412,-26.2829880503526,1.));
#4517=CARTESIAN_POINT('Ctrl Pts',(77.1465697420231,-26.1209333987564,1.));
#4518=CARTESIAN_POINT('Ctrl Pts',(77.5676871889143,-26.0175169665437,1.));
#4519=CARTESIAN_POINT('',(74.7205187433271,-27.0800174433808,1.));
#4520=CARTESIAN_POINT('Ctrl Pts',(74.7205187433271,-27.0800174433808,1.));
#4521=CARTESIAN_POINT('Ctrl Pts',(74.8308161482687,-26.9773530565865,1.));
#4522=CARTESIAN_POINT('Ctrl Pts',(75.086070129049,-26.7397636642748,1.));
#4523=CARTESIAN_POINT('Ctrl Pts',(75.4141101597201,-26.6179462715345,1.));
#4524=CARTESIAN_POINT('Ctrl Pts',(75.6004013174086,-26.5487672049622,1.));
#4525=CARTESIAN_POINT('',(74.4631947629957,-27.810486670218,1.));
#4526=CARTESIAN_POINT('Ctrl Pts',(74.4631947629957,-27.810486670218,1.));
#4527=CARTESIAN_POINT('Ctrl Pts',(74.4728114571024,-27.6734464103237,1.));
#4528=CARTESIAN_POINT('Ctrl Pts',(74.4915789596259,-27.4060048763755,1.));
#4529=CARTESIAN_POINT('Ctrl Pts',(74.6454789565677,-27.1868666203247,1.));
#4530=CARTESIAN_POINT('Ctrl Pts',(74.7205187433271,-27.0800174433808,1.));
#4531=CARTESIAN_POINT('',(75.0691522710829,-28.9891971308808,1.));
#4532=CARTESIAN_POINT('Ctrl Pts',(75.0691522710829,-28.9891971308808,1.));
#4533=CARTESIAN_POINT('Ctrl Pts',(74.8925279627637,-28.8191611129931,1.));
#4534=CARTESIAN_POINT('Ctrl Pts',(74.5549175560734,-28.4941439638966,1.));
#4535=CARTESIAN_POINT('Ctrl Pts',(74.4928100820751,-28.0312249209177,1.));
#4536=CARTESIAN_POINT('Ctrl Pts',(74.4631947629957,-27.810486670218,1.));
#4537=CARTESIAN_POINT('',(76.8538196437864,-29.4872440058808,1.));
#4538=CARTESIAN_POINT('Ctrl Pts',(76.8538196437864,-29.4872440058808,1.));
#4539=CARTESIAN_POINT('Ctrl Pts',(76.4976441265655,-29.4777396631908,1.));
#4540=CARTESIAN_POINT('Ctrl Pts',(75.8579865029662,-29.4606707604588,1.));
#4541=CARTESIAN_POINT('Ctrl Pts',(75.3113912110569,-29.1339794788552,1.));
#4542=CARTESIAN_POINT('Ctrl Pts',(75.0691522710829,-28.9891971308808,1.));
#4543=CARTESIAN_POINT('',(78.6384876125364,-28.9227904040437,1.));
#4544=CARTESIAN_POINT('Ctrl Pts',(78.6384876125364,-28.9227904040437,1.));
#4545=CARTESIAN_POINT('Ctrl Pts',(78.3867815477067,-29.0872160650166,1.));
#4546=CARTESIAN_POINT('Ctrl Pts',(77.8463139494614,-29.4402736766244,1.));
#4547=CARTESIAN_POINT('Ctrl Pts',(77.1994348262137,-29.4708875806381,1.));
#4548=CARTESIAN_POINT('Ctrl Pts',(76.8538196437864,-29.4872440058808,1.));
#4549=CARTESIAN_POINT('',(79.5100696437864,-27.1547247130494,1.));
#4550=CARTESIAN_POINT('Ctrl Pts',(79.5100696437864,-27.1547247130494,1.));
#4551=CARTESIAN_POINT('Ctrl Pts',(79.4317419907011,-27.5182033593279,1.));
#4552=CARTESIAN_POINT('Ctrl Pts',(79.2884549648553,-28.1831252883301,1.));
#4553=CARTESIAN_POINT('Ctrl Pts',(78.8412352797422,-28.6920628510529,1.));
#4554=CARTESIAN_POINT('Ctrl Pts',(78.6384876125364,-28.9227904040437,1.));
#4555=CARTESIAN_POINT('',(81.9006948226004,-27.3871458727937,1.));
#4556=CARTESIAN_POINT('',(81.9006948226004,-27.3871458727937,1.));
#4557=CARTESIAN_POINT('Ctrl Pts',(80.4231555812864,-30.4999400336365,1.));
#4558=CARTESIAN_POINT('Ctrl Pts',(80.7958423407028,-30.0833316419861,1.));
#4559=CARTESIAN_POINT('Ctrl Pts',(81.5913522472166,-29.1940698307703,1.));
#4560=CARTESIAN_POINT('Ctrl Pts',(81.7933373140215,-28.0142398125114,1.));
#4561=CARTESIAN_POINT('Ctrl Pts',(81.9006948226004,-27.3871458727937,1.));
#4562=CARTESIAN_POINT('Ctrl Pts',(76.8787218683271,-31.5624393183808,1.));
#4563=CARTESIAN_POINT('Ctrl Pts',(76.8787218683271,-31.5624393183808,0.));
#4564=CARTESIAN_POINT('Ctrl Pts',(77.5789415560528,-31.5374806838401,1.));
#4565=CARTESIAN_POINT('Ctrl Pts',(77.5789415560528,-31.5374806838401,0.));
#4566=CARTESIAN_POINT('Ctrl Pts',(78.8586745748822,-31.4918658728223,1.));
#4567=CARTESIAN_POINT('Ctrl Pts',(78.8586745748822,-31.4918658728223,0.));
#4568=CARTESIAN_POINT('Ctrl Pts',(79.9355184268543,-30.8091159786613,1.));
#4569=CARTESIAN_POINT('Ctrl Pts',(79.9355184268543,-30.8091159786613,0.));
#4570=CARTESIAN_POINT('Ctrl Pts',(80.4231555812864,-30.4999400336365,1.));
#4571=CARTESIAN_POINT('Ctrl Pts',(80.4231555812864,-30.4999400336365,0.));
#4572=CARTESIAN_POINT('',(80.4231555812864,-30.4999400336365,0.));
#4573=CARTESIAN_POINT('',(80.4231555812864,-30.4999400336365,0.));
#4574=CARTESIAN_POINT('',(76.8787218683271,-31.5624393183808,0.));
#4575=CARTESIAN_POINT('Ctrl Pts',(76.8787218683271,-31.5624393183808,0.));
#4576=CARTESIAN_POINT('Ctrl Pts',(77.5789415560528,-31.5374806838401,0.));
#4577=CARTESIAN_POINT('Ctrl Pts',(78.8586745748822,-31.4918658728223,0.));
#4578=CARTESIAN_POINT('Ctrl Pts',(79.9355184268543,-30.8091159786613,0.));
#4579=CARTESIAN_POINT('Ctrl Pts',(80.4231555812864,-30.4999400336365,0.));
#4580=CARTESIAN_POINT('',(76.8787218683271,-31.5624393183808,0.));
#4581=CARTESIAN_POINT('Ctrl Pts',(74.2307724111586,-31.1224986273865,1.));
#4582=CARTESIAN_POINT('Ctrl Pts',(74.2307724111586,-31.1224986273865,0.));
#4583=CARTESIAN_POINT('Ctrl Pts',(74.6253616868466,-31.250587561427,1.));
#4584=CARTESIAN_POINT('Ctrl Pts',(74.6253616868466,-31.250587561427,0.));
#4585=CARTESIAN_POINT('Ctrl Pts',(75.4849301022263,-31.5296149168179,1.));
#4586=CARTESIAN_POINT('Ctrl Pts',(75.4849301022263,-31.5296149168179,0.));
#4587=CARTESIAN_POINT('Ctrl Pts',(76.3894347197989,-31.5509163934838,1.));
#4588=CARTESIAN_POINT('Ctrl Pts',(76.3894347197989,-31.5509163934838,0.));
#4589=CARTESIAN_POINT('Ctrl Pts',(76.8787218683271,-31.5624393183808,1.));
#4590=CARTESIAN_POINT('Ctrl Pts',(76.8787218683271,-31.5624393183808,0.));
#4591=CARTESIAN_POINT('',(74.2307724111586,-31.1224986273865,0.));
#4592=CARTESIAN_POINT('Ctrl Pts',(74.2307724111586,-31.1224986273865,0.));
#4593=CARTESIAN_POINT('Ctrl Pts',(74.6253616868466,-31.250587561427,0.));
#4594=CARTESIAN_POINT('Ctrl Pts',(75.4849301022263,-31.5296149168179,0.));
#4595=CARTESIAN_POINT('Ctrl Pts',(76.3894347197989,-31.5509163934838,0.));
#4596=CARTESIAN_POINT('Ctrl Pts',(76.8787218683271,-31.5624393183808,0.));
#4597=CARTESIAN_POINT('',(74.2307724111586,-31.1224986273865,0.));
#4598=CARTESIAN_POINT('Ctrl Pts',(72.5872172468214,-29.761170263968,1.));
#4599=CARTESIAN_POINT('Ctrl Pts',(72.5872172468214,-29.761170263968,0.));
#4600=CARTESIAN_POINT('Ctrl Pts',(72.8038808232346,-30.0473797559531,1.));
#4601=CARTESIAN_POINT('Ctrl Pts',(72.8038808232346,-30.0473797559531,0.));
#4602=CARTESIAN_POINT('Ctrl Pts',(73.2446953656909,-30.6296894747565,1.));
#4603=CARTESIAN_POINT('Ctrl Pts',(73.2446953656909,-30.6296894747565,0.));
#4604=CARTESIAN_POINT('Ctrl Pts',(73.8983790471278,-30.9563792629608,1.));
#4605=CARTESIAN_POINT('Ctrl Pts',(73.8983790471278,-30.9563792629608,0.));
#4606=CARTESIAN_POINT('Ctrl Pts',(74.2307724111586,-31.1224986273865,1.));
#4607=CARTESIAN_POINT('Ctrl Pts',(74.2307724111586,-31.1224986273865,0.));
#4608=CARTESIAN_POINT('',(72.5872172468214,-29.761170263968,0.));
#4609=CARTESIAN_POINT('Ctrl Pts',(72.5872172468214,-29.761170263968,0.));
#4610=CARTESIAN_POINT('Ctrl Pts',(72.8038808232346,-30.0473797559531,0.));
#4611=CARTESIAN_POINT('Ctrl Pts',(73.2446953656909,-30.6296894747565,0.));
#4612=CARTESIAN_POINT('Ctrl Pts',(73.8983790471278,-30.9563792629608,0.));
#4613=CARTESIAN_POINT('Ctrl Pts',(74.2307724111586,-31.1224986273865,0.));
#4614=CARTESIAN_POINT('',(72.5872172468214,-29.761170263968,0.));
#4615=CARTESIAN_POINT('Ctrl Pts',(72.0061637514143,-27.8021849352937,1.));
#4616=CARTESIAN_POINT('Ctrl Pts',(72.0061637514143,-27.8021849352937,0.));
#4617=CARTESIAN_POINT('Ctrl Pts',(72.0312420742382,-28.1466404417212,1.));
#4618=CARTESIAN_POINT('Ctrl Pts',(72.0312420742382,-28.1466404417212,0.));
#4619=CARTESIAN_POINT('Ctrl Pts',(72.0818583985287,-28.8418652276605,1.));
#4620=CARTESIAN_POINT('Ctrl Pts',(72.0818583985287,-28.8418652276605,0.));
#4621=CARTESIAN_POINT('Ctrl Pts',(72.417747490763,-29.4528855653372,1.));
#4622=CARTESIAN_POINT('Ctrl Pts',(72.417747490763,-29.4528855653372,0.));
#4623=CARTESIAN_POINT('Ctrl Pts',(72.5872172468214,-29.761170263968,1.));
#4624=CARTESIAN_POINT('Ctrl Pts',(72.5872172468214,-29.761170263968,0.));
#4625=CARTESIAN_POINT('',(72.0061637514143,-27.8021849352937,0.));
#4626=CARTESIAN_POINT('Ctrl Pts',(72.0061637514143,-27.8021849352937,0.));
#4627=CARTESIAN_POINT('Ctrl Pts',(72.0312420742382,-28.1466404417212,0.));
#4628=CARTESIAN_POINT('Ctrl Pts',(72.0818583985287,-28.8418652276605,0.));
#4629=CARTESIAN_POINT('Ctrl Pts',(72.417747490763,-29.4528855653372,0.));
#4630=CARTESIAN_POINT('Ctrl Pts',(72.5872172468214,-29.761170263968,0.));
#4631=CARTESIAN_POINT('',(72.0061637514143,-27.8021849352937,0.));
#4632=CARTESIAN_POINT('Ctrl Pts',(72.49590889149,-25.8681036192994,1.));
#4633=CARTESIAN_POINT('Ctrl Pts',(72.49590889149,-25.8681036192994,0.));
#4634=CARTESIAN_POINT('Ctrl Pts',(72.3532025627095,-26.1540070367256,1.));
#4635=CARTESIAN_POINT('Ctrl Pts',(72.3532025627095,-26.1540070367256,0.));
#4636=CARTESIAN_POINT('Ctrl Pts',(72.0497601052411,-26.7619354749648,1.));
#4637=CARTESIAN_POINT('Ctrl Pts',(72.0497601052411,-26.7619354749648,0.));
#4638=CARTESIAN_POINT('Ctrl Pts',(72.0212603313687,-27.4419665277461,1.));
#4639=CARTESIAN_POINT('Ctrl Pts',(72.0212603313687,-27.4419665277461,0.));
#4640=CARTESIAN_POINT('Ctrl Pts',(72.0061637514143,-27.8021849352937,1.));
#4641=CARTESIAN_POINT('Ctrl Pts',(72.0061637514143,-27.8021849352937,0.));
#4642=CARTESIAN_POINT('',(72.49590889149,-25.8681036192994,0.));
#4643=CARTESIAN_POINT('Ctrl Pts',(72.49590889149,-25.8681036192994,0.));
#4644=CARTESIAN_POINT('Ctrl Pts',(72.3532025627095,-26.1540070367256,0.));
#4645=CARTESIAN_POINT('Ctrl Pts',(72.0497601052411,-26.7619354749648,0.));
#4646=CARTESIAN_POINT('Ctrl Pts',(72.0212603313687,-27.4419665277461,0.));
#4647=CARTESIAN_POINT('Ctrl Pts',(72.0061637514143,-27.8021849352937,0.));
#4648=CARTESIAN_POINT('',(72.49590889149,-25.8681036192994,0.));
#4649=CARTESIAN_POINT('Ctrl Pts',(73.8406361692457,-24.6312869746308,1.));
#4650=CARTESIAN_POINT('Ctrl Pts',(73.8406361692457,-24.6312869746308,0.));
#4651=CARTESIAN_POINT('Ctrl Pts',(73.5699127411983,-24.7930507376179,1.));
#4652=CARTESIAN_POINT('Ctrl Pts',(73.5699127411983,-24.7930507376179,0.));
#4653=CARTESIAN_POINT('Ctrl Pts',(73.0357292900833,-25.112238204329,1.));
#4654=CARTESIAN_POINT('Ctrl Pts',(73.0357292900833,-25.112238204329,0.));
#4655=CARTESIAN_POINT('Ctrl Pts',(72.6742104751787,-25.6184428045248,1.));
#4656=CARTESIAN_POINT('Ctrl Pts',(72.6742104751787,-25.6184428045248,0.));
#4657=CARTESIAN_POINT('Ctrl Pts',(72.49590889149,-25.8681036192994,1.));
#4658=CARTESIAN_POINT('Ctrl Pts',(72.49590889149,-25.8681036192994,0.));
#4659=CARTESIAN_POINT('',(73.8406361692457,-24.6312869746308,0.));
#4660=CARTESIAN_POINT('Ctrl Pts',(73.8406361692457,-24.6312869746308,0.));
#4661=CARTESIAN_POINT('Ctrl Pts',(73.5699127411983,-24.7930507376179,0.));
#4662=CARTESIAN_POINT('Ctrl Pts',(73.0357292900833,-25.112238204329,0.));
#4663=CARTESIAN_POINT('Ctrl Pts',(72.6742104751787,-25.6184428045248,0.));
#4664=CARTESIAN_POINT('Ctrl Pts',(72.49590889149,-25.8681036192994,0.));
#4665=CARTESIAN_POINT('',(73.8406361692457,-24.6312869746308,0.));
#4666=CARTESIAN_POINT('Ctrl Pts',(76.4885850303679,-23.7514044005494,1.));
#4667=CARTESIAN_POINT('Ctrl Pts',(76.4885850303679,-23.7514044005494,0.));
#4668=CARTESIAN_POINT('Ctrl Pts',(75.9630238715835,-23.87757576769,1.));
#4669=CARTESIAN_POINT('Ctrl Pts',(75.9630238715835,-23.87757576769,0.));
#4670=CARTESIAN_POINT('Ctrl Pts',(75.0545924402604,-24.0956627281279,1.));
#4671=CARTESIAN_POINT('Ctrl Pts',(75.0545924402604,-24.0956627281279,0.));
#4672=CARTESIAN_POINT('Ctrl Pts',(74.2005735618345,-24.4724746687045,1.));
#4673=CARTESIAN_POINT('Ctrl Pts',(74.2005735618345,-24.4724746687045,0.));
#4674=CARTESIAN_POINT('Ctrl Pts',(73.8406361692457,-24.6312869746308,1.));
#4675=CARTESIAN_POINT('Ctrl Pts',(73.8406361692457,-24.6312869746308,0.));
#4676=CARTESIAN_POINT('',(76.4885850303679,-23.7514044005494,0.));
#4677=CARTESIAN_POINT('Ctrl Pts',(76.4885850303679,-23.7514044005494,0.));
#4678=CARTESIAN_POINT('Ctrl Pts',(75.9630238715835,-23.87757576769,0.));
#4679=CARTESIAN_POINT('Ctrl Pts',(75.0545924402604,-24.0956627281279,0.));
#4680=CARTESIAN_POINT('Ctrl Pts',(74.2005735618345,-24.4724746687045,0.));
#4681=CARTESIAN_POINT('Ctrl Pts',(73.8406361692457,-24.6312869746308,0.));
#4682=CARTESIAN_POINT('',(76.4885850303679,-23.7514044005494,0.));
#4683=CARTESIAN_POINT('Ctrl Pts',(78.7463976495771,-22.9379273612122,1.));
#4684=CARTESIAN_POINT('Ctrl Pts',(78.7463976495771,-22.9379273612122,0.));
#4685=CARTESIAN_POINT('Ctrl Pts',(78.4844790038774,-23.0802893238119,1.));
#4686=CARTESIAN_POINT('Ctrl Pts',(78.4844790038774,-23.0802893238119,0.));
#4687=CARTESIAN_POINT('Ctrl Pts',(77.7760751711979,-23.4653316321361,1.));
#4688=CARTESIAN_POINT('Ctrl Pts',(77.7760751711979,-23.4653316321361,0.));
#4689=CARTESIAN_POINT('Ctrl Pts',(76.9863343954391,-23.6408074069677,1.));
#4690=CARTESIAN_POINT('Ctrl Pts',(76.9863343954391,-23.6408074069677,0.));
#4691=CARTESIAN_POINT('Ctrl Pts',(76.4885850303679,-23.7514044005494,1.));
#4692=CARTESIAN_POINT('Ctrl Pts',(76.4885850303679,-23.7514044005494,0.));
#4693=CARTESIAN_POINT('',(78.7463976495771,-22.9379273612122,0.));
#4694=CARTESIAN_POINT('Ctrl Pts',(78.7463976495771,-22.9379273612122,0.));
#4695=CARTESIAN_POINT('Ctrl Pts',(78.4844790038774,-23.0802893238119,0.));
#4696=CARTESIAN_POINT('Ctrl Pts',(77.7760751711979,-23.4653316321361,0.));
#4697=CARTESIAN_POINT('Ctrl Pts',(76.9863343954391,-23.6408074069677,0.));
#4698=CARTESIAN_POINT('Ctrl Pts',(76.4885850303679,-23.7514044005494,0.));
#4699=CARTESIAN_POINT('',(78.7463976495771,-22.9379273612122,0.));
#4700=CARTESIAN_POINT('Ctrl Pts',(79.1116322629957,-22.1991581875901,1.));
#4701=CARTESIAN_POINT('Ctrl Pts',(79.1116322629957,-22.1991581875901,0.));
#4702=CARTESIAN_POINT('Ctrl Pts',(79.0947277613298,-22.3392394681648,1.));
#4703=CARTESIAN_POINT('Ctrl Pts',(79.0947277613298,-22.3392394681648,0.));
#4704=CARTESIAN_POINT('Ctrl Pts',(79.0599116713304,-22.6277473797309,1.));
#4705=CARTESIAN_POINT('Ctrl Pts',(79.0599116713304,-22.6277473797309,0.));
#4706=CARTESIAN_POINT('Ctrl Pts',(78.8528983390054,-22.8325592450116,1.));
#4707=CARTESIAN_POINT('Ctrl Pts',(78.8528983390054,-22.8325592450116,0.));
#4708=CARTESIAN_POINT('Ctrl Pts',(78.7463976495771,-22.9379273612122,1.));
#4709=CARTESIAN_POINT('Ctrl Pts',(78.7463976495771,-22.9379273612122,0.));
#4710=CARTESIAN_POINT('',(79.1116322629957,-22.1991581875901,0.));
#4711=CARTESIAN_POINT('Ctrl Pts',(79.1116322629957,-22.1991581875901,0.));
#4712=CARTESIAN_POINT('Ctrl Pts',(79.0947277613298,-22.3392394681648,0.));
#4713=CARTESIAN_POINT('Ctrl Pts',(79.0599116713304,-22.6277473797309,0.));
#4714=CARTESIAN_POINT('Ctrl Pts',(78.8528983390054,-22.8325592450116,0.));
#4715=CARTESIAN_POINT('Ctrl Pts',(78.7463976495771,-22.9379273612122,0.));
#4716=CARTESIAN_POINT('',(79.1116322629957,-22.1991581875901,0.));
#4717=CARTESIAN_POINT('Ctrl Pts',(78.7214954250364,-21.4437867362122,1.));
#4718=CARTESIAN_POINT('Ctrl Pts',(78.7214954250364,-21.4437867362122,0.));
#4719=CARTESIAN_POINT('Ctrl Pts',(78.8352845302193,-21.5454041282491,1.));
#4720=CARTESIAN_POINT('Ctrl Pts',(78.8352845302193,-21.5454041282491,0.));
#4721=CARTESIAN_POINT('Ctrl Pts',(79.0616874734236,-21.7475893603141,1.));
#4722=CARTESIAN_POINT('Ctrl Pts',(79.0616874734236,-21.7475893603141,0.));
#4723=CARTESIAN_POINT('Ctrl Pts',(79.0950417142254,-22.0491570620219,1.));
#4724=CARTESIAN_POINT('Ctrl Pts',(79.0950417142254,-22.0491570620219,0.));
#4725=CARTESIAN_POINT('Ctrl Pts',(79.1116322629957,-22.1991581875901,1.));
#4726=CARTESIAN_POINT('Ctrl Pts',(79.1116322629957,-22.1991581875901,0.));
#4727=CARTESIAN_POINT('',(78.7214954250364,-21.4437867362122,0.));
#4728=CARTESIAN_POINT('Ctrl Pts',(78.7214954250364,-21.4437867362122,0.));
#4729=CARTESIAN_POINT('Ctrl Pts',(78.8352845302193,-21.5454041282491,0.));
#4730=CARTESIAN_POINT('Ctrl Pts',(79.0616874734236,-21.7475893603141,0.));
#4731=CARTESIAN_POINT('Ctrl Pts',(79.0950417142254,-22.0491570620219,0.));
#4732=CARTESIAN_POINT('Ctrl Pts',(79.1116322629957,-22.1991581875901,0.));
#4733=CARTESIAN_POINT('',(78.7214954250364,-21.4437867362122,0.));
#4734=CARTESIAN_POINT('Ctrl Pts',(77.0447374933271,-21.003846045218,1.));
#4735=CARTESIAN_POINT('Ctrl Pts',(77.0447374933271,-21.003846045218,0.));
#4736=CARTESIAN_POINT('Ctrl Pts',(77.3702889667354,-21.0141021518879,1.));
#4737=CARTESIAN_POINT('Ctrl Pts',(77.3702889667354,-21.0141021518879,0.));
#4738=CARTESIAN_POINT('Ctrl Pts',(77.9648364969495,-21.0328326550135,1.));
#4739=CARTESIAN_POINT('Ctrl Pts',(77.9648364969495,-21.0328326550135,0.));
#4740=CARTESIAN_POINT('Ctrl Pts',(78.4857942154372,-21.3157734789403,1.));
#4741=CARTESIAN_POINT('Ctrl Pts',(78.4857942154372,-21.3157734789403,0.));
#4742=CARTESIAN_POINT('Ctrl Pts',(78.7214954250364,-21.4437867362122,1.));
#4743=CARTESIAN_POINT('Ctrl Pts',(78.7214954250364,-21.4437867362122,0.));
#4744=CARTESIAN_POINT('',(77.0447374933271,-21.003846045218,0.));
#4745=CARTESIAN_POINT('Ctrl Pts',(77.0447374933271,-21.003846045218,0.));
#4746=CARTESIAN_POINT('Ctrl Pts',(77.3702889667354,-21.0141021518879,0.));
#4747=CARTESIAN_POINT('Ctrl Pts',(77.9648364969495,-21.0328326550135,0.));
#4748=CARTESIAN_POINT('Ctrl Pts',(78.4857942154372,-21.3157734789403,0.));
#4749=CARTESIAN_POINT('Ctrl Pts',(78.7214954250364,-21.4437867362122,0.));
#4750=CARTESIAN_POINT('',(77.0447374933271,-21.003846045218,0.));
#4751=CARTESIAN_POINT('Ctrl Pts',(75.4924912803679,-21.4188845116715,1.));
#4752=CARTESIAN_POINT('Ctrl Pts',(75.4924912803679,-21.4188845116715,0.));
#4753=CARTESIAN_POINT('Ctrl Pts',(75.702745474881,-21.2982795238831,1.));
#4754=CARTESIAN_POINT('Ctrl Pts',(75.702745474881,-21.2982795238831,0.));
#4755=CARTESIAN_POINT('Ctrl Pts',(76.1808391286451,-21.0240377690041,1.));
#4756=CARTESIAN_POINT('Ctrl Pts',(76.1808391286451,-21.0240377690041,0.));
#4757=CARTESIAN_POINT('Ctrl Pts',(76.7345406850517,-21.0110962132101,1.));
#4758=CARTESIAN_POINT('Ctrl Pts',(76.7345406850517,-21.0110962132101,0.));
#4759=CARTESIAN_POINT('Ctrl Pts',(77.0447374933271,-21.003846045218,1.));
#4760=CARTESIAN_POINT('Ctrl Pts',(77.0447374933271,-21.003846045218,0.));
#4761=CARTESIAN_POINT('',(75.4924912803679,-21.4188845116715,0.));
#4762=CARTESIAN_POINT('Ctrl Pts',(75.4924912803679,-21.4188845116715,0.));
#4763=CARTESIAN_POINT('Ctrl Pts',(75.702745474881,-21.2982795238831,0.));
#4764=CARTESIAN_POINT('Ctrl Pts',(76.1808391286451,-21.0240377690041,0.));
#4765=CARTESIAN_POINT('Ctrl Pts',(76.7345406850517,-21.0110962132101,0.));
#4766=CARTESIAN_POINT('Ctrl Pts',(77.0447374933271,-21.003846045218,0.));
#4767=CARTESIAN_POINT('',(75.4924912803679,-21.4188845116715,0.));
#4768=CARTESIAN_POINT('Ctrl Pts',(74.8118270986586,-22.7636111933808,1.));
#4769=CARTESIAN_POINT('Ctrl Pts',(74.8118270986586,-22.7636111933808,0.));
#4770=CARTESIAN_POINT('Ctrl Pts',(74.8694230066426,-22.4817513886094,1.));
#4771=CARTESIAN_POINT('Ctrl Pts',(74.8694230066426,-22.4817513886094,0.));
#4772=CARTESIAN_POINT('Ctrl Pts',(74.974238114986,-21.9688127613909,1.));
#4773=CARTESIAN_POINT('Ctrl Pts',(74.974238114986,-21.9688127613909,0.));
#4774=CARTESIAN_POINT('Ctrl Pts',(75.3315309006889,-21.589682619206,1.));
#4775=CARTESIAN_POINT('Ctrl Pts',(75.3315309006889,-21.589682619206,0.));
#4776=CARTESIAN_POINT('Ctrl Pts',(75.4924912803679,-21.4188845116715,1.));
#4777=CARTESIAN_POINT('Ctrl Pts',(75.4924912803679,-21.4188845116715,0.));
#4778=CARTESIAN_POINT('',(74.8118270986586,-22.7636111933808,0.));
#4779=CARTESIAN_POINT('Ctrl Pts',(74.8118270986586,-22.7636111933808,0.));
#4780=CARTESIAN_POINT('Ctrl Pts',(74.8694230066426,-22.4817513886094,0.));
#4781=CARTESIAN_POINT('Ctrl Pts',(74.974238114986,-21.9688127613909,0.));
#4782=CARTESIAN_POINT('Ctrl Pts',(75.3315309006889,-21.589682619206,0.));
#4783=CARTESIAN_POINT('Ctrl Pts',(75.4924912803679,-21.4188845116715,0.));
#4784=CARTESIAN_POINT('',(74.8118270986586,-22.7636111933808,0.));
#4785=CARTESIAN_POINT('Origin',(73.5833115928679,-22.7096561748605,0.));
#4786=CARTESIAN_POINT('',(72.3547960870771,-22.6557011563401,0.));
#4787=CARTESIAN_POINT('',(58.9126463304036,-22.0653370659757,0.));
#4788=CARTESIAN_POINT('',(72.3547960870771,-22.6557011563401,0.));
#4789=CARTESIAN_POINT('Ctrl Pts',(73.5750116460829,-19.9745489317994,1.));
#4790=CARTESIAN_POINT('Ctrl Pts',(73.5750116460829,-19.9745489317994,0.));
#4791=CARTESIAN_POINT('Ctrl Pts',(73.2334673767277,-20.3440576657888,1.));
#4792=CARTESIAN_POINT('Ctrl Pts',(73.2334673767277,-20.3440576657888,0.));
#4793=CARTESIAN_POINT('Ctrl Pts',(72.5328199328121,-21.1020717014596,1.));
#4794=CARTESIAN_POINT('Ctrl Pts',(72.5328199328121,-21.1020717014596,0.));
#4795=CARTESIAN_POINT('Ctrl Pts',(72.4151205889329,-22.1292440261329,1.));
#4796=CARTESIAN_POINT('Ctrl Pts',(72.4151205889329,-22.1292440261329,0.));
#4797=CARTESIAN_POINT('Ctrl Pts',(72.3547960870771,-22.6557011563401,1.));
#4798=CARTESIAN_POINT('Ctrl Pts',(72.3547960870771,-22.6557011563401,0.));
#4799=CARTESIAN_POINT('',(73.5750116460829,-19.9745489317994,0.));
#4800=CARTESIAN_POINT('Ctrl Pts',(73.5750116460829,-19.9745489317994,0.));
#4801=CARTESIAN_POINT('Ctrl Pts',(73.2334673767277,-20.3440576657888,0.));
#4802=CARTESIAN_POINT('Ctrl Pts',(72.5328199328121,-21.1020717014596,0.));
#4803=CARTESIAN_POINT('Ctrl Pts',(72.4151205889329,-22.1292440261329,0.));
#4804=CARTESIAN_POINT('Ctrl Pts',(72.3547960870771,-22.6557011563401,0.));
#4805=CARTESIAN_POINT('',(73.5750116460829,-19.9745489317994,0.));
#4806=CARTESIAN_POINT('Ctrl Pts',(77.0198352687864,-18.970154638968,1.));
#4807=CARTESIAN_POINT('Ctrl Pts',(77.0198352687864,-18.970154638968,0.));
#4808=CARTESIAN_POINT('Ctrl Pts',(76.3310313796182,-18.990313205438,1.));
#4809=CARTESIAN_POINT('Ctrl Pts',(76.3310313796182,-18.990313205438,0.));
#4810=CARTESIAN_POINT('Ctrl Pts',(75.0892881352902,-19.0266541206437,1.));
#4811=CARTESIAN_POINT('Ctrl Pts',(75.0892881352902,-19.0266541206437,0.));
#4812=CARTESIAN_POINT('Ctrl Pts',(74.0415582464203,-19.6825037836549,1.));
#4813=CARTESIAN_POINT('Ctrl Pts',(74.0415582464203,-19.6825037836549,0.));
#4814=CARTESIAN_POINT('Ctrl Pts',(73.5750116460829,-19.9745489317994,1.));
#4815=CARTESIAN_POINT('Ctrl Pts',(73.5750116460829,-19.9745489317994,0.));
#4816=CARTESIAN_POINT('',(77.0198352687864,-18.970154638968,0.));
#4817=CARTESIAN_POINT('Ctrl Pts',(77.0198352687864,-18.970154638968,0.));
#4818=CARTESIAN_POINT('Ctrl Pts',(76.3310313796182,-18.990313205438,0.));
#4819=CARTESIAN_POINT('Ctrl Pts',(75.0892881352902,-19.0266541206437,0.));
#4820=CARTESIAN_POINT('Ctrl Pts',(74.0415582464203,-19.6825037836549,0.));
#4821=CARTESIAN_POINT('Ctrl Pts',(73.5750116460829,-19.9745489317994,0.));
#4822=CARTESIAN_POINT('',(77.0198352687864,-18.970154638968,0.));
#4823=CARTESIAN_POINT('Ctrl Pts',(79.4187606924086,-19.3934942442994,1.));
#4824=CARTESIAN_POINT('Ctrl Pts',(79.4187606924086,-19.3934942442994,0.));
#4825=CARTESIAN_POINT('Ctrl Pts',(79.0560423093953,-19.2701662430376,1.));
#4826=CARTESIAN_POINT('Ctrl Pts',(79.0560423093953,-19.2701662430376,0.));
#4827=CARTESIAN_POINT('Ctrl Pts',(78.2789726182632,-19.0059545120185,1.));
#4828=CARTESIAN_POINT('Ctrl Pts',(78.2789726182632,-19.0059545120185,0.));
#4829=CARTESIAN_POINT('Ctrl Pts',(77.4577369074053,-18.9826050861552,1.));
#4830=CARTESIAN_POINT('Ctrl Pts',(77.4577369074053,-18.9826050861552,0.));
#4831=CARTESIAN_POINT('Ctrl Pts',(77.0198352687864,-18.970154638968,1.));
#4832=CARTESIAN_POINT('Ctrl Pts',(77.0198352687864,-18.970154638968,0.));
#4833=CARTESIAN_POINT('',(79.4187606924086,-19.3934942442994,0.));
#4834=CARTESIAN_POINT('Ctrl Pts',(79.4187606924086,-19.3934942442994,0.));
#4835=CARTESIAN_POINT('Ctrl Pts',(79.0560423093953,-19.2701662430376,0.));
#4836=CARTESIAN_POINT('Ctrl Pts',(78.2789726182632,-19.0059545120185,0.));
#4837=CARTESIAN_POINT('Ctrl Pts',(77.4577369074053,-18.9826050861552,0.));
#4838=CARTESIAN_POINT('Ctrl Pts',(77.0198352687864,-18.970154638968,0.));
#4839=CARTESIAN_POINT('',(79.4187606924086,-19.3934942442994,0.));
#4840=CARTESIAN_POINT('Ctrl Pts',(80.9378041379957,-20.630310888968,1.));
#4841=CARTESIAN_POINT('Ctrl Pts',(80.9378041379957,-20.630310888968,0.));
#4842=CARTESIAN_POINT('Ctrl Pts',(80.7374777480202,-20.3736332282817,1.));
#4843=CARTESIAN_POINT('Ctrl Pts',(80.7374777480202,-20.3736332282817,0.));
#4844=CARTESIAN_POINT('Ctrl Pts',(80.3257580871626,-19.8460979423898,1.));
#4845=CARTESIAN_POINT('Ctrl Pts',(80.3257580871626,-19.8460979423898,0.));
#4846=CARTESIAN_POINT('Ctrl Pts',(79.7264627736721,-19.5470416532506,1.));
#4847=CARTESIAN_POINT('Ctrl Pts',(79.7264627736721,-19.5470416532506,0.));
#4848=CARTESIAN_POINT('Ctrl Pts',(79.4187606924086,-19.3934942442994,1.));
#4849=CARTESIAN_POINT('Ctrl Pts',(79.4187606924086,-19.3934942442994,0.));
#4850=CARTESIAN_POINT('',(80.9378041379957,-20.630310888968,0.));
#4851=CARTESIAN_POINT('Ctrl Pts',(80.9378041379957,-20.630310888968,0.));
#4852=CARTESIAN_POINT('Ctrl Pts',(80.7374777480202,-20.3736332282817,0.));
#4853=CARTESIAN_POINT('Ctrl Pts',(80.3257580871626,-19.8460979423898,0.));
#4854=CARTESIAN_POINT('Ctrl Pts',(79.7264627736721,-19.5470416532506,0.));
#4855=CARTESIAN_POINT('Ctrl Pts',(79.4187606924086,-19.3934942442994,0.));
#4856=CARTESIAN_POINT('',(80.9378041379957,-20.630310888968,0.));
#4857=CARTESIAN_POINT('Ctrl Pts',(81.4607532375364,-22.3651738125901,1.));
#4858=CARTESIAN_POINT('Ctrl Pts',(81.4607532375364,-22.3651738125901,0.));
#4859=CARTESIAN_POINT('Ctrl Pts',(81.4382267736804,-22.0593370059405,1.));
#4860=CARTESIAN_POINT('Ctrl Pts',(81.4382267736804,-22.0593370059405,0.));
#4861=CARTESIAN_POINT('Ctrl Pts',(81.3927847185081,-21.4423802953664,1.));
#4862=CARTESIAN_POINT('Ctrl Pts',(81.3927847185081,-21.4423802953664,0.));
#4863=CARTESIAN_POINT('Ctrl Pts',(81.0903276606071,-20.9025415989673,1.));
#4864=CARTESIAN_POINT('Ctrl Pts',(81.0903276606071,-20.9025415989673,0.));
#4865=CARTESIAN_POINT('Ctrl Pts',(80.9378041379957,-20.630310888968,1.));
#4866=CARTESIAN_POINT('Ctrl Pts',(80.9378041379957,-20.630310888968,0.));
#4867=CARTESIAN_POINT('',(81.4607532375364,-22.3651738125901,0.));
#4868=CARTESIAN_POINT('Ctrl Pts',(81.4607532375364,-22.3651738125901,0.));
#4869=CARTESIAN_POINT('Ctrl Pts',(81.4382267736804,-22.0593370059405,0.));
#4870=CARTESIAN_POINT('Ctrl Pts',(81.3927847185081,-21.4423802953664,0.));
#4871=CARTESIAN_POINT('Ctrl Pts',(81.0903276606071,-20.9025415989673,0.));
#4872=CARTESIAN_POINT('Ctrl Pts',(80.9378041379957,-20.630310888968,0.));
#4873=CARTESIAN_POINT('',(81.4607532375364,-22.3651738125901,0.));
#4874=CARTESIAN_POINT('Ctrl Pts',(80.3401477687864,-24.8139042813401,1.));
#4875=CARTESIAN_POINT('Ctrl Pts',(80.3401477687864,-24.8139042813401,0.));
#4876=CARTESIAN_POINT('Ctrl Pts',(80.6669780502883,-24.4636581796495,1.));
#4877=CARTESIAN_POINT('Ctrl Pts',(80.6669780502883,-24.4636581796495,0.));
#4878=CARTESIAN_POINT('Ctrl Pts',(81.3130661552688,-23.7712809645449,1.));
#4879=CARTESIAN_POINT('Ctrl Pts',(81.3130661552688,-23.7712809645449,0.));
#4880=CARTESIAN_POINT('Ctrl Pts',(81.4119103771165,-22.8301995569131,1.));
#4881=CARTESIAN_POINT('Ctrl Pts',(81.4119103771165,-22.8301995569131,0.));
#4882=CARTESIAN_POINT('Ctrl Pts',(81.4607532375364,-22.3651738125901,1.));
#4883=CARTESIAN_POINT('Ctrl Pts',(81.4607532375364,-22.3651738125901,0.));
#4884=CARTESIAN_POINT('',(80.3401477687864,-24.8139042813401,0.));
#4885=CARTESIAN_POINT('Ctrl Pts',(80.3401477687864,-24.8139042813401,0.));
#4886=CARTESIAN_POINT('Ctrl Pts',(80.6669780502883,-24.4636581796495,0.));
#4887=CARTESIAN_POINT('Ctrl Pts',(81.3130661552688,-23.7712809645449,0.));
#4888=CARTESIAN_POINT('Ctrl Pts',(81.4119103771165,-22.8301995569131,0.));
#4889=CARTESIAN_POINT('Ctrl Pts',(81.4607532375364,-22.3651738125901,0.));
#4890=CARTESIAN_POINT('',(80.3401477687864,-24.8139042813401,0.));
#4891=CARTESIAN_POINT('Ctrl Pts',(77.5676871889143,-26.0175169665437,1.));
#4892=CARTESIAN_POINT('Ctrl Pts',(77.5676871889143,-26.0175169665437,0.));
#4893=CARTESIAN_POINT('Ctrl Pts',(78.1441851143443,-25.8710765607774,1.));
#4894=CARTESIAN_POINT('Ctrl Pts',(78.1441851143443,-25.8710765607774,0.));
#4895=CARTESIAN_POINT('Ctrl Pts',(79.1364155212859,-25.6190329418906,1.));
#4896=CARTESIAN_POINT('Ctrl Pts',(79.1364155212859,-25.6190329418906,0.));
#4897=CARTESIAN_POINT('Ctrl Pts',(79.9847189443245,-25.0516364962527,1.));
#4898=CARTESIAN_POINT('Ctrl Pts',(79.9847189443245,-25.0516364962527,0.));
#4899=CARTESIAN_POINT('Ctrl Pts',(80.3401477687864,-24.8139042813401,1.));
#4900=CARTESIAN_POINT('Ctrl Pts',(80.3401477687864,-24.8139042813401,0.));
#4901=CARTESIAN_POINT('',(77.5676871889143,-26.0175169665437,0.));
#4902=CARTESIAN_POINT('Ctrl Pts',(77.5676871889143,-26.0175169665437,0.));
#4903=CARTESIAN_POINT('Ctrl Pts',(78.1441851143443,-25.8710765607774,0.));
#4904=CARTESIAN_POINT('Ctrl Pts',(79.1364155212859,-25.6190329418906,0.));
#4905=CARTESIAN_POINT('Ctrl Pts',(79.9847189443245,-25.0516364962527,0.));
#4906=CARTESIAN_POINT('Ctrl Pts',(80.3401477687864,-24.8139042813401,0.));
#4907=CARTESIAN_POINT('',(77.5676871889143,-26.0175169665437,0.));
#4908=CARTESIAN_POINT('Ctrl Pts',(75.6004013174086,-26.5487672049622,1.));
#4909=CARTESIAN_POINT('Ctrl Pts',(75.6004013174086,-26.5487672049622,0.));
#4910=CARTESIAN_POINT('Ctrl Pts',(75.8358845222609,-26.4781495347748,1.));
#4911=CARTESIAN_POINT('Ctrl Pts',(75.8358845222609,-26.4781495347748,0.));
#4912=CARTESIAN_POINT('Ctrl Pts',(76.4866742140412,-26.2829880503526,1.));
#4913=CARTESIAN_POINT('Ctrl Pts',(76.4866742140412,-26.2829880503526,0.));
#4914=CARTESIAN_POINT('Ctrl Pts',(77.1465697420231,-26.1209333987564,1.));
#4915=CARTESIAN_POINT('Ctrl Pts',(77.1465697420231,-26.1209333987564,0.));
#4916=CARTESIAN_POINT('Ctrl Pts',(77.5676871889143,-26.0175169665437,1.));
#4917=CARTESIAN_POINT('Ctrl Pts',(77.5676871889143,-26.0175169665437,0.));
#4918=CARTESIAN_POINT('',(75.6004013174086,-26.5487672049622,0.));
#4919=CARTESIAN_POINT('Ctrl Pts',(75.6004013174086,-26.5487672049622,0.));
#4920=CARTESIAN_POINT('Ctrl Pts',(75.8358845222609,-26.4781495347748,0.));
#4921=CARTESIAN_POINT('Ctrl Pts',(76.4866742140412,-26.2829880503526,0.));
#4922=CARTESIAN_POINT('Ctrl Pts',(77.1465697420231,-26.1209333987564,0.));
#4923=CARTESIAN_POINT('Ctrl Pts',(77.5676871889143,-26.0175169665437,0.));
#4924=CARTESIAN_POINT('',(75.6004013174086,-26.5487672049622,0.));
#4925=CARTESIAN_POINT('Ctrl Pts',(74.7205187433271,-27.0800174433808,1.));
#4926=CARTESIAN_POINT('Ctrl Pts',(74.7205187433271,-27.0800174433808,0.));
#4927=CARTESIAN_POINT('Ctrl Pts',(74.8308161482687,-26.9773530565865,1.));
#4928=CARTESIAN_POINT('Ctrl Pts',(74.8308161482687,-26.9773530565865,0.));
#4929=CARTESIAN_POINT('Ctrl Pts',(75.086070129049,-26.7397636642748,1.));
#4930=CARTESIAN_POINT('Ctrl Pts',(75.086070129049,-26.7397636642748,0.));
#4931=CARTESIAN_POINT('Ctrl Pts',(75.4141101597201,-26.6179462715345,1.));
#4932=CARTESIAN_POINT('Ctrl Pts',(75.4141101597201,-26.6179462715345,0.));
#4933=CARTESIAN_POINT('Ctrl Pts',(75.6004013174086,-26.5487672049622,1.));
#4934=CARTESIAN_POINT('Ctrl Pts',(75.6004013174086,-26.5487672049622,0.));
#4935=CARTESIAN_POINT('',(74.7205187433271,-27.0800174433808,0.));
#4936=CARTESIAN_POINT('Ctrl Pts',(74.7205187433271,-27.0800174433808,0.));
#4937=CARTESIAN_POINT('Ctrl Pts',(74.8308161482687,-26.9773530565865,0.));
#4938=CARTESIAN_POINT('Ctrl Pts',(75.086070129049,-26.7397636642748,0.));
#4939=CARTESIAN_POINT('Ctrl Pts',(75.4141101597201,-26.6179462715345,0.));
#4940=CARTESIAN_POINT('Ctrl Pts',(75.6004013174086,-26.5487672049622,0.));
#4941=CARTESIAN_POINT('',(74.7205187433271,-27.0800174433808,0.));
#4942=CARTESIAN_POINT('Ctrl Pts',(74.4631947629957,-27.810486670218,1.));
#4943=CARTESIAN_POINT('Ctrl Pts',(74.4631947629957,-27.810486670218,0.));
#4944=CARTESIAN_POINT('Ctrl Pts',(74.4728114571024,-27.6734464103237,1.));
#4945=CARTESIAN_POINT('Ctrl Pts',(74.4728114571024,-27.6734464103237,0.));
#4946=CARTESIAN_POINT('Ctrl Pts',(74.4915789596259,-27.4060048763755,1.));
#4947=CARTESIAN_POINT('Ctrl Pts',(74.4915789596259,-27.4060048763755,0.));
#4948=CARTESIAN_POINT('Ctrl Pts',(74.6454789565677,-27.1868666203247,1.));
#4949=CARTESIAN_POINT('Ctrl Pts',(74.6454789565677,-27.1868666203247,0.));
#4950=CARTESIAN_POINT('Ctrl Pts',(74.7205187433271,-27.0800174433808,1.));
#4951=CARTESIAN_POINT('Ctrl Pts',(74.7205187433271,-27.0800174433808,0.));
#4952=CARTESIAN_POINT('',(74.4631947629957,-27.810486670218,0.));
#4953=CARTESIAN_POINT('Ctrl Pts',(74.4631947629957,-27.810486670218,0.));
#4954=CARTESIAN_POINT('Ctrl Pts',(74.4728114571024,-27.6734464103237,0.));
#4955=CARTESIAN_POINT('Ctrl Pts',(74.4915789596259,-27.4060048763755,0.));
#4956=CARTESIAN_POINT('Ctrl Pts',(74.6454789565677,-27.1868666203247,0.));
#4957=CARTESIAN_POINT('Ctrl Pts',(74.7205187433271,-27.0800174433808,0.));
#4958=CARTESIAN_POINT('',(74.4631947629957,-27.810486670218,0.));
#4959=CARTESIAN_POINT('Ctrl Pts',(75.0691522710829,-28.9891971308808,1.));
#4960=CARTESIAN_POINT('Ctrl Pts',(75.0691522710829,-28.9891971308808,0.));
#4961=CARTESIAN_POINT('Ctrl Pts',(74.8925279627637,-28.8191611129931,1.));
#4962=CARTESIAN_POINT('Ctrl Pts',(74.8925279627637,-28.8191611129931,0.));
#4963=CARTESIAN_POINT('Ctrl Pts',(74.5549175560734,-28.4941439638966,1.));
#4964=CARTESIAN_POINT('Ctrl Pts',(74.5549175560734,-28.4941439638966,0.));
#4965=CARTESIAN_POINT('Ctrl Pts',(74.4928100820751,-28.0312249209177,1.));
#4966=CARTESIAN_POINT('Ctrl Pts',(74.4928100820751,-28.0312249209177,0.));
#4967=CARTESIAN_POINT('Ctrl Pts',(74.4631947629957,-27.810486670218,1.));
#4968=CARTESIAN_POINT('Ctrl Pts',(74.4631947629957,-27.810486670218,0.));
#4969=CARTESIAN_POINT('',(75.0691522710829,-28.9891971308808,0.));
#4970=CARTESIAN_POINT('Ctrl Pts',(75.0691522710829,-28.9891971308808,0.));
#4971=CARTESIAN_POINT('Ctrl Pts',(74.8925279627637,-28.8191611129931,0.));
#4972=CARTESIAN_POINT('Ctrl Pts',(74.5549175560734,-28.4941439638966,0.));
#4973=CARTESIAN_POINT('Ctrl Pts',(74.4928100820751,-28.0312249209177,0.));
#4974=CARTESIAN_POINT('Ctrl Pts',(74.4631947629957,-27.810486670218,0.));
#4975=CARTESIAN_POINT('',(75.0691522710829,-28.9891971308808,0.));
#4976=CARTESIAN_POINT('Ctrl Pts',(76.8538196437864,-29.4872440058808,1.));
#4977=CARTESIAN_POINT('Ctrl Pts',(76.8538196437864,-29.4872440058808,0.));
#4978=CARTESIAN_POINT('Ctrl Pts',(76.4976441265655,-29.4777396631908,1.));
#4979=CARTESIAN_POINT('Ctrl Pts',(76.4976441265655,-29.4777396631908,0.));
#4980=CARTESIAN_POINT('Ctrl Pts',(75.8579865029662,-29.4606707604588,1.));
#4981=CARTESIAN_POINT('Ctrl Pts',(75.8579865029662,-29.4606707604588,0.));
#4982=CARTESIAN_POINT('Ctrl Pts',(75.3113912110569,-29.1339794788552,1.));
#4983=CARTESIAN_POINT('Ctrl Pts',(75.3113912110569,-29.1339794788552,0.));
#4984=CARTESIAN_POINT('Ctrl Pts',(75.0691522710829,-28.9891971308808,1.));
#4985=CARTESIAN_POINT('Ctrl Pts',(75.0691522710829,-28.9891971308808,0.));
#4986=CARTESIAN_POINT('',(76.8538196437864,-29.4872440058808,0.));
#4987=CARTESIAN_POINT('Ctrl Pts',(76.8538196437864,-29.4872440058808,0.));
#4988=CARTESIAN_POINT('Ctrl Pts',(76.4976441265655,-29.4777396631908,0.));
#4989=CARTESIAN_POINT('Ctrl Pts',(75.8579865029662,-29.4606707604588,0.));
#4990=CARTESIAN_POINT('Ctrl Pts',(75.3113912110569,-29.1339794788552,0.));
#4991=CARTESIAN_POINT('Ctrl Pts',(75.0691522710829,-28.9891971308808,0.));
#4992=CARTESIAN_POINT('',(76.8538196437864,-29.4872440058808,0.));
#4993=CARTESIAN_POINT('Ctrl Pts',(78.6384876125364,-28.9227904040437,1.));
#4994=CARTESIAN_POINT('Ctrl Pts',(78.6384876125364,-28.9227904040437,0.));
#4995=CARTESIAN_POINT('Ctrl Pts',(78.3867815477067,-29.0872160650166,1.));
#4996=CARTESIAN_POINT('Ctrl Pts',(78.3867815477067,-29.0872160650166,0.));
#4997=CARTESIAN_POINT('Ctrl Pts',(77.8463139494614,-29.4402736766244,1.));
#4998=CARTESIAN_POINT('Ctrl Pts',(77.8463139494614,-29.4402736766244,0.));
#4999=CARTESIAN_POINT('Ctrl Pts',(77.1994348262137,-29.4708875806381,1.));
#5000=CARTESIAN_POINT('Ctrl Pts',(77.1994348262137,-29.4708875806381,0.));
#5001=CARTESIAN_POINT('Ctrl Pts',(76.8538196437864,-29.4872440058808,1.));
#5002=CARTESIAN_POINT('Ctrl Pts',(76.8538196437864,-29.4872440058808,0.));
#5003=CARTESIAN_POINT('',(78.6384876125364,-28.9227904040437,0.));
#5004=CARTESIAN_POINT('Ctrl Pts',(78.6384876125364,-28.9227904040437,0.));
#5005=CARTESIAN_POINT('Ctrl Pts',(78.3867815477067,-29.0872160650166,0.));
#5006=CARTESIAN_POINT('Ctrl Pts',(77.8463139494614,-29.4402736766244,0.));
#5007=CARTESIAN_POINT('Ctrl Pts',(77.1994348262137,-29.4708875806381,0.));
#5008=CARTESIAN_POINT('Ctrl Pts',(76.8538196437864,-29.4872440058808,0.));
#5009=CARTESIAN_POINT('',(78.6384876125364,-28.9227904040437,0.));
#5010=CARTESIAN_POINT('Ctrl Pts',(79.5100696437864,-27.1547247130494,1.));
#5011=CARTESIAN_POINT('Ctrl Pts',(79.5100696437864,-27.1547247130494,0.));
#5012=CARTESIAN_POINT('Ctrl Pts',(79.4317419907011,-27.5182033593279,1.));
#5013=CARTESIAN_POINT('Ctrl Pts',(79.4317419907011,-27.5182033593279,0.));
#5014=CARTESIAN_POINT('Ctrl Pts',(79.2884549648553,-28.1831252883301,1.));
#5015=CARTESIAN_POINT('Ctrl Pts',(79.2884549648553,-28.1831252883301,0.));
#5016=CARTESIAN_POINT('Ctrl Pts',(78.8412352797422,-28.6920628510529,1.));
#5017=CARTESIAN_POINT('Ctrl Pts',(78.8412352797422,-28.6920628510529,0.));
#5018=CARTESIAN_POINT('Ctrl Pts',(78.6384876125364,-28.9227904040437,1.));
#5019=CARTESIAN_POINT('Ctrl Pts',(78.6384876125364,-28.9227904040437,0.));
#5020=CARTESIAN_POINT('',(79.5100696437864,-27.1547247130494,0.));
#5021=CARTESIAN_POINT('Ctrl Pts',(79.5100696437864,-27.1547247130494,0.));
#5022=CARTESIAN_POINT('Ctrl Pts',(79.4317419907011,-27.5182033593279,0.));
#5023=CARTESIAN_POINT('Ctrl Pts',(79.2884549648553,-28.1831252883301,0.));
#5024=CARTESIAN_POINT('Ctrl Pts',(78.8412352797422,-28.6920628510529,0.));
#5025=CARTESIAN_POINT('Ctrl Pts',(78.6384876125364,-28.9227904040437,0.));
#5026=CARTESIAN_POINT('',(79.5100696437864,-27.1547247130494,0.));
#5027=CARTESIAN_POINT('Origin',(80.7053822331934,-27.2709352929215,0.));
#5028=CARTESIAN_POINT('',(81.9006948226004,-27.3871458727937,0.));
#5029=CARTESIAN_POINT('',(63.1093092932781,-25.5602113718806,0.));
#5030=CARTESIAN_POINT('',(81.9006948226004,-27.3871458727937,0.));
#5031=CARTESIAN_POINT('Ctrl Pts',(80.4231555812864,-30.4999400336365,1.));
#5032=CARTESIAN_POINT('Ctrl Pts',(80.4231555812864,-30.4999400336365,0.));
#5033=CARTESIAN_POINT('Ctrl Pts',(80.7958423407028,-30.0833316419861,1.));
#5034=CARTESIAN_POINT('Ctrl Pts',(80.7958423407028,-30.0833316419861,0.));
#5035=CARTESIAN_POINT('Ctrl Pts',(81.5913522472166,-29.1940698307703,1.));
#5036=CARTESIAN_POINT('Ctrl Pts',(81.5913522472166,-29.1940698307703,0.));
#5037=CARTESIAN_POINT('Ctrl Pts',(81.7933373140215,-28.0142398125114,1.));
#5038=CARTESIAN_POINT('Ctrl Pts',(81.7933373140215,-28.0142398125114,0.));
#5039=CARTESIAN_POINT('Ctrl Pts',(81.9006948226004,-27.3871458727937,1.));
#5040=CARTESIAN_POINT('Ctrl Pts',(81.9006948226004,-27.3871458727937,0.));
#5041=CARTESIAN_POINT('Ctrl Pts',(80.4231555812864,-30.4999400336365,0.));
#5042=CARTESIAN_POINT('Ctrl Pts',(80.7958423407028,-30.0833316419861,0.));
#5043=CARTESIAN_POINT('Ctrl Pts',(81.5913522472166,-29.1940698307703,0.));
#5044=CARTESIAN_POINT('Ctrl Pts',(81.7933373140215,-28.0142398125114,0.));
#5045=CARTESIAN_POINT('Ctrl Pts',(81.9006948226004,-27.3871458727937,0.));
#5046=CARTESIAN_POINT('Origin',(43.,-49.7,1.));
#5047=CARTESIAN_POINT('',(30.7263745420485,-19.177674170218,1.));
#5048=CARTESIAN_POINT('',(30.7263745420485,-31.3466192442994,1.));
#5049=CARTESIAN_POINT('',(30.7263745420485,-19.177674170218,1.));
#5050=CARTESIAN_POINT('',(33.1834067457228,-19.177674170218,1.));
#5051=CARTESIAN_POINT('',(33.1834067457228,-19.177674170218,1.));
#5052=CARTESIAN_POINT('',(33.1834067457228,-31.3466192442994,1.));
#5053=CARTESIAN_POINT('',(33.1834067457228,-31.3466192442994,1.));
#5054=CARTESIAN_POINT('',(30.7263745420485,-31.3466192442994,1.));
#5055=CARTESIAN_POINT('Origin',(30.7263745420485,-25.2621467072587,0.));
#5056=CARTESIAN_POINT('',(30.7263745420485,-31.3466192442994,0.));
#5057=CARTESIAN_POINT('',(30.7263745420485,-31.3466192442994,0.));
#5058=CARTESIAN_POINT('',(30.7263745420485,-19.177674170218,0.));
#5059=CARTESIAN_POINT('',(30.7263745420485,-37.4810733536293,0.));
#5060=CARTESIAN_POINT('',(30.7263745420485,-19.177674170218,0.));
#5061=CARTESIAN_POINT('Origin',(31.9548906438856,-19.177674170218,0.));
#5062=CARTESIAN_POINT('',(33.1834067457228,-19.177674170218,0.));
#5063=CARTESIAN_POINT('',(37.4774453219428,-19.177674170218,0.));
#5064=CARTESIAN_POINT('',(33.1834067457228,-19.177674170218,0.));
#5065=CARTESIAN_POINT('Origin',(33.1834067457228,-25.2621467072587,0.));
#5066=CARTESIAN_POINT('',(33.1834067457228,-31.3466192442994,0.));
#5067=CARTESIAN_POINT('',(33.1834067457228,-37.4810733536293,0.));
#5068=CARTESIAN_POINT('',(33.1834067457228,-31.3466192442994,0.));
#5069=CARTESIAN_POINT('Origin',(31.9548906438856,-31.3466192442994,0.));
#5070=CARTESIAN_POINT('',(37.4774453219428,-31.3466192442994,0.));
#5071=CARTESIAN_POINT('Origin',(43.,-49.7,1.));
#5072=CARTESIAN_POINT('',(14.4983471982985,-19.177674170218,1.));
#5073=CARTESIAN_POINT('',(11.9002045743971,-19.177674170218,1.));
#5074=CARTESIAN_POINT('',(14.4983471982985,-19.177674170218,1.));
#5075=CARTESIAN_POINT('',(19.2380942457228,-31.3466192442994,1.));
#5076=CARTESIAN_POINT('',(19.2380942457228,-31.3466192442994,1.));
#5077=CARTESIAN_POINT('',(16.6316498868971,-31.3466192442994,1.));
#5078=CARTESIAN_POINT('',(16.6316498868971,-31.3466192442994,1.));
#5079=CARTESIAN_POINT('',(15.6272544019728,-28.5824598033051,1.));
#5080=CARTESIAN_POINT('',(15.6272544019728,-28.5824598033051,1.));
#5081=CARTESIAN_POINT('',(10.7629956357985,-28.5824598033051,1.));
#5082=CARTESIAN_POINT('',(10.7629956357985,-28.5824598033051,1.));
#5083=CARTESIAN_POINT('',(9.7004975431471,-31.3466192442994,1.));
#5084=CARTESIAN_POINT('',(9.7004975431471,-31.3466192442994,1.));
#5085=CARTESIAN_POINT('',(7.02764407329846,-31.3466192442994,1.));
#5086=CARTESIAN_POINT('',(7.02764407329846,-31.3466192442994,1.));
#5087=CARTESIAN_POINT('',(11.9002045743971,-19.177674170218,1.));
#5088=CARTESIAN_POINT('',(13.2283295743971,-22.0165414769273,1.));
#5089=CARTESIAN_POINT('',(14.8718823545485,-26.5321661192994,1.));
#5090=CARTESIAN_POINT('',(13.2283295743971,-22.0165414769273,1.));
#5091=CARTESIAN_POINT('',(11.5515698545485,-26.5321661192994,1.));
#5092=CARTESIAN_POINT('',(11.5515698545485,-26.5321661192994,1.));
#5093=CARTESIAN_POINT('',(14.8718823545485,-26.5321661192994,1.));
#5094=CARTESIAN_POINT('Origin',(13.1992758863478,-19.177674170218,0.));
#5095=CARTESIAN_POINT('',(11.9002045743971,-19.177674170218,0.));
#5096=CARTESIAN_POINT('',(11.9002045743971,-19.177674170218,0.));
#5097=CARTESIAN_POINT('',(14.4983471982985,-19.177674170218,0.));
#5098=CARTESIAN_POINT('',(28.0996379431739,-19.177674170218,0.));
#5099=CARTESIAN_POINT('',(14.4983471982985,-19.177674170218,0.));
#5100=CARTESIAN_POINT('Origin',(16.8682207220106,-25.2621467072587,0.));
#5101=CARTESIAN_POINT('',(19.2380942457228,-31.3466192442994,0.));
#5102=CARTESIAN_POINT('',(22.7216180279038,-40.2903052987385,0.));
#5103=CARTESIAN_POINT('',(19.2380942457228,-31.3466192442994,0.));
#5104=CARTESIAN_POINT('Origin',(17.9348720663099,-31.3466192442994,0.));
#5105=CARTESIAN_POINT('',(16.6316498868971,-31.3466192442994,0.));
#5106=CARTESIAN_POINT('',(30.467436033155,-31.3466192442994,0.));
#5107=CARTESIAN_POINT('',(16.6316498868971,-31.3466192442994,0.));
#5108=CARTESIAN_POINT('Origin',(16.1294521444349,-29.9645395238023,0.));
#5109=CARTESIAN_POINT('',(15.6272544019728,-28.5824598033051,0.));
#5110=CARTESIAN_POINT('',(20.8638350672969,-42.9938586017321,0.));
#5111=CARTESIAN_POINT('',(15.6272544019728,-28.5824598033051,0.));
#5112=CARTESIAN_POINT('Origin',(13.1951250188856,-28.5824598033051,0.));
#5113=CARTESIAN_POINT('',(10.7629956357985,-28.5824598033051,0.));
#5114=CARTESIAN_POINT('',(28.0975625094428,-28.5824598033051,0.));
#5115=CARTESIAN_POINT('',(10.7629956357985,-28.5824598033051,0.));
#5116=CARTESIAN_POINT('Origin',(10.2317465894728,-29.9645395238023,0.));
#5117=CARTESIAN_POINT('',(9.7004975431471,-31.3466192442994,0.));
#5118=CARTESIAN_POINT('',(9.03616826130807,-33.0749160469242,0.));
#5119=CARTESIAN_POINT('',(9.7004975431471,-31.3466192442994,0.));
#5120=CARTESIAN_POINT('Origin',(8.36407080822278,-31.3466192442994,0.));
#5121=CARTESIAN_POINT('',(7.02764407329846,-31.3466192442994,0.));
#5122=CARTESIAN_POINT('',(25.6820354041114,-31.3466192442994,0.));
#5123=CARTESIAN_POINT('',(7.02764407329846,-31.3466192442994,0.));
#5124=CARTESIAN_POINT('Origin',(9.46392432384778,-25.2621467072587,0.));
#5125=CARTESIAN_POINT('',(7.56429522341649,-30.0063632601497,0.));
#5126=CARTESIAN_POINT('Origin',(14.0501059644728,-24.2743537981133,0.));
#5127=CARTESIAN_POINT('',(14.8718823545485,-26.5321661192994,0.));
#5128=CARTESIAN_POINT('',(14.8718823545485,-26.5321661192994,0.));
#5129=CARTESIAN_POINT('',(13.2283295743971,-22.0165414769273,0.));
#5130=CARTESIAN_POINT('',(19.8291750305834,-40.1522172899667,0.));
#5131=CARTESIAN_POINT('',(13.2283295743971,-22.0165414769273,0.));
#5132=CARTESIAN_POINT('Origin',(12.3899497144728,-24.2743537981133,0.));
#5133=CARTESIAN_POINT('',(11.5515698545485,-26.5321661192994,0.));
#5134=CARTESIAN_POINT('',(10.0959531258496,-30.452238084384,0.));
#5135=CARTESIAN_POINT('',(11.5515698545485,-26.5321661192994,0.));
#5136=CARTESIAN_POINT('Origin',(13.2117261045485,-26.5321661192994,0.));
#5137=CARTESIAN_POINT('',(28.1058630522742,-26.5321661192994,0.));
#5138=CARTESIAN_POINT('Origin',(43.,-49.7,1.));
#5139=CARTESIAN_POINT('',(66.4363397710829,-19.177674170218,1.));
#5140=CARTESIAN_POINT('',(63.8381947629957,-19.177674170218,1.));
#5141=CARTESIAN_POINT('',(66.4363397710829,-19.177674170218,1.));
#5142=CARTESIAN_POINT('',(71.1760856264143,-31.3466192442994,1.));
#5143=CARTESIAN_POINT('',(71.1760856264143,-31.3466192442994,1.));
#5144=CARTESIAN_POINT('',(68.5696400754957,-31.3466192442994,1.));
#5145=CARTESIAN_POINT('',(68.5696400754957,-31.3466192442994,1.));
#5146=CARTESIAN_POINT('',(67.5652457826643,-28.5824598033051,1.));
#5147=CARTESIAN_POINT('',(67.5652457826643,-28.5824598033051,1.));
#5148=CARTESIAN_POINT('',(62.7009882085829,-28.5824598033051,1.));
#5149=CARTESIAN_POINT('',(62.7009882085829,-28.5824598033051,1.));
#5150=CARTESIAN_POINT('',(61.6384877317457,-31.3466192442994,1.));
#5151=CARTESIAN_POINT('',(61.6384877317457,-31.3466192442994,1.));
#5152=CARTESIAN_POINT('',(58.9656366460829,-31.3466192442994,1.));
#5153=CARTESIAN_POINT('',(58.9656366460829,-31.3466192442994,1.));
#5154=CARTESIAN_POINT('',(63.8381947629957,-19.177674170218,1.));
#5155=CARTESIAN_POINT('',(65.1663197629957,-22.0165414769273,1.));
#5156=CARTESIAN_POINT('',(66.8098749273329,-26.5321661192994,1.));
#5157=CARTESIAN_POINT('',(65.1663197629957,-22.0165414769273,1.));
#5158=CARTESIAN_POINT('',(63.4895624273329,-26.5321661192994,1.));
#5159=CARTESIAN_POINT('',(63.4895624273329,-26.5321661192994,1.));
#5160=CARTESIAN_POINT('',(66.8098749273329,-26.5321661192994,1.));
#5161=CARTESIAN_POINT('Origin',(65.1372672670393,-19.177674170218,0.));
#5162=CARTESIAN_POINT('',(63.8381947629957,-19.177674170218,0.));
#5163=CARTESIAN_POINT('',(63.8381947629957,-19.177674170218,0.));
#5164=CARTESIAN_POINT('',(66.4363397710829,-19.177674170218,0.));
#5165=CARTESIAN_POINT('',(54.0686336335197,-19.177674170218,0.));
#5166=CARTESIAN_POINT('',(66.4363397710829,-19.177674170218,0.));
#5167=CARTESIAN_POINT('Origin',(68.8062126987486,-25.2621467072587,0.));
#5168=CARTESIAN_POINT('',(71.1760856264143,-31.3466192442994,0.));
#5169=CARTESIAN_POINT('',(71.2388880480006,-31.5078597922378,0.));
#5170=CARTESIAN_POINT('',(71.1760856264143,-31.3466192442994,0.));
#5171=CARTESIAN_POINT('Origin',(69.872862850955,-31.3466192442994,0.));
#5172=CARTESIAN_POINT('',(68.5696400754957,-31.3466192442994,0.));
#5173=CARTESIAN_POINT('',(56.4364314254775,-31.3466192442994,0.));
#5174=CARTESIAN_POINT('',(68.5696400754957,-31.3466192442994,0.));
#5175=CARTESIAN_POINT('Origin',(68.06744292908,-29.9645395238023,0.));
#5176=CARTESIAN_POINT('',(67.5652457826643,-28.5824598033051,0.));
#5177=CARTESIAN_POINT('',(69.7729654185847,-34.6582500763607,0.));
#5178=CARTESIAN_POINT('',(67.5652457826643,-28.5824598033051,0.));
#5179=CARTESIAN_POINT('Origin',(65.1331169956236,-28.5824598033051,0.));
#5180=CARTESIAN_POINT('',(62.7009882085829,-28.5824598033051,0.));
#5181=CARTESIAN_POINT('',(54.0665584978118,-28.5824598033051,0.));
#5182=CARTESIAN_POINT('',(62.7009882085829,-28.5824598033051,0.));
#5183=CARTESIAN_POINT('Origin',(62.1697379701643,-29.9645395238023,0.));
#5184=CARTESIAN_POINT('',(61.6384877317457,-31.3466192442994,0.));
#5185=CARTESIAN_POINT('',(57.6311395108335,-41.7719787238167,0.));
#5186=CARTESIAN_POINT('',(61.6384877317457,-31.3466192442994,0.));
#5187=CARTESIAN_POINT('Origin',(60.3020621889143,-31.3466192442994,0.));
#5188=CARTESIAN_POINT('',(58.9656366460829,-31.3466192442994,0.));
#5189=CARTESIAN_POINT('',(51.6510310944572,-31.3466192442994,0.));
#5190=CARTESIAN_POINT('',(58.9656366460829,-31.3466192442994,0.));
#5191=CARTESIAN_POINT('Origin',(61.4019157045393,-25.2621467072587,0.));
#5192=CARTESIAN_POINT('',(55.9140357670772,-38.9678240803674,0.));
#5193=CARTESIAN_POINT('Origin',(65.9880973451643,-24.2743537981133,0.));
#5194=CARTESIAN_POINT('',(66.8098749273329,-26.5321661192994,0.));
#5195=CARTESIAN_POINT('',(66.8098749273329,-26.5321661192994,0.));
#5196=CARTESIAN_POINT('',(65.1663197629957,-22.0165414769273,0.));
#5197=CARTESIAN_POINT('',(68.7293726664833,-31.8059357377235,0.));
#5198=CARTESIAN_POINT('',(65.1663197629957,-22.0165414769273,0.));
#5199=CARTESIAN_POINT('Origin',(64.3279410951643,-24.2743537981133,0.));
#5200=CARTESIAN_POINT('',(63.4895624273329,-26.5321661192994,0.));
#5201=CARTESIAN_POINT('',(58.8871886302292,-38.9266802744401,0.));
#5202=CARTESIAN_POINT('',(63.4895624273329,-26.5321661192994,0.));
#5203=CARTESIAN_POINT('Origin',(65.1497186773329,-26.5321661192994,0.));
#5204=CARTESIAN_POINT('',(54.0748593386664,-26.5321661192994,0.));
#5205=CARTESIAN_POINT('Origin',(43.,-49.7,0.));
#5206=CARTESIAN_POINT('Origin',(43.,-49.7,0.));
#5207=CARTESIAN_POINT('Origin',(43.,-49.7,0.));
#5208=CARTESIAN_POINT('Origin',(43.,-49.7,0.));
#5209=CARTESIAN_POINT('Origin',(91.,10.,0.));
#5210=CARTESIAN_POINT('',(63.5442092540192,10.,13.));
#5211=CARTESIAN_POINT('',(63.5442092540192,10.,3.));
#5212=CARTESIAN_POINT('',(63.5442092540191,10.,6.5));
#5213=CARTESIAN_POINT('',(82.0442092540192,10.,3.));
#5214=CARTESIAN_POINT('',(81.8971046270096,10.,3.));
#5215=CARTESIAN_POINT('',(82.0442092540192,10.,13.));
#5216=CARTESIAN_POINT('',(82.0442092540192,10.,6.5));
#5217=CARTESIAN_POINT('',(91.,10.,13.));
#5218=CARTESIAN_POINT('',(-5.,10.,13.));
#5219=CARTESIAN_POINT('',(91.,10.,0.));
#5220=CARTESIAN_POINT('',(91.,10.,0.));
#5221=CARTESIAN_POINT('',(-5.,10.,0.));
#5222=CARTESIAN_POINT('',(-5.,10.,0.));
#5223=CARTESIAN_POINT('',(-5.,10.,13.));
#5224=CARTESIAN_POINT('',(-5.,10.,0.));
#5225=CARTESIAN_POINT('',(-5.,10.,13.));
#5226=CARTESIAN_POINT('Origin',(0.,0.,0.));
#5227=CARTESIAN_POINT('',(82.0442092540192,0.,13.));
#5228=CARTESIAN_POINT('',(82.0442092540192,0.,3.));
#5229=CARTESIAN_POINT('',(82.0442092540192,0.,6.5));
#5230=CARTESIAN_POINT('',(86.,0.,3.));
#5231=CARTESIAN_POINT('',(0.,0.,3.));
#5232=CARTESIAN_POINT('',(86.,0.,13.));
#5233=CARTESIAN_POINT('',(86.,0.,0.));
#5234=CARTESIAN_POINT('',(0.,0.,13.));
#5235=CARTESIAN_POINT('Origin',(82.0442092540192,10.,13.));
#5236=CARTESIAN_POINT('',(82.0442092540192,-47.2,13.));
#5237=CARTESIAN_POINT('',(82.0442092540192,0.,3.));
#5238=CARTESIAN_POINT('Origin',(63.5442092540192,0.,13.));
#5239=CARTESIAN_POINT('',(63.5442092540192,0.,13.));
#5240=CARTESIAN_POINT('',(63.5442092540192,-52.2,13.));
#5241=CARTESIAN_POINT('',(63.5442092540192,0.,3.));
#5242=CARTESIAN_POINT('',(63.5442092540192,0.,6.5));
#5243=CARTESIAN_POINT('',(63.5442092540192,10.,3.));
#5244=CARTESIAN_POINT('Origin',(-5.,-104.4,13.));
#5245=CARTESIAN_POINT('',(-10.,5.,13.));
#5246=CARTESIAN_POINT('Origin',(-5.00000000000001,5.00000000000001,13.));
#5247=CARTESIAN_POINT('',(-10.,-104.4,13.));
#5248=CARTESIAN_POINT('',(-10.,-104.4,13.));
#5249=CARTESIAN_POINT('',(-5.,-109.4,13.));
#5250=CARTESIAN_POINT('Origin',(-4.99999999999999,-104.4,13.));
#5251=CARTESIAN_POINT('',(91.,-109.4,13.));
#5252=CARTESIAN_POINT('',(-5.,-109.4,13.));
#5253=CARTESIAN_POINT('',(96.,-104.4,13.));
#5254=CARTESIAN_POINT('Origin',(91.,-104.4,13.));
#5255=CARTESIAN_POINT('',(96.,5.,13.));
#5256=CARTESIAN_POINT('',(96.,5.,13.));
#5257=CARTESIAN_POINT('Origin',(91.,4.99999999999999,13.));
#5258=CARTESIAN_POINT('',(86.,-99.4,13.));
#5259=CARTESIAN_POINT('',(86.,0.,13.));
#5260=CARTESIAN_POINT('',(0.,-99.4,13.));
#5261=CARTESIAN_POINT('',(86.,-99.4,13.));
#5262=CARTESIAN_POINT('',(0.,0.,13.));
#5263=CARTESIAN_POINT('',(0.,-99.4,13.));
#5264=CARTESIAN_POINT('',(0.,0.,13.));
#5265=CARTESIAN_POINT('',(-6.7,-104.4,13.));
#5266=CARTESIAN_POINT('Origin',(-5.,-104.4,13.));
#5267=CARTESIAN_POINT('',(-6.70000007450581,5.00000007450581,13.));
#5268=CARTESIAN_POINT('Origin',(-5.00000007450581,5.00000007450581,13.));
#5269=CARTESIAN_POINT('',(89.3,5.,13.));
#5270=CARTESIAN_POINT('Origin',(91.,5.,13.));
#5271=CARTESIAN_POINT('',(89.3,-104.4,13.));
#5272=CARTESIAN_POINT('Origin',(91.,-104.4,13.));
#5273=CARTESIAN_POINT('Origin',(86.,0.,0.));
#5274=CARTESIAN_POINT('',(86.,-99.4,3.));
#5275=CARTESIAN_POINT('',(86.,0.,3.));
#5276=CARTESIAN_POINT('',(86.,-99.4,0.));
#5277=CARTESIAN_POINT('Origin',(86.,-99.4,0.));
#5278=CARTESIAN_POINT('',(0.,-99.4,3.));
#5279=CARTESIAN_POINT('',(86.,-99.4,3.));
#5280=CARTESIAN_POINT('',(0.,-99.4,0.));
#5281=CARTESIAN_POINT('Origin',(-5.,-104.4,0.));
#5282=CARTESIAN_POINT('',(-8.,-104.4,0.));
#5283=CARTESIAN_POINT('Origin',(-5.,-104.4,0.));
#5284=CARTESIAN_POINT('',(-8.,-104.4,3.1));
#5285=CARTESIAN_POINT('',(-8.,-104.4,0.));
#5286=CARTESIAN_POINT('Origin',(-5.,-104.4,3.1));
#5287=CARTESIAN_POINT('Origin',(91.,-104.4,0.));
#5288=CARTESIAN_POINT('',(88.,-104.4,0.));
#5289=CARTESIAN_POINT('Origin',(91.,-104.4,0.));
#5290=CARTESIAN_POINT('',(88.,-104.4,3.1));
#5291=CARTESIAN_POINT('',(88.,-104.4,0.));
#5292=CARTESIAN_POINT('Origin',(91.,-104.4,3.1));
#5293=CARTESIAN_POINT('Origin',(-5.00000007450581,5.00000007450581,0.));
#5294=CARTESIAN_POINT('',(-8.00000007450581,5.00000007450581,0.));
#5295=CARTESIAN_POINT('Origin',(-5.00000007450581,5.00000007450581,0.));
#5296=CARTESIAN_POINT('',(-8.00000007450581,5.00000007450581,3.1));
#5297=CARTESIAN_POINT('',(-8.00000007450581,5.00000007450581,0.));
#5298=CARTESIAN_POINT('Origin',(-5.00000007450581,5.00000007450581,3.1));
#5299=CARTESIAN_POINT('Origin',(91.,4.99999999999999,0.));
#5300=CARTESIAN_POINT('',(88.,4.99999999999999,0.));
#5301=CARTESIAN_POINT('Origin',(91.,4.99999999999999,0.));
#5302=CARTESIAN_POINT('',(88.,4.99999999999999,3.1));
#5303=CARTESIAN_POINT('',(88.,4.99999999999999,0.));
#5304=CARTESIAN_POINT('Origin',(91.,4.99999999999999,3.1));
#5305=CARTESIAN_POINT('Origin',(0.,0.,0.));
#5306=CARTESIAN_POINT('',(0.,0.,3.));
#5307=CARTESIAN_POINT('',(0.,0.,0.));
#5308=CARTESIAN_POINT('',(0.,0.,3.));
#5309=CARTESIAN_POINT('Origin',(0.,-99.4,0.));
#5310=CARTESIAN_POINT('',(0.,-99.4,3.));
#5311=CARTESIAN_POINT('Origin',(91.,4.99999999999999,0.));
#5312=CARTESIAN_POINT('',(96.,5.,0.));
#5313=CARTESIAN_POINT('Origin',(91.,4.99999999999999,0.));
#5314=CARTESIAN_POINT('',(96.,5.,0.));
#5315=CARTESIAN_POINT('Origin',(96.,-104.4,0.));
#5316=CARTESIAN_POINT('',(96.,-104.4,0.));
#5317=CARTESIAN_POINT('',(96.,5.,0.));
#5318=CARTESIAN_POINT('',(96.,-104.4,0.));
#5319=CARTESIAN_POINT('Origin',(91.,-104.4,0.));
#5320=CARTESIAN_POINT('',(91.,-109.4,0.));
#5321=CARTESIAN_POINT('Origin',(91.,-104.4,0.));
#5322=CARTESIAN_POINT('',(91.,-109.4,0.));
#5323=CARTESIAN_POINT('Origin',(-5.,-109.4,0.));
#5324=CARTESIAN_POINT('',(-5.,-109.4,0.));
#5325=CARTESIAN_POINT('',(-5.,-109.4,0.));
#5326=CARTESIAN_POINT('',(-5.,-109.4,0.));
#5327=CARTESIAN_POINT('Origin',(-4.99999999999999,-104.4,0.));
#5328=CARTESIAN_POINT('',(-10.,-104.4,0.));
#5329=CARTESIAN_POINT('Origin',(-4.99999999999999,-104.4,0.));
#5330=CARTESIAN_POINT('',(-10.,-104.4,0.));
#5331=CARTESIAN_POINT('Origin',(-10.,5.,0.));
#5332=CARTESIAN_POINT('',(-10.,5.,0.));
#5333=CARTESIAN_POINT('',(-10.,-104.4,0.));
#5334=CARTESIAN_POINT('',(-10.,5.,0.));
#5335=CARTESIAN_POINT('Origin',(-5.00000000000001,5.00000000000001,0.));
#5336=CARTESIAN_POINT('Origin',(-5.00000000000001,5.00000000000001,0.));
#5337=CARTESIAN_POINT('Origin',(43.,-49.7,3.));
#5338=CARTESIAN_POINT('Origin',(43.,-49.7,0.));
#5339=CARTESIAN_POINT('Origin',(91.,5.,3.1));
#5340=CARTESIAN_POINT('',(89.3,5.,3.1));
#5341=CARTESIAN_POINT('Origin',(91.,5.,3.1));
#5342=CARTESIAN_POINT('',(89.3,5.,3.1));
#5343=CARTESIAN_POINT('Origin',(91.,4.99999999999999,3.1));
#5344=CARTESIAN_POINT('Origin',(-5.00000007450581,5.00000007450581,3.1));
#5345=CARTESIAN_POINT('',(-6.70000007450581,5.00000007450581,3.1));
#5346=CARTESIAN_POINT('Origin',(-5.00000007450581,5.00000007450581,3.1));
#5347=CARTESIAN_POINT('',(-6.70000007450581,5.00000007450581,3.1));
#5348=CARTESIAN_POINT('Origin',(-5.00000007450581,5.00000007450581,3.1));
#5349=CARTESIAN_POINT('Origin',(91.,-104.4,3.1));
#5350=CARTESIAN_POINT('',(89.3,-104.4,3.1));
#5351=CARTESIAN_POINT('Origin',(91.,-104.4,3.1));
#5352=CARTESIAN_POINT('',(89.3,-104.4,3.1));
#5353=CARTESIAN_POINT('Origin',(91.,-104.4,3.1));
#5354=CARTESIAN_POINT('Origin',(-5.,-104.4,3.1));
#5355=CARTESIAN_POINT('',(-6.7,-104.4,3.1));
#5356=CARTESIAN_POINT('Origin',(-5.,-104.4,3.1));
#5357=CARTESIAN_POINT('',(-6.7,-104.4,3.1));
#5358=CARTESIAN_POINT('Origin',(-5.,-104.4,3.1));
#5359=UNCERTAINTY_MEASURE_WITH_UNIT(LENGTH_MEASURE(0.01),#5363,
'DISTANCE_ACCURACY_VALUE',
'Maximum model space distance between geometric entities at asserted c
onnectivities');
#5360=UNCERTAINTY_MEASURE_WITH_UNIT(LENGTH_MEASURE(0.01),#5363,
'DISTANCE_ACCURACY_VALUE',
'Maximum model space distance between geometric entities at asserted c
onnectivities');
#5361=(
GEOMETRIC_REPRESENTATION_CONTEXT(3)
GLOBAL_UNCERTAINTY_ASSIGNED_CONTEXT((#5359))
GLOBAL_UNIT_ASSIGNED_CONTEXT((#5363,#5365,#5366))
REPRESENTATION_CONTEXT('','3D')
);
#5362=(
GEOMETRIC_REPRESENTATION_CONTEXT(3)
GLOBAL_UNCERTAINTY_ASSIGNED_CONTEXT((#5360))
GLOBAL_UNIT_ASSIGNED_CONTEXT((#5363,#5365,#5366))
REPRESENTATION_CONTEXT('','3D')
);
#5363=(
LENGTH_UNIT()
NAMED_UNIT(*)
SI_UNIT(.MILLI.,.METRE.)
);
#5364=(
LENGTH_UNIT()
NAMED_UNIT(*)
SI_UNIT($,.METRE.)
);
#5365=(
NAMED_UNIT(*)
PLANE_ANGLE_UNIT()
SI_UNIT($,.RADIAN.)
);
#5366=(
NAMED_UNIT(*)
SI_UNIT($,.STERADIAN.)
SOLID_ANGLE_UNIT()
);
#5367=SHAPE_DEFINITION_REPRESENTATION(#5368,#5369);
#5368=PRODUCT_DEFINITION_SHAPE('',$,#5371);
#5369=SHAPE_REPRESENTATION('',(#2875),#5361);
#5370=PRODUCT_DEFINITION_CONTEXT('part definition',#5375,'design');
#5371=PRODUCT_DEFINITION('Bens macropad case','(Unsaved)',#5372,#5370);
#5372=PRODUCT_DEFINITION_FORMATION('',$,#5377);
#5373=PRODUCT_RELATED_PRODUCT_CATEGORY('(Unsaved)','(Unsaved)',(#5377));
#5374=APPLICATION_PROTOCOL_DEFINITION('international standard',
'automotive_design',2009,#5375);
#5375=APPLICATION_CONTEXT(
'Core Data for Automotive Mechanical Design Process');
#5376=PRODUCT_CONTEXT('part definition',#5375,'mechanical');
#5377=PRODUCT('Bens macropad case','(Unsaved)',$,(#5376));
#5378=PRESENTATION_STYLE_ASSIGNMENT((#5380));
#5379=PRESENTATION_STYLE_ASSIGNMENT((#5381));
#5380=SURFACE_STYLE_USAGE(.BOTH.,#5382);
#5381=SURFACE_STYLE_USAGE(.BOTH.,#5383);
#5382=SURFACE_SIDE_STYLE('',(#5384));
#5383=SURFACE_SIDE_STYLE('',(#5385));
#5384=SURFACE_STYLE_FILL_AREA(#5386);
#5385=SURFACE_STYLE_FILL_AREA(#5387);
#5386=FILL_AREA_STYLE('Steel - Satin',(#5388));
#5387=FILL_AREA_STYLE('Opaque(160,160,160)',(#5389));
#5388=FILL_AREA_STYLE_COLOUR('Steel - Satin',#5390);
#5389=FILL_AREA_STYLE_COLOUR('Opaque(160,160,160)',#5391);
#5390=COLOUR_RGB('Steel - Satin',0.627450980392157,0.627450980392157,0.627450980392157);
#5391=COLOUR_RGB('Opaque(160,160,160)',0.627450980392157,0.627450980392157,
0.627450980392157);
ENDSEC;
END-ISO-10303-21;
