ISO-10303-21;
HEADER;
/* Generated by software containing ST-Developer
 * from STEP Tools, Inc. (www.steptools.com) 
 */

FILE_DESCRIPTION(
/* description */ (''),
/* implementation_level */ '2;1');

FILE_NAME(
/* name */ 'Sadrita 16 pad Top Plate.step',
/* time_stamp */ '2026-05-10T11:12:17+05:30',
/* author */ (''),
/* organization */ (''),
/* preprocessor_version */ 'ST-DEVELOPER v20.1',
/* originating_system */ 'Autodesk Translation Framework v15.8.0.0',
/* authorisation */ '');

FILE_SCHEMA (('AUTOMOTIVE_DESIGN { 1 0 10303 214 3 1 1 }'));
ENDSEC;

DATA;
#10=MECHANICAL_DESIGN_GEOMETRIC_PRESENTATION_REPRESENTATION('',(#13),#3228);
#11=SHAPE_REPRESENTATION_RELATIONSHIP('SRR','None',#3235,#12);
#12=ADVANCED_BREP_SHAPE_REPRESENTATION('',(#14),#3227);
#13=STYLED_ITEM('',(#3245),#14);
#14=MANIFOLD_SOLID_BREP('Body1',#2024);
#15=FACE_BOUND('',#248,.T.);
#16=FACE_BOUND('',#249,.T.);
#17=FACE_BOUND('',#250,.T.);
#18=FACE_BOUND('',#251,.T.);
#19=FACE_BOUND('',#252,.T.);
#20=FACE_BOUND('',#253,.T.);
#21=FACE_BOUND('',#254,.T.);
#22=FACE_BOUND('',#255,.T.);
#23=FACE_BOUND('',#256,.T.);
#24=FACE_BOUND('',#257,.T.);
#25=FACE_BOUND('',#258,.T.);
#26=FACE_BOUND('',#259,.T.);
#27=FACE_BOUND('',#260,.T.);
#28=FACE_BOUND('',#261,.T.);
#29=FACE_BOUND('',#262,.T.);
#30=FACE_BOUND('',#263,.T.);
#31=FACE_BOUND('',#264,.T.);
#32=FACE_BOUND('',#265,.T.);
#33=FACE_BOUND('',#266,.T.);
#34=FACE_BOUND('',#267,.T.);
#35=FACE_BOUND('',#268,.T.);
#36=FACE_BOUND('',#356,.T.);
#37=FACE_BOUND('',#357,.T.);
#38=FACE_BOUND('',#358,.T.);
#39=FACE_BOUND('',#359,.T.);
#40=FACE_BOUND('',#360,.T.);
#41=FACE_BOUND('',#361,.T.);
#42=FACE_BOUND('',#362,.T.);
#43=FACE_BOUND('',#363,.T.);
#44=FACE_BOUND('',#364,.T.);
#45=FACE_BOUND('',#365,.T.);
#46=FACE_BOUND('',#366,.T.);
#47=FACE_BOUND('',#367,.T.);
#48=FACE_BOUND('',#368,.T.);
#49=FACE_BOUND('',#369,.T.);
#50=FACE_BOUND('',#370,.T.);
#51=FACE_BOUND('',#371,.T.);
#52=FACE_BOUND('',#372,.T.);
#53=FACE_BOUND('',#373,.T.);
#54=FACE_BOUND('',#374,.T.);
#55=FACE_BOUND('',#375,.T.);
#56=FACE_BOUND('',#376,.T.);
#57=PLANE('',#2065);
#58=PLANE('',#2070);
#59=PLANE('',#2071);
#60=PLANE('',#2072);
#61=PLANE('',#2073);
#62=PLANE('',#2074);
#63=PLANE('',#2075);
#64=PLANE('',#2076);
#65=PLANE('',#2077);
#66=PLANE('',#2078);
#67=PLANE('',#2079);
#68=PLANE('',#2080);
#69=PLANE('',#2081);
#70=PLANE('',#2082);
#71=PLANE('',#2085);
#72=PLANE('',#2086);
#73=PLANE('',#2087);
#74=PLANE('',#2088);
#75=PLANE('',#2089);
#76=PLANE('',#2090);
#77=PLANE('',#2091);
#78=PLANE('',#2092);
#79=PLANE('',#2093);
#80=PLANE('',#2094);
#81=PLANE('',#2095);
#82=PLANE('',#2096);
#83=PLANE('',#2097);
#84=PLANE('',#2098);
#85=PLANE('',#2099);
#86=PLANE('',#2100);
#87=PLANE('',#2101);
#88=PLANE('',#2102);
#89=PLANE('',#2103);
#90=PLANE('',#2104);
#91=PLANE('',#2105);
#92=PLANE('',#2106);
#93=PLANE('',#2107);
#94=PLANE('',#2108);
#95=PLANE('',#2109);
#96=PLANE('',#2110);
#97=PLANE('',#2111);
#98=PLANE('',#2112);
#99=PLANE('',#2117);
#100=PLANE('',#2118);
#101=PLANE('',#2119);
#102=PLANE('',#2120);
#103=PLANE('',#2121);
#104=PLANE('',#2122);
#105=PLANE('',#2123);
#106=PLANE('',#2124);
#107=PLANE('',#2125);
#108=PLANE('',#2126);
#109=PLANE('',#2127);
#110=PLANE('',#2128);
#111=PLANE('',#2129);
#112=PLANE('',#2130);
#113=PLANE('',#2131);
#114=PLANE('',#2132);
#115=PLANE('',#2135);
#116=PLANE('',#2136);
#117=PLANE('',#2137);
#118=PLANE('',#2138);
#119=PLANE('',#2139);
#120=PLANE('',#2140);
#121=PLANE('',#2141);
#122=PLANE('',#2142);
#123=PLANE('',#2143);
#124=PLANE('',#2144);
#125=PLANE('',#2145);
#126=PLANE('',#2146);
#127=PLANE('',#2147);
#128=PLANE('',#2148);
#129=PLANE('',#2149);
#130=PLANE('',#2150);
#131=PLANE('',#2151);
#132=PLANE('',#2154);
#133=PLANE('',#2157);
#134=PLANE('',#2160);
#135=PLANE('',#2163);
#136=PLANE('',#2164);
#137=TOROIDAL_SURFACE('',#2041,4.29999999999999,0.7);
#138=TOROIDAL_SURFACE('',#2047,4.30000000000002,0.7);
#139=TOROIDAL_SURFACE('',#2053,4.30000000000002,0.7);
#140=TOROIDAL_SURFACE('',#2059,4.30000000325492,0.7);
#141=FACE_OUTER_BOUND('',#238,.T.);
#142=FACE_OUTER_BOUND('',#239,.T.);
#143=FACE_OUTER_BOUND('',#240,.T.);
#144=FACE_OUTER_BOUND('',#241,.T.);
#145=FACE_OUTER_BOUND('',#242,.T.);
#146=FACE_OUTER_BOUND('',#243,.T.);
#147=FACE_OUTER_BOUND('',#244,.T.);
#148=FACE_OUTER_BOUND('',#245,.T.);
#149=FACE_OUTER_BOUND('',#246,.T.);
#150=FACE_OUTER_BOUND('',#247,.T.);
#151=FACE_OUTER_BOUND('',#269,.T.);
#152=FACE_OUTER_BOUND('',#270,.T.);
#153=FACE_OUTER_BOUND('',#271,.T.);
#154=FACE_OUTER_BOUND('',#272,.T.);
#155=FACE_OUTER_BOUND('',#273,.T.);
#156=FACE_OUTER_BOUND('',#274,.T.);
#157=FACE_OUTER_BOUND('',#275,.T.);
#158=FACE_OUTER_BOUND('',#276,.T.);
#159=FACE_OUTER_BOUND('',#277,.T.);
#160=FACE_OUTER_BOUND('',#278,.T.);
#161=FACE_OUTER_BOUND('',#279,.T.);
#162=FACE_OUTER_BOUND('',#280,.T.);
#163=FACE_OUTER_BOUND('',#281,.T.);
#164=FACE_OUTER_BOUND('',#282,.T.);
#165=FACE_OUTER_BOUND('',#283,.T.);
#166=FACE_OUTER_BOUND('',#284,.T.);
#167=FACE_OUTER_BOUND('',#285,.T.);
#168=FACE_OUTER_BOUND('',#286,.T.);
#169=FACE_OUTER_BOUND('',#287,.T.);
#170=FACE_OUTER_BOUND('',#288,.T.);
#171=FACE_OUTER_BOUND('',#289,.T.);
#172=FACE_OUTER_BOUND('',#290,.T.);
#173=FACE_OUTER_BOUND('',#291,.T.);
#174=FACE_OUTER_BOUND('',#292,.T.);
#175=FACE_OUTER_BOUND('',#293,.T.);
#176=FACE_OUTER_BOUND('',#294,.T.);
#177=FACE_OUTER_BOUND('',#295,.T.);
#178=FACE_OUTER_BOUND('',#296,.T.);
#179=FACE_OUTER_BOUND('',#297,.T.);
#180=FACE_OUTER_BOUND('',#298,.T.);
#181=FACE_OUTER_BOUND('',#299,.T.);
#182=FACE_OUTER_BOUND('',#300,.T.);
#183=FACE_OUTER_BOUND('',#301,.T.);
#184=FACE_OUTER_BOUND('',#302,.T.);
#185=FACE_OUTER_BOUND('',#303,.T.);
#186=FACE_OUTER_BOUND('',#304,.T.);
#187=FACE_OUTER_BOUND('',#305,.T.);
#188=FACE_OUTER_BOUND('',#306,.T.);
#189=FACE_OUTER_BOUND('',#307,.T.);
#190=FACE_OUTER_BOUND('',#308,.T.);
#191=FACE_OUTER_BOUND('',#309,.T.);
#192=FACE_OUTER_BOUND('',#310,.T.);
#193=FACE_OUTER_BOUND('',#311,.T.);
#194=FACE_OUTER_BOUND('',#312,.T.);
#195=FACE_OUTER_BOUND('',#313,.T.);
#196=FACE_OUTER_BOUND('',#314,.T.);
#197=FACE_OUTER_BOUND('',#315,.T.);
#198=FACE_OUTER_BOUND('',#316,.T.);
#199=FACE_OUTER_BOUND('',#317,.T.);
#200=FACE_OUTER_BOUND('',#318,.T.);
#201=FACE_OUTER_BOUND('',#319,.T.);
#202=FACE_OUTER_BOUND('',#320,.T.);
#203=FACE_OUTER_BOUND('',#321,.T.);
#204=FACE_OUTER_BOUND('',#322,.T.);
#205=FACE_OUTER_BOUND('',#323,.T.);
#206=FACE_OUTER_BOUND('',#324,.T.);
#207=FACE_OUTER_BOUND('',#325,.T.);
#208=FACE_OUTER_BOUND('',#326,.T.);
#209=FACE_OUTER_BOUND('',#327,.T.);
#210=FACE_OUTER_BOUND('',#328,.T.);
#211=FACE_OUTER_BOUND('',#329,.T.);
#212=FACE_OUTER_BOUND('',#330,.T.);
#213=FACE_OUTER_BOUND('',#331,.T.);
#214=FACE_OUTER_BOUND('',#332,.T.);
#215=FACE_OUTER_BOUND('',#333,.T.);
#216=FACE_OUTER_BOUND('',#334,.T.);
#217=FACE_OUTER_BOUND('',#335,.T.);
#218=FACE_OUTER_BOUND('',#336,.T.);
#219=FACE_OUTER_BOUND('',#337,.T.);
#220=FACE_OUTER_BOUND('',#338,.T.);
#221=FACE_OUTER_BOUND('',#339,.T.);
#222=FACE_OUTER_BOUND('',#340,.T.);
#223=FACE_OUTER_BOUND('',#341,.T.);
#224=FACE_OUTER_BOUND('',#342,.T.);
#225=FACE_OUTER_BOUND('',#343,.T.);
#226=FACE_OUTER_BOUND('',#344,.T.);
#227=FACE_OUTER_BOUND('',#345,.T.);
#228=FACE_OUTER_BOUND('',#346,.T.);
#229=FACE_OUTER_BOUND('',#347,.T.);
#230=FACE_OUTER_BOUND('',#348,.T.);
#231=FACE_OUTER_BOUND('',#349,.T.);
#232=FACE_OUTER_BOUND('',#350,.T.);
#233=FACE_OUTER_BOUND('',#351,.T.);
#234=FACE_OUTER_BOUND('',#352,.T.);
#235=FACE_OUTER_BOUND('',#353,.T.);
#236=FACE_OUTER_BOUND('',#354,.T.);
#237=FACE_OUTER_BOUND('',#355,.T.);
#238=EDGE_LOOP('',(#1360,#1361,#1362,#1363));
#239=EDGE_LOOP('',(#1364,#1365,#1366,#1367));
#240=EDGE_LOOP('',(#1368,#1369,#1370,#1371));
#241=EDGE_LOOP('',(#1372,#1373,#1374,#1375));
#242=EDGE_LOOP('',(#1376,#1377,#1378,#1379));
#243=EDGE_LOOP('',(#1380,#1381,#1382,#1383));
#244=EDGE_LOOP('',(#1384,#1385,#1386,#1387));
#245=EDGE_LOOP('',(#1388,#1389,#1390,#1391));
#246=EDGE_LOOP('',(#1392,#1393,#1394,#1395));
#247=EDGE_LOOP('',(#1396,#1397,#1398,#1399,#1400,#1401,#1402,#1403,#1404,
#1405,#1406,#1407));
#248=EDGE_LOOP('',(#1408,#1409,#1410,#1411));
#249=EDGE_LOOP('',(#1412,#1413,#1414,#1415));
#250=EDGE_LOOP('',(#1416,#1417,#1418,#1419));
#251=EDGE_LOOP('',(#1420));
#252=EDGE_LOOP('',(#1421,#1422,#1423,#1424));
#253=EDGE_LOOP('',(#1425,#1426,#1427,#1428));
#254=EDGE_LOOP('',(#1429,#1430,#1431,#1432));
#255=EDGE_LOOP('',(#1433,#1434,#1435,#1436));
#256=EDGE_LOOP('',(#1437,#1438,#1439,#1440));
#257=EDGE_LOOP('',(#1441,#1442,#1443,#1444));
#258=EDGE_LOOP('',(#1445,#1446,#1447,#1448));
#259=EDGE_LOOP('',(#1449));
#260=EDGE_LOOP('',(#1450));
#261=EDGE_LOOP('',(#1451,#1452,#1453,#1454));
#262=EDGE_LOOP('',(#1455,#1456,#1457,#1458));
#263=EDGE_LOOP('',(#1459,#1460,#1461,#1462));
#264=EDGE_LOOP('',(#1463,#1464,#1465,#1466));
#265=EDGE_LOOP('',(#1467));
#266=EDGE_LOOP('',(#1468,#1469,#1470,#1471));
#267=EDGE_LOOP('',(#1472,#1473,#1474,#1475,#1476,#1477));
#268=EDGE_LOOP('',(#1478,#1479,#1480,#1481));
#269=EDGE_LOOP('',(#1482,#1483,#1484,#1485,#1486));
#270=EDGE_LOOP('',(#1487,#1488,#1489,#1490));
#271=EDGE_LOOP('',(#1491,#1492,#1493,#1494));
#272=EDGE_LOOP('',(#1495,#1496,#1497,#1498));
#273=EDGE_LOOP('',(#1499,#1500,#1501,#1502));
#274=EDGE_LOOP('',(#1503,#1504,#1505,#1506));
#275=EDGE_LOOP('',(#1507,#1508,#1509,#1510));
#276=EDGE_LOOP('',(#1511,#1512,#1513,#1514));
#277=EDGE_LOOP('',(#1515,#1516,#1517,#1518));
#278=EDGE_LOOP('',(#1519,#1520,#1521,#1522));
#279=EDGE_LOOP('',(#1523,#1524,#1525,#1526));
#280=EDGE_LOOP('',(#1527,#1528,#1529,#1530));
#281=EDGE_LOOP('',(#1531,#1532,#1533,#1534));
#282=EDGE_LOOP('',(#1535,#1536,#1537,#1538));
#283=EDGE_LOOP('',(#1539,#1540,#1541,#1542));
#284=EDGE_LOOP('',(#1543,#1544,#1545,#1546));
#285=EDGE_LOOP('',(#1547,#1548,#1549,#1550));
#286=EDGE_LOOP('',(#1551,#1552,#1553,#1554));
#287=EDGE_LOOP('',(#1555,#1556,#1557,#1558));
#288=EDGE_LOOP('',(#1559,#1560,#1561,#1562));
#289=EDGE_LOOP('',(#1563,#1564,#1565,#1566));
#290=EDGE_LOOP('',(#1567,#1568,#1569,#1570));
#291=EDGE_LOOP('',(#1571,#1572,#1573,#1574));
#292=EDGE_LOOP('',(#1575,#1576,#1577,#1578));
#293=EDGE_LOOP('',(#1579,#1580,#1581,#1582));
#294=EDGE_LOOP('',(#1583,#1584,#1585,#1586));
#295=EDGE_LOOP('',(#1587,#1588,#1589,#1590));
#296=EDGE_LOOP('',(#1591,#1592,#1593,#1594));
#297=EDGE_LOOP('',(#1595,#1596,#1597,#1598));
#298=EDGE_LOOP('',(#1599,#1600,#1601,#1602));
#299=EDGE_LOOP('',(#1603,#1604,#1605,#1606));
#300=EDGE_LOOP('',(#1607,#1608,#1609,#1610));
#301=EDGE_LOOP('',(#1611,#1612,#1613,#1614));
#302=EDGE_LOOP('',(#1615,#1616,#1617,#1618));
#303=EDGE_LOOP('',(#1619,#1620,#1621,#1622));
#304=EDGE_LOOP('',(#1623,#1624,#1625,#1626));
#305=EDGE_LOOP('',(#1627,#1628,#1629,#1630));
#306=EDGE_LOOP('',(#1631,#1632,#1633,#1634));
#307=EDGE_LOOP('',(#1635,#1636,#1637,#1638));
#308=EDGE_LOOP('',(#1639,#1640,#1641,#1642));
#309=EDGE_LOOP('',(#1643,#1644,#1645,#1646));
#310=EDGE_LOOP('',(#1647,#1648,#1649,#1650));
#311=EDGE_LOOP('',(#1651,#1652,#1653,#1654));
#312=EDGE_LOOP('',(#1655,#1656,#1657,#1658));
#313=EDGE_LOOP('',(#1659,#1660,#1661,#1662));
#314=EDGE_LOOP('',(#1663,#1664,#1665,#1666));
#315=EDGE_LOOP('',(#1667,#1668,#1669,#1670));
#316=EDGE_LOOP('',(#1671,#1672,#1673,#1674));
#317=EDGE_LOOP('',(#1675,#1676,#1677,#1678));
#318=EDGE_LOOP('',(#1679,#1680,#1681,#1682));
#319=EDGE_LOOP('',(#1683,#1684,#1685,#1686));
#320=EDGE_LOOP('',(#1687,#1688,#1689,#1690));
#321=EDGE_LOOP('',(#1691,#1692,#1693,#1694));
#322=EDGE_LOOP('',(#1695,#1696,#1697,#1698));
#323=EDGE_LOOP('',(#1699,#1700,#1701,#1702));
#324=EDGE_LOOP('',(#1703,#1704,#1705,#1706));
#325=EDGE_LOOP('',(#1707,#1708,#1709,#1710));
#326=EDGE_LOOP('',(#1711,#1712,#1713,#1714));
#327=EDGE_LOOP('',(#1715,#1716,#1717,#1718));
#328=EDGE_LOOP('',(#1719,#1720,#1721,#1722));
#329=EDGE_LOOP('',(#1723,#1724,#1725,#1726));
#330=EDGE_LOOP('',(#1727,#1728,#1729,#1730));
#331=EDGE_LOOP('',(#1731,#1732,#1733,#1734));
#332=EDGE_LOOP('',(#1735,#1736,#1737,#1738));
#333=EDGE_LOOP('',(#1739,#1740,#1741,#1742));
#334=EDGE_LOOP('',(#1743,#1744,#1745,#1746));
#335=EDGE_LOOP('',(#1747,#1748,#1749,#1750));
#336=EDGE_LOOP('',(#1751,#1752,#1753,#1754));
#337=EDGE_LOOP('',(#1755,#1756,#1757,#1758));
#338=EDGE_LOOP('',(#1759,#1760,#1761,#1762));
#339=EDGE_LOOP('',(#1763,#1764,#1765,#1766));
#340=EDGE_LOOP('',(#1767,#1768,#1769,#1770));
#341=EDGE_LOOP('',(#1771,#1772,#1773,#1774));
#342=EDGE_LOOP('',(#1775,#1776,#1777,#1778));
#343=EDGE_LOOP('',(#1779,#1780,#1781,#1782));
#344=EDGE_LOOP('',(#1783,#1784,#1785,#1786,#1787));
#345=EDGE_LOOP('',(#1788,#1789,#1790,#1791));
#346=EDGE_LOOP('',(#1792,#1793,#1794,#1795));
#347=EDGE_LOOP('',(#1796,#1797,#1798,#1799));
#348=EDGE_LOOP('',(#1800,#1801,#1802,#1803));
#349=EDGE_LOOP('',(#1804,#1805,#1806,#1807));
#350=EDGE_LOOP('',(#1808,#1809,#1810,#1811));
#351=EDGE_LOOP('',(#1812,#1813,#1814,#1815));
#352=EDGE_LOOP('',(#1816,#1817,#1818,#1819));
#353=EDGE_LOOP('',(#1820,#1821,#1822,#1823));
#354=EDGE_LOOP('',(#1824,#1825,#1826,#1827));
#355=EDGE_LOOP('',(#1828,#1829,#1830,#1831,#1832,#1833,#1834,#1835,#1836,
#1837,#1838,#1839));
#356=EDGE_LOOP('',(#1840,#1841,#1842,#1843));
#357=EDGE_LOOP('',(#1844,#1845,#1846,#1847,#1848,#1849));
#358=EDGE_LOOP('',(#1850,#1851,#1852,#1853));
#359=EDGE_LOOP('',(#1854));
#360=EDGE_LOOP('',(#1855,#1856,#1857,#1858));
#361=EDGE_LOOP('',(#1859,#1860,#1861,#1862));
#362=EDGE_LOOP('',(#1863,#1864,#1865,#1866));
#363=EDGE_LOOP('',(#1867,#1868,#1869,#1870));
#364=EDGE_LOOP('',(#1871));
#365=EDGE_LOOP('',(#1872));
#366=EDGE_LOOP('',(#1873,#1874,#1875,#1876));
#367=EDGE_LOOP('',(#1877,#1878,#1879,#1880));
#368=EDGE_LOOP('',(#1881,#1882,#1883,#1884));
#369=EDGE_LOOP('',(#1885,#1886,#1887,#1888));
#370=EDGE_LOOP('',(#1889,#1890,#1891,#1892));
#371=EDGE_LOOP('',(#1893,#1894,#1895,#1896));
#372=EDGE_LOOP('',(#1897,#1898,#1899,#1900));
#373=EDGE_LOOP('',(#1901));
#374=EDGE_LOOP('',(#1902,#1903,#1904,#1905));
#375=EDGE_LOOP('',(#1906,#1907,#1908,#1909));
#376=EDGE_LOOP('',(#1910,#1911,#1912,#1913));
#377=LINE('',#2674,#624);
#378=LINE('',#2677,#625);
#379=LINE('',#2688,#626);
#380=LINE('',#2689,#627);
#381=LINE('',#2700,#628);
#382=LINE('',#2701,#629);
#383=LINE('',#2712,#630);
#384=LINE('',#2713,#631);
#385=LINE('',#2724,#632);
#386=LINE('',#2725,#633);
#387=LINE('',#2728,#634);
#388=LINE('',#2730,#635);
#389=LINE('',#2731,#636);
#390=LINE('',#2734,#637);
#391=LINE('',#2736,#638);
#392=LINE('',#2738,#639);
#393=LINE('',#2739,#640);
#394=LINE('',#2742,#641);
#395=LINE('',#2744,#642);
#396=LINE('',#2746,#643);
#397=LINE('',#2747,#644);
#398=LINE('',#2750,#645);
#399=LINE('',#2752,#646);
#400=LINE('',#2754,#647);
#401=LINE('',#2755,#648);
#402=LINE('',#2760,#649);
#403=LINE('',#2762,#650);
#404=LINE('',#2764,#651);
#405=LINE('',#2765,#652);
#406=LINE('',#2768,#653);
#407=LINE('',#2770,#654);
#408=LINE('',#2772,#655);
#409=LINE('',#2773,#656);
#410=LINE('',#2776,#657);
#411=LINE('',#2778,#658);
#412=LINE('',#2780,#659);
#413=LINE('',#2781,#660);
#414=LINE('',#2784,#661);
#415=LINE('',#2786,#662);
#416=LINE('',#2788,#663);
#417=LINE('',#2789,#664);
#418=LINE('',#2792,#665);
#419=LINE('',#2794,#666);
#420=LINE('',#2796,#667);
#421=LINE('',#2797,#668);
#422=LINE('',#2800,#669);
#423=LINE('',#2802,#670);
#424=LINE('',#2804,#671);
#425=LINE('',#2805,#672);
#426=LINE('',#2808,#673);
#427=LINE('',#2810,#674);
#428=LINE('',#2812,#675);
#429=LINE('',#2813,#676);
#430=LINE('',#2820,#677);
#431=LINE('',#2822,#678);
#432=LINE('',#2824,#679);
#433=LINE('',#2825,#680);
#434=LINE('',#2828,#681);
#435=LINE('',#2830,#682);
#436=LINE('',#2832,#683);
#437=LINE('',#2833,#684);
#438=LINE('',#2836,#685);
#439=LINE('',#2838,#686);
#440=LINE('',#2840,#687);
#441=LINE('',#2841,#688);
#442=LINE('',#2844,#689);
#443=LINE('',#2846,#690);
#444=LINE('',#2848,#691);
#445=LINE('',#2849,#692);
#446=LINE('',#2854,#693);
#447=LINE('',#2856,#694);
#448=LINE('',#2858,#695);
#449=LINE('',#2859,#696);
#450=LINE('',#2862,#697);
#451=LINE('',#2864,#698);
#452=LINE('',#2866,#699);
#453=LINE('',#2868,#700);
#454=LINE('',#2870,#701);
#455=LINE('',#2871,#702);
#456=LINE('',#2874,#703);
#457=LINE('',#2876,#704);
#458=LINE('',#2878,#705);
#459=LINE('',#2879,#706);
#460=LINE('',#2882,#707);
#461=LINE('',#2884,#708);
#462=LINE('',#2885,#709);
#463=LINE('',#2889,#710);
#464=LINE('',#2890,#711);
#465=LINE('',#2891,#712);
#466=LINE('',#2894,#713);
#467=LINE('',#2895,#714);
#468=LINE('',#2898,#715);
#469=LINE('',#2899,#716);
#470=LINE('',#2901,#717);
#471=LINE('',#2905,#718);
#472=LINE('',#2906,#719);
#473=LINE('',#2907,#720);
#474=LINE('',#2910,#721);
#475=LINE('',#2911,#722);
#476=LINE('',#2914,#723);
#477=LINE('',#2915,#724);
#478=LINE('',#2917,#725);
#479=LINE('',#2921,#726);
#480=LINE('',#2922,#727);
#481=LINE('',#2923,#728);
#482=LINE('',#2926,#729);
#483=LINE('',#2927,#730);
#484=LINE('',#2930,#731);
#485=LINE('',#2931,#732);
#486=LINE('',#2933,#733);
#487=LINE('',#2937,#734);
#488=LINE('',#2941,#735);
#489=LINE('',#2942,#736);
#490=LINE('',#2943,#737);
#491=LINE('',#2946,#738);
#492=LINE('',#2947,#739);
#493=LINE('',#2950,#740);
#494=LINE('',#2951,#741);
#495=LINE('',#2953,#742);
#496=LINE('',#2957,#743);
#497=LINE('',#2958,#744);
#498=LINE('',#2959,#745);
#499=LINE('',#2962,#746);
#500=LINE('',#2963,#747);
#501=LINE('',#2966,#748);
#502=LINE('',#2967,#749);
#503=LINE('',#2969,#750);
#504=LINE('',#2973,#751);
#505=LINE('',#2974,#752);
#506=LINE('',#2975,#753);
#507=LINE('',#2978,#754);
#508=LINE('',#2979,#755);
#509=LINE('',#2982,#756);
#510=LINE('',#2983,#757);
#511=LINE('',#2985,#758);
#512=LINE('',#2989,#759);
#513=LINE('',#2990,#760);
#514=LINE('',#2991,#761);
#515=LINE('',#2994,#762);
#516=LINE('',#2995,#763);
#517=LINE('',#2998,#764);
#518=LINE('',#2999,#765);
#519=LINE('',#3001,#766);
#520=LINE('',#3005,#767);
#521=LINE('',#3006,#768);
#522=LINE('',#3007,#769);
#523=LINE('',#3010,#770);
#524=LINE('',#3011,#771);
#525=LINE('',#3014,#772);
#526=LINE('',#3015,#773);
#527=LINE('',#3017,#774);
#528=LINE('',#3021,#775);
#529=LINE('',#3022,#776);
#530=LINE('',#3023,#777);
#531=LINE('',#3026,#778);
#532=LINE('',#3027,#779);
#533=LINE('',#3030,#780);
#534=LINE('',#3031,#781);
#535=LINE('',#3033,#782);
#536=LINE('',#3037,#783);
#537=LINE('',#3038,#784);
#538=LINE('',#3039,#785);
#539=LINE('',#3042,#786);
#540=LINE('',#3043,#787);
#541=LINE('',#3046,#788);
#542=LINE('',#3047,#789);
#543=LINE('',#3049,#790);
#544=LINE('',#3053,#791);
#545=LINE('',#3057,#792);
#546=LINE('',#3061,#793);
#547=LINE('',#3062,#794);
#548=LINE('',#3063,#795);
#549=LINE('',#3066,#796);
#550=LINE('',#3067,#797);
#551=LINE('',#3070,#798);
#552=LINE('',#3071,#799);
#553=LINE('',#3073,#800);
#554=LINE('',#3077,#801);
#555=LINE('',#3078,#802);
#556=LINE('',#3079,#803);
#557=LINE('',#3082,#804);
#558=LINE('',#3083,#805);
#559=LINE('',#3086,#806);
#560=LINE('',#3087,#807);
#561=LINE('',#3089,#808);
#562=LINE('',#3093,#809);
#563=LINE('',#3094,#810);
#564=LINE('',#3095,#811);
#565=LINE('',#3098,#812);
#566=LINE('',#3099,#813);
#567=LINE('',#3102,#814);
#568=LINE('',#3103,#815);
#569=LINE('',#3105,#816);
#570=LINE('',#3109,#817);
#571=LINE('',#3110,#818);
#572=LINE('',#3111,#819);
#573=LINE('',#3114,#820);
#574=LINE('',#3115,#821);
#575=LINE('',#3118,#822);
#576=LINE('',#3119,#823);
#577=LINE('',#3121,#824);
#578=LINE('',#3125,#825);
#579=LINE('',#3129,#826);
#580=LINE('',#3130,#827);
#581=LINE('',#3131,#828);
#582=LINE('',#3134,#829);
#583=LINE('',#3135,#830);
#584=LINE('',#3138,#831);
#585=LINE('',#3139,#832);
#586=LINE('',#3141,#833);
#587=LINE('',#3145,#834);
#588=LINE('',#3146,#835);
#589=LINE('',#3147,#836);
#590=LINE('',#3150,#837);
#591=LINE('',#3151,#838);
#592=LINE('',#3154,#839);
#593=LINE('',#3155,#840);
#594=LINE('',#3158,#841);
#595=LINE('',#3159,#842);
#596=LINE('',#3162,#843);
#597=LINE('',#3163,#844);
#598=LINE('',#3165,#845);
#599=LINE('',#3169,#846);
#600=LINE('',#3170,#847);
#601=LINE('',#3171,#848);
#602=LINE('',#3174,#849);
#603=LINE('',#3175,#850);
#604=LINE('',#3178,#851);
#605=LINE('',#3179,#852);
#606=LINE('',#3181,#853);
#607=LINE('',#3184,#854);
#608=LINE('',#3186,#855);
#609=LINE('',#3187,#856);
#610=LINE('',#3189,#857);
#611=LINE('',#3192,#858);
#612=LINE('',#3193,#859);
#613=LINE('',#3196,#860);
#614=LINE('',#3200,#861);
#615=LINE('',#3201,#862);
#616=LINE('',#3204,#863);
#617=LINE('',#3208,#864);
#618=LINE('',#3209,#865);
#619=LINE('',#3212,#866);
#620=LINE('',#3216,#867);
#621=LINE('',#3217,#868);
#622=LINE('',#3220,#869);
#623=LINE('',#3223,#870);
#624=VECTOR('',#2171,10.);
#625=VECTOR('',#2174,10.);
#626=VECTOR('',#2187,10.);
#627=VECTOR('',#2188,10.);
#628=VECTOR('',#2201,10.);
#629=VECTOR('',#2202,10.);
#630=VECTOR('',#2215,10.);
#631=VECTOR('',#2216,10.);
#632=VECTOR('',#2229,10.);
#633=VECTOR('',#2230,10.);
#634=VECTOR('',#2233,10.);
#635=VECTOR('',#2234,10.);
#636=VECTOR('',#2235,10.);
#637=VECTOR('',#2236,10.);
#638=VECTOR('',#2237,10.);
#639=VECTOR('',#2238,10.);
#640=VECTOR('',#2239,10.);
#641=VECTOR('',#2240,10.);
#642=VECTOR('',#2241,10.);
#643=VECTOR('',#2242,10.);
#644=VECTOR('',#2243,10.);
#645=VECTOR('',#2244,10.);
#646=VECTOR('',#2245,10.);
#647=VECTOR('',#2246,10.);
#648=VECTOR('',#2247,10.);
#649=VECTOR('',#2250,10.);
#650=VECTOR('',#2251,10.);
#651=VECTOR('',#2252,10.);
#652=VECTOR('',#2253,10.);
#653=VECTOR('',#2254,10.);
#654=VECTOR('',#2255,10.);
#655=VECTOR('',#2256,10.);
#656=VECTOR('',#2257,10.);
#657=VECTOR('',#2258,10.);
#658=VECTOR('',#2259,10.);
#659=VECTOR('',#2260,10.);
#660=VECTOR('',#2261,10.);
#661=VECTOR('',#2262,10.);
#662=VECTOR('',#2263,10.);
#663=VECTOR('',#2264,10.);
#664=VECTOR('',#2265,10.);
#665=VECTOR('',#2266,10.);
#666=VECTOR('',#2267,10.);
#667=VECTOR('',#2268,10.);
#668=VECTOR('',#2269,10.);
#669=VECTOR('',#2270,10.);
#670=VECTOR('',#2271,10.);
#671=VECTOR('',#2272,10.);
#672=VECTOR('',#2273,10.);
#673=VECTOR('',#2274,10.);
#674=VECTOR('',#2275,10.);
#675=VECTOR('',#2276,10.);
#676=VECTOR('',#2277,10.);
#677=VECTOR('',#2282,10.);
#678=VECTOR('',#2283,10.);
#679=VECTOR('',#2284,10.);
#680=VECTOR('',#2285,10.);
#681=VECTOR('',#2286,10.);
#682=VECTOR('',#2287,10.);
#683=VECTOR('',#2288,10.);
#684=VECTOR('',#2289,10.);
#685=VECTOR('',#2290,10.);
#686=VECTOR('',#2291,10.);
#687=VECTOR('',#2292,10.);
#688=VECTOR('',#2293,10.);
#689=VECTOR('',#2294,10.);
#690=VECTOR('',#2295,10.);
#691=VECTOR('',#2296,10.);
#692=VECTOR('',#2297,10.);
#693=VECTOR('',#2300,10.);
#694=VECTOR('',#2301,10.);
#695=VECTOR('',#2302,10.);
#696=VECTOR('',#2303,10.);
#697=VECTOR('',#2304,10.);
#698=VECTOR('',#2305,10.);
#699=VECTOR('',#2306,10.);
#700=VECTOR('',#2307,10.);
#701=VECTOR('',#2308,10.);
#702=VECTOR('',#2309,10.);
#703=VECTOR('',#2310,10.);
#704=VECTOR('',#2311,10.);
#705=VECTOR('',#2312,10.);
#706=VECTOR('',#2313,10.);
#707=VECTOR('',#2316,10.);
#708=VECTOR('',#2317,10.);
#709=VECTOR('',#2318,10.);
#710=VECTOR('',#2321,10.);
#711=VECTOR('',#2322,10.);
#712=VECTOR('',#2323,10.);
#713=VECTOR('',#2326,10.);
#714=VECTOR('',#2327,10.);
#715=VECTOR('',#2330,10.);
#716=VECTOR('',#2331,10.);
#717=VECTOR('',#2334,10.);
#718=VECTOR('',#2337,10.);
#719=VECTOR('',#2338,10.);
#720=VECTOR('',#2339,10.);
#721=VECTOR('',#2342,10.);
#722=VECTOR('',#2343,10.);
#723=VECTOR('',#2346,10.);
#724=VECTOR('',#2347,10.);
#725=VECTOR('',#2350,10.);
#726=VECTOR('',#2353,10.);
#727=VECTOR('',#2354,10.);
#728=VECTOR('',#2355,10.);
#729=VECTOR('',#2358,10.);
#730=VECTOR('',#2359,10.);
#731=VECTOR('',#2362,10.);
#732=VECTOR('',#2363,10.);
#733=VECTOR('',#2366,10.);
#734=VECTOR('',#2371,1.7);
#735=VECTOR('',#2374,10.);
#736=VECTOR('',#2375,10.);
#737=VECTOR('',#2376,10.);
#738=VECTOR('',#2379,10.);
#739=VECTOR('',#2380,10.);
#740=VECTOR('',#2383,10.);
#741=VECTOR('',#2384,10.);
#742=VECTOR('',#2387,10.);
#743=VECTOR('',#2390,10.);
#744=VECTOR('',#2391,10.);
#745=VECTOR('',#2392,10.);
#746=VECTOR('',#2395,10.);
#747=VECTOR('',#2396,10.);
#748=VECTOR('',#2399,10.);
#749=VECTOR('',#2400,10.);
#750=VECTOR('',#2403,10.);
#751=VECTOR('',#2406,10.);
#752=VECTOR('',#2407,10.);
#753=VECTOR('',#2408,10.);
#754=VECTOR('',#2411,10.);
#755=VECTOR('',#2412,10.);
#756=VECTOR('',#2415,10.);
#757=VECTOR('',#2416,10.);
#758=VECTOR('',#2419,10.);
#759=VECTOR('',#2422,10.);
#760=VECTOR('',#2423,10.);
#761=VECTOR('',#2424,10.);
#762=VECTOR('',#2427,10.);
#763=VECTOR('',#2428,10.);
#764=VECTOR('',#2431,10.);
#765=VECTOR('',#2432,10.);
#766=VECTOR('',#2435,10.);
#767=VECTOR('',#2438,10.);
#768=VECTOR('',#2439,10.);
#769=VECTOR('',#2440,10.);
#770=VECTOR('',#2443,10.);
#771=VECTOR('',#2444,10.);
#772=VECTOR('',#2447,10.);
#773=VECTOR('',#2448,10.);
#774=VECTOR('',#2451,10.);
#775=VECTOR('',#2454,10.);
#776=VECTOR('',#2455,10.);
#777=VECTOR('',#2456,10.);
#778=VECTOR('',#2459,10.);
#779=VECTOR('',#2460,10.);
#780=VECTOR('',#2463,10.);
#781=VECTOR('',#2464,10.);
#782=VECTOR('',#2467,10.);
#783=VECTOR('',#2470,10.);
#784=VECTOR('',#2471,10.);
#785=VECTOR('',#2472,10.);
#786=VECTOR('',#2475,10.);
#787=VECTOR('',#2476,10.);
#788=VECTOR('',#2479,10.);
#789=VECTOR('',#2480,10.);
#790=VECTOR('',#2483,10.);
#791=VECTOR('',#2488,1.7);
#792=VECTOR('',#2493,1.7);
#793=VECTOR('',#2496,10.);
#794=VECTOR('',#2497,10.);
#795=VECTOR('',#2498,10.);
#796=VECTOR('',#2501,10.);
#797=VECTOR('',#2502,10.);
#798=VECTOR('',#2505,10.);
#799=VECTOR('',#2506,10.);
#800=VECTOR('',#2509,10.);
#801=VECTOR('',#2512,10.);
#802=VECTOR('',#2513,10.);
#803=VECTOR('',#2514,10.);
#804=VECTOR('',#2517,10.);
#805=VECTOR('',#2518,10.);
#806=VECTOR('',#2521,10.);
#807=VECTOR('',#2522,10.);
#808=VECTOR('',#2525,10.);
#809=VECTOR('',#2528,10.);
#810=VECTOR('',#2529,10.);
#811=VECTOR('',#2530,10.);
#812=VECTOR('',#2533,10.);
#813=VECTOR('',#2534,10.);
#814=VECTOR('',#2537,10.);
#815=VECTOR('',#2538,10.);
#816=VECTOR('',#2541,10.);
#817=VECTOR('',#2544,10.);
#818=VECTOR('',#2545,10.);
#819=VECTOR('',#2546,10.);
#820=VECTOR('',#2549,10.);
#821=VECTOR('',#2550,10.);
#822=VECTOR('',#2553,10.);
#823=VECTOR('',#2554,10.);
#824=VECTOR('',#2557,10.);
#825=VECTOR('',#2562,1.7);
#826=VECTOR('',#2565,10.);
#827=VECTOR('',#2566,10.);
#828=VECTOR('',#2567,10.);
#829=VECTOR('',#2570,10.);
#830=VECTOR('',#2571,10.);
#831=VECTOR('',#2574,10.);
#832=VECTOR('',#2575,10.);
#833=VECTOR('',#2578,10.);
#834=VECTOR('',#2581,10.);
#835=VECTOR('',#2582,10.);
#836=VECTOR('',#2583,10.);
#837=VECTOR('',#2586,10.);
#838=VECTOR('',#2587,10.);
#839=VECTOR('',#2590,10.);
#840=VECTOR('',#2591,10.);
#841=VECTOR('',#2594,10.);
#842=VECTOR('',#2595,10.);
#843=VECTOR('',#2598,10.);
#844=VECTOR('',#2599,10.);
#845=VECTOR('',#2602,10.);
#846=VECTOR('',#2605,10.);
#847=VECTOR('',#2606,10.);
#848=VECTOR('',#2607,10.);
#849=VECTOR('',#2610,10.);
#850=VECTOR('',#2611,10.);
#851=VECTOR('',#2614,10.);
#852=VECTOR('',#2615,10.);
#853=VECTOR('',#2618,10.);
#854=VECTOR('',#2621,10.);
#855=VECTOR('',#2622,10.);
#856=VECTOR('',#2623,10.);
#857=VECTOR('',#2626,10.);
#858=VECTOR('',#2629,10.);
#859=VECTOR('',#2630,10.);
#860=VECTOR('',#2633,10.);
#861=VECTOR('',#2638,10.);
#862=VECTOR('',#2639,10.);
#863=VECTOR('',#2642,10.);
#864=VECTOR('',#2647,10.);
#865=VECTOR('',#2648,10.);
#866=VECTOR('',#2651,10.);
#867=VECTOR('',#2656,10.);
#868=VECTOR('',#2657,10.);
#869=VECTOR('',#2660,10.);
#870=VECTOR('',#2665,10.);
#871=CIRCLE('',#2039,0.7);
#872=CIRCLE('',#2040,0.699999999999998);
#873=CIRCLE('',#2042,0.700000000000001);
#874=CIRCLE('',#2043,4.29999999999999);
#875=CIRCLE('',#2044,4.99999999999999);
#876=CIRCLE('',#2046,0.700000000000002);
#877=CIRCLE('',#2048,0.700000000000003);
#878=CIRCLE('',#2049,4.30000000000002);
#879=CIRCLE('',#2050,5.00000000000002);
#880=CIRCLE('',#2052,0.700000000000003);
#881=CIRCLE('',#2054,0.700000000000003);
#882=CIRCLE('',#2055,4.30000000000002);
#883=CIRCLE('',#2056,5.00000000000002);
#884=CIRCLE('',#2058,0.700000000000003);
#885=CIRCLE('',#2060,0.699999998372545);
#886=CIRCLE('',#2061,4.30000000325492);
#887=CIRCLE('',#2062,5.00000000325492);
#888=CIRCLE('',#2064,0.7);
#889=CIRCLE('',#2066,1.7);
#890=CIRCLE('',#2067,1.7);
#891=CIRCLE('',#2068,1.7);
#892=CIRCLE('',#2069,1.7);
#893=CIRCLE('',#2084,1.7);
#894=CIRCLE('',#2114,1.7);
#895=CIRCLE('',#2116,1.7);
#896=CIRCLE('',#2134,1.7);
#897=CIRCLE('',#2153,5.00000000325492);
#898=CIRCLE('',#2156,5.00000000000002);
#899=CIRCLE('',#2159,5.00000000000002);
#900=CIRCLE('',#2162,4.99999999999999);
#901=VERTEX_POINT('',#2670);
#902=VERTEX_POINT('',#2671);
#903=VERTEX_POINT('',#2673);
#904=VERTEX_POINT('',#2675);
#905=VERTEX_POINT('',#2679);
#906=VERTEX_POINT('',#2680);
#907=VERTEX_POINT('',#2685);
#908=VERTEX_POINT('',#2686);
#909=VERTEX_POINT('',#2691);
#910=VERTEX_POINT('',#2692);
#911=VERTEX_POINT('',#2697);
#912=VERTEX_POINT('',#2698);
#913=VERTEX_POINT('',#2703);
#914=VERTEX_POINT('',#2704);
#915=VERTEX_POINT('',#2709);
#916=VERTEX_POINT('',#2710);
#917=VERTEX_POINT('',#2715);
#918=VERTEX_POINT('',#2716);
#919=VERTEX_POINT('',#2721);
#920=VERTEX_POINT('',#2722);
#921=VERTEX_POINT('',#2727);
#922=VERTEX_POINT('',#2729);
#923=VERTEX_POINT('',#2732);
#924=VERTEX_POINT('',#2733);
#925=VERTEX_POINT('',#2735);
#926=VERTEX_POINT('',#2737);
#927=VERTEX_POINT('',#2740);
#928=VERTEX_POINT('',#2741);
#929=VERTEX_POINT('',#2743);
#930=VERTEX_POINT('',#2745);
#931=VERTEX_POINT('',#2748);
#932=VERTEX_POINT('',#2749);
#933=VERTEX_POINT('',#2751);
#934=VERTEX_POINT('',#2753);
#935=VERTEX_POINT('',#2756);
#936=VERTEX_POINT('',#2758);
#937=VERTEX_POINT('',#2759);
#938=VERTEX_POINT('',#2761);
#939=VERTEX_POINT('',#2763);
#940=VERTEX_POINT('',#2766);
#941=VERTEX_POINT('',#2767);
#942=VERTEX_POINT('',#2769);
#943=VERTEX_POINT('',#2771);
#944=VERTEX_POINT('',#2774);
#945=VERTEX_POINT('',#2775);
#946=VERTEX_POINT('',#2777);
#947=VERTEX_POINT('',#2779);
#948=VERTEX_POINT('',#2782);
#949=VERTEX_POINT('',#2783);
#950=VERTEX_POINT('',#2785);
#951=VERTEX_POINT('',#2787);
#952=VERTEX_POINT('',#2790);
#953=VERTEX_POINT('',#2791);
#954=VERTEX_POINT('',#2793);
#955=VERTEX_POINT('',#2795);
#956=VERTEX_POINT('',#2798);
#957=VERTEX_POINT('',#2799);
#958=VERTEX_POINT('',#2801);
#959=VERTEX_POINT('',#2803);
#960=VERTEX_POINT('',#2806);
#961=VERTEX_POINT('',#2807);
#962=VERTEX_POINT('',#2809);
#963=VERTEX_POINT('',#2811);
#964=VERTEX_POINT('',#2814);
#965=VERTEX_POINT('',#2816);
#966=VERTEX_POINT('',#2818);
#967=VERTEX_POINT('',#2819);
#968=VERTEX_POINT('',#2821);
#969=VERTEX_POINT('',#2823);
#970=VERTEX_POINT('',#2826);
#971=VERTEX_POINT('',#2827);
#972=VERTEX_POINT('',#2829);
#973=VERTEX_POINT('',#2831);
#974=VERTEX_POINT('',#2834);
#975=VERTEX_POINT('',#2835);
#976=VERTEX_POINT('',#2837);
#977=VERTEX_POINT('',#2839);
#978=VERTEX_POINT('',#2842);
#979=VERTEX_POINT('',#2843);
#980=VERTEX_POINT('',#2845);
#981=VERTEX_POINT('',#2847);
#982=VERTEX_POINT('',#2850);
#983=VERTEX_POINT('',#2852);
#984=VERTEX_POINT('',#2853);
#985=VERTEX_POINT('',#2855);
#986=VERTEX_POINT('',#2857);
#987=VERTEX_POINT('',#2860);
#988=VERTEX_POINT('',#2861);
#989=VERTEX_POINT('',#2863);
#990=VERTEX_POINT('',#2865);
#991=VERTEX_POINT('',#2867);
#992=VERTEX_POINT('',#2869);
#993=VERTEX_POINT('',#2872);
#994=VERTEX_POINT('',#2873);
#995=VERTEX_POINT('',#2875);
#996=VERTEX_POINT('',#2877);
#997=VERTEX_POINT('',#2881);
#998=VERTEX_POINT('',#2883);
#999=VERTEX_POINT('',#2887);
#1000=VERTEX_POINT('',#2888);
#1001=VERTEX_POINT('',#2893);
#1002=VERTEX_POINT('',#2897);
#1003=VERTEX_POINT('',#2903);
#1004=VERTEX_POINT('',#2904);
#1005=VERTEX_POINT('',#2909);
#1006=VERTEX_POINT('',#2913);
#1007=VERTEX_POINT('',#2919);
#1008=VERTEX_POINT('',#2920);
#1009=VERTEX_POINT('',#2925);
#1010=VERTEX_POINT('',#2929);
#1011=VERTEX_POINT('',#2935);
#1012=VERTEX_POINT('',#2939);
#1013=VERTEX_POINT('',#2940);
#1014=VERTEX_POINT('',#2945);
#1015=VERTEX_POINT('',#2949);
#1016=VERTEX_POINT('',#2955);
#1017=VERTEX_POINT('',#2956);
#1018=VERTEX_POINT('',#2961);
#1019=VERTEX_POINT('',#2965);
#1020=VERTEX_POINT('',#2971);
#1021=VERTEX_POINT('',#2972);
#1022=VERTEX_POINT('',#2977);
#1023=VERTEX_POINT('',#2981);
#1024=VERTEX_POINT('',#2987);
#1025=VERTEX_POINT('',#2988);
#1026=VERTEX_POINT('',#2993);
#1027=VERTEX_POINT('',#2997);
#1028=VERTEX_POINT('',#3003);
#1029=VERTEX_POINT('',#3004);
#1030=VERTEX_POINT('',#3009);
#1031=VERTEX_POINT('',#3013);
#1032=VERTEX_POINT('',#3019);
#1033=VERTEX_POINT('',#3020);
#1034=VERTEX_POINT('',#3025);
#1035=VERTEX_POINT('',#3029);
#1036=VERTEX_POINT('',#3035);
#1037=VERTEX_POINT('',#3036);
#1038=VERTEX_POINT('',#3041);
#1039=VERTEX_POINT('',#3045);
#1040=VERTEX_POINT('',#3051);
#1041=VERTEX_POINT('',#3055);
#1042=VERTEX_POINT('',#3059);
#1043=VERTEX_POINT('',#3060);
#1044=VERTEX_POINT('',#3065);
#1045=VERTEX_POINT('',#3069);
#1046=VERTEX_POINT('',#3075);
#1047=VERTEX_POINT('',#3076);
#1048=VERTEX_POINT('',#3081);
#1049=VERTEX_POINT('',#3085);
#1050=VERTEX_POINT('',#3091);
#1051=VERTEX_POINT('',#3092);
#1052=VERTEX_POINT('',#3097);
#1053=VERTEX_POINT('',#3101);
#1054=VERTEX_POINT('',#3107);
#1055=VERTEX_POINT('',#3108);
#1056=VERTEX_POINT('',#3113);
#1057=VERTEX_POINT('',#3117);
#1058=VERTEX_POINT('',#3123);
#1059=VERTEX_POINT('',#3127);
#1060=VERTEX_POINT('',#3128);
#1061=VERTEX_POINT('',#3133);
#1062=VERTEX_POINT('',#3137);
#1063=VERTEX_POINT('',#3143);
#1064=VERTEX_POINT('',#3144);
#1065=VERTEX_POINT('',#3149);
#1066=VERTEX_POINT('',#3153);
#1067=VERTEX_POINT('',#3157);
#1068=VERTEX_POINT('',#3161);
#1069=VERTEX_POINT('',#3167);
#1070=VERTEX_POINT('',#3168);
#1071=VERTEX_POINT('',#3173);
#1072=VERTEX_POINT('',#3177);
#1073=VERTEX_POINT('',#3183);
#1074=VERTEX_POINT('',#3185);
#1075=VERTEX_POINT('',#3191);
#1076=VERTEX_POINT('',#3195);
#1077=VERTEX_POINT('',#3199);
#1078=VERTEX_POINT('',#3203);
#1079=VERTEX_POINT('',#3207);
#1080=VERTEX_POINT('',#3211);
#1081=VERTEX_POINT('',#3215);
#1082=VERTEX_POINT('',#3219);
#1083=EDGE_CURVE('',#901,#902,#871,.T.);
#1084=EDGE_CURVE('',#902,#903,#377,.T.);
#1085=EDGE_CURVE('',#903,#904,#872,.T.);
#1086=EDGE_CURVE('',#904,#901,#378,.T.);
#1087=EDGE_CURVE('',#905,#906,#873,.T.);
#1088=EDGE_CURVE('',#906,#904,#874,.T.);
#1089=EDGE_CURVE('',#903,#905,#875,.T.);
#1090=EDGE_CURVE('',#907,#908,#876,.T.);
#1091=EDGE_CURVE('',#908,#906,#379,.T.);
#1092=EDGE_CURVE('',#905,#907,#380,.T.);
#1093=EDGE_CURVE('',#909,#910,#877,.T.);
#1094=EDGE_CURVE('',#910,#908,#878,.T.);
#1095=EDGE_CURVE('',#907,#909,#879,.T.);
#1096=EDGE_CURVE('',#911,#912,#880,.T.);
#1097=EDGE_CURVE('',#912,#910,#381,.T.);
#1098=EDGE_CURVE('',#909,#911,#382,.T.);
#1099=EDGE_CURVE('',#913,#914,#881,.T.);
#1100=EDGE_CURVE('',#914,#912,#882,.T.);
#1101=EDGE_CURVE('',#911,#913,#883,.T.);
#1102=EDGE_CURVE('',#915,#916,#884,.T.);
#1103=EDGE_CURVE('',#916,#914,#383,.T.);
#1104=EDGE_CURVE('',#913,#915,#384,.T.);
#1105=EDGE_CURVE('',#917,#918,#885,.T.);
#1106=EDGE_CURVE('',#918,#916,#886,.T.);
#1107=EDGE_CURVE('',#915,#917,#887,.T.);
#1108=EDGE_CURVE('',#919,#920,#888,.T.);
#1109=EDGE_CURVE('',#920,#918,#385,.T.);
#1110=EDGE_CURVE('',#917,#919,#386,.T.);
#1111=EDGE_CURVE('',#920,#921,#387,.T.);
#1112=EDGE_CURVE('',#921,#922,#388,.T.);
#1113=EDGE_CURVE('',#922,#901,#389,.T.);
#1114=EDGE_CURVE('',#923,#924,#390,.T.);
#1115=EDGE_CURVE('',#924,#925,#391,.T.);
#1116=EDGE_CURVE('',#925,#926,#392,.T.);
#1117=EDGE_CURVE('',#926,#923,#393,.T.);
#1118=EDGE_CURVE('',#927,#928,#394,.T.);
#1119=EDGE_CURVE('',#928,#929,#395,.T.);
#1120=EDGE_CURVE('',#929,#930,#396,.T.);
#1121=EDGE_CURVE('',#930,#927,#397,.T.);
#1122=EDGE_CURVE('',#931,#932,#398,.T.);
#1123=EDGE_CURVE('',#932,#933,#399,.T.);
#1124=EDGE_CURVE('',#933,#934,#400,.T.);
#1125=EDGE_CURVE('',#934,#931,#401,.T.);
#1126=EDGE_CURVE('',#935,#935,#889,.T.);
#1127=EDGE_CURVE('',#936,#937,#402,.T.);
#1128=EDGE_CURVE('',#937,#938,#403,.T.);
#1129=EDGE_CURVE('',#938,#939,#404,.T.);
#1130=EDGE_CURVE('',#939,#936,#405,.T.);
#1131=EDGE_CURVE('',#940,#941,#406,.T.);
#1132=EDGE_CURVE('',#941,#942,#407,.T.);
#1133=EDGE_CURVE('',#942,#943,#408,.T.);
#1134=EDGE_CURVE('',#943,#940,#409,.T.);
#1135=EDGE_CURVE('',#944,#945,#410,.T.);
#1136=EDGE_CURVE('',#945,#946,#411,.T.);
#1137=EDGE_CURVE('',#946,#947,#412,.T.);
#1138=EDGE_CURVE('',#947,#944,#413,.T.);
#1139=EDGE_CURVE('',#948,#949,#414,.T.);
#1140=EDGE_CURVE('',#949,#950,#415,.T.);
#1141=EDGE_CURVE('',#950,#951,#416,.T.);
#1142=EDGE_CURVE('',#951,#948,#417,.T.);
#1143=EDGE_CURVE('',#952,#953,#418,.T.);
#1144=EDGE_CURVE('',#953,#954,#419,.T.);
#1145=EDGE_CURVE('',#954,#955,#420,.T.);
#1146=EDGE_CURVE('',#955,#952,#421,.T.);
#1147=EDGE_CURVE('',#956,#957,#422,.T.);
#1148=EDGE_CURVE('',#957,#958,#423,.T.);
#1149=EDGE_CURVE('',#958,#959,#424,.T.);
#1150=EDGE_CURVE('',#959,#956,#425,.T.);
#1151=EDGE_CURVE('',#960,#961,#426,.T.);
#1152=EDGE_CURVE('',#961,#962,#427,.T.);
#1153=EDGE_CURVE('',#962,#963,#428,.T.);
#1154=EDGE_CURVE('',#963,#960,#429,.T.);
#1155=EDGE_CURVE('',#964,#964,#890,.T.);
#1156=EDGE_CURVE('',#965,#965,#891,.T.);
#1157=EDGE_CURVE('',#966,#967,#430,.T.);
#1158=EDGE_CURVE('',#967,#968,#431,.T.);
#1159=EDGE_CURVE('',#968,#969,#432,.T.);
#1160=EDGE_CURVE('',#969,#966,#433,.T.);
#1161=EDGE_CURVE('',#970,#971,#434,.T.);
#1162=EDGE_CURVE('',#971,#972,#435,.T.);
#1163=EDGE_CURVE('',#972,#973,#436,.T.);
#1164=EDGE_CURVE('',#973,#970,#437,.T.);
#1165=EDGE_CURVE('',#974,#975,#438,.T.);
#1166=EDGE_CURVE('',#975,#976,#439,.T.);
#1167=EDGE_CURVE('',#976,#977,#440,.T.);
#1168=EDGE_CURVE('',#977,#974,#441,.T.);
#1169=EDGE_CURVE('',#978,#979,#442,.T.);
#1170=EDGE_CURVE('',#979,#980,#443,.T.);
#1171=EDGE_CURVE('',#980,#981,#444,.T.);
#1172=EDGE_CURVE('',#981,#978,#445,.T.);
#1173=EDGE_CURVE('',#982,#982,#892,.T.);
#1174=EDGE_CURVE('',#983,#984,#446,.T.);
#1175=EDGE_CURVE('',#984,#985,#447,.T.);
#1176=EDGE_CURVE('',#985,#986,#448,.T.);
#1177=EDGE_CURVE('',#986,#983,#449,.T.);
#1178=EDGE_CURVE('',#987,#988,#450,.T.);
#1179=EDGE_CURVE('',#988,#989,#451,.T.);
#1180=EDGE_CURVE('',#989,#990,#452,.T.);
#1181=EDGE_CURVE('',#990,#991,#453,.T.);
#1182=EDGE_CURVE('',#991,#992,#454,.T.);
#1183=EDGE_CURVE('',#992,#987,#455,.T.);
#1184=EDGE_CURVE('',#993,#994,#456,.T.);
#1185=EDGE_CURVE('',#994,#995,#457,.T.);
#1186=EDGE_CURVE('',#995,#996,#458,.T.);
#1187=EDGE_CURVE('',#996,#993,#459,.T.);
#1188=EDGE_CURVE('',#997,#919,#460,.T.);
#1189=EDGE_CURVE('',#998,#997,#461,.T.);
#1190=EDGE_CURVE('',#998,#921,#462,.T.);
#1191=EDGE_CURVE('',#999,#1000,#463,.T.);
#1192=EDGE_CURVE('',#1000,#923,#464,.T.);
#1193=EDGE_CURVE('',#999,#926,#465,.T.);
#1194=EDGE_CURVE('',#1001,#999,#466,.T.);
#1195=EDGE_CURVE('',#1001,#925,#467,.T.);
#1196=EDGE_CURVE('',#1002,#1001,#468,.T.);
#1197=EDGE_CURVE('',#1002,#924,#469,.T.);
#1198=EDGE_CURVE('',#1000,#1002,#470,.T.);
#1199=EDGE_CURVE('',#1003,#1004,#471,.T.);
#1200=EDGE_CURVE('',#1004,#927,#472,.T.);
#1201=EDGE_CURVE('',#1003,#930,#473,.T.);
#1202=EDGE_CURVE('',#1005,#1003,#474,.T.);
#1203=EDGE_CURVE('',#1005,#929,#475,.T.);
#1204=EDGE_CURVE('',#1006,#1005,#476,.T.);
#1205=EDGE_CURVE('',#1006,#928,#477,.T.);
#1206=EDGE_CURVE('',#1004,#1006,#478,.T.);
#1207=EDGE_CURVE('',#1007,#1008,#479,.T.);
#1208=EDGE_CURVE('',#1008,#931,#480,.T.);
#1209=EDGE_CURVE('',#1007,#934,#481,.T.);
#1210=EDGE_CURVE('',#1009,#1007,#482,.T.);
#1211=EDGE_CURVE('',#1009,#933,#483,.T.);
#1212=EDGE_CURVE('',#1010,#1009,#484,.T.);
#1213=EDGE_CURVE('',#1010,#932,#485,.T.);
#1214=EDGE_CURVE('',#1008,#1010,#486,.T.);
#1215=EDGE_CURVE('',#1011,#1011,#893,.T.);
#1216=EDGE_CURVE('',#1011,#935,#487,.T.);
#1217=EDGE_CURVE('',#1012,#1013,#488,.T.);
#1218=EDGE_CURVE('',#1013,#936,#489,.T.);
#1219=EDGE_CURVE('',#1012,#939,#490,.T.);
#1220=EDGE_CURVE('',#1014,#1012,#491,.T.);
#1221=EDGE_CURVE('',#1014,#938,#492,.T.);
#1222=EDGE_CURVE('',#1015,#1014,#493,.T.);
#1223=EDGE_CURVE('',#1015,#937,#494,.T.);
#1224=EDGE_CURVE('',#1013,#1015,#495,.T.);
#1225=EDGE_CURVE('',#1016,#1017,#496,.T.);
#1226=EDGE_CURVE('',#1017,#940,#497,.T.);
#1227=EDGE_CURVE('',#1016,#943,#498,.T.);
#1228=EDGE_CURVE('',#1018,#1016,#499,.T.);
#1229=EDGE_CURVE('',#1018,#942,#500,.T.);
#1230=EDGE_CURVE('',#1019,#1018,#501,.T.);
#1231=EDGE_CURVE('',#1019,#941,#502,.T.);
#1232=EDGE_CURVE('',#1017,#1019,#503,.T.);
#1233=EDGE_CURVE('',#1020,#1021,#504,.T.);
#1234=EDGE_CURVE('',#1021,#944,#505,.T.);
#1235=EDGE_CURVE('',#1020,#947,#506,.T.);
#1236=EDGE_CURVE('',#1022,#1020,#507,.T.);
#1237=EDGE_CURVE('',#1022,#946,#508,.T.);
#1238=EDGE_CURVE('',#1023,#1022,#509,.T.);
#1239=EDGE_CURVE('',#1023,#945,#510,.T.);
#1240=EDGE_CURVE('',#1021,#1023,#511,.T.);
#1241=EDGE_CURVE('',#1024,#1025,#512,.T.);
#1242=EDGE_CURVE('',#1025,#948,#513,.T.);
#1243=EDGE_CURVE('',#1024,#951,#514,.T.);
#1244=EDGE_CURVE('',#1026,#1024,#515,.T.);
#1245=EDGE_CURVE('',#1026,#950,#516,.T.);
#1246=EDGE_CURVE('',#1027,#1026,#517,.T.);
#1247=EDGE_CURVE('',#1027,#949,#518,.T.);
#1248=EDGE_CURVE('',#1025,#1027,#519,.T.);
#1249=EDGE_CURVE('',#1028,#1029,#520,.T.);
#1250=EDGE_CURVE('',#1029,#952,#521,.T.);
#1251=EDGE_CURVE('',#1028,#955,#522,.T.);
#1252=EDGE_CURVE('',#1030,#1028,#523,.T.);
#1253=EDGE_CURVE('',#1030,#954,#524,.T.);
#1254=EDGE_CURVE('',#1031,#1030,#525,.T.);
#1255=EDGE_CURVE('',#1031,#953,#526,.T.);
#1256=EDGE_CURVE('',#1029,#1031,#527,.T.);
#1257=EDGE_CURVE('',#1032,#1033,#528,.T.);
#1258=EDGE_CURVE('',#1033,#956,#529,.T.);
#1259=EDGE_CURVE('',#1032,#959,#530,.T.);
#1260=EDGE_CURVE('',#1034,#1032,#531,.T.);
#1261=EDGE_CURVE('',#1034,#958,#532,.T.);
#1262=EDGE_CURVE('',#1035,#1034,#533,.T.);
#1263=EDGE_CURVE('',#1035,#957,#534,.T.);
#1264=EDGE_CURVE('',#1033,#1035,#535,.T.);
#1265=EDGE_CURVE('',#1036,#1037,#536,.T.);
#1266=EDGE_CURVE('',#1037,#960,#537,.T.);
#1267=EDGE_CURVE('',#1036,#963,#538,.T.);
#1268=EDGE_CURVE('',#1038,#1036,#539,.T.);
#1269=EDGE_CURVE('',#1038,#962,#540,.T.);
#1270=EDGE_CURVE('',#1039,#1038,#541,.T.);
#1271=EDGE_CURVE('',#1039,#961,#542,.T.);
#1272=EDGE_CURVE('',#1037,#1039,#543,.T.);
#1273=EDGE_CURVE('',#1040,#1040,#894,.T.);
#1274=EDGE_CURVE('',#1040,#964,#544,.T.);
#1275=EDGE_CURVE('',#1041,#1041,#895,.T.);
#1276=EDGE_CURVE('',#1041,#965,#545,.T.);
#1277=EDGE_CURVE('',#1042,#1043,#546,.T.);
#1278=EDGE_CURVE('',#1043,#966,#547,.T.);
#1279=EDGE_CURVE('',#1042,#969,#548,.T.);
#1280=EDGE_CURVE('',#1044,#1042,#549,.T.);
#1281=EDGE_CURVE('',#1044,#968,#550,.T.);
#1282=EDGE_CURVE('',#1045,#1044,#551,.T.);
#1283=EDGE_CURVE('',#1045,#967,#552,.T.);
#1284=EDGE_CURVE('',#1043,#1045,#553,.T.);
#1285=EDGE_CURVE('',#1046,#1047,#554,.T.);
#1286=EDGE_CURVE('',#1047,#970,#555,.T.);
#1287=EDGE_CURVE('',#1046,#973,#556,.T.);
#1288=EDGE_CURVE('',#1048,#1046,#557,.T.);
#1289=EDGE_CURVE('',#1048,#972,#558,.T.);
#1290=EDGE_CURVE('',#1049,#1048,#559,.T.);
#1291=EDGE_CURVE('',#1049,#971,#560,.T.);
#1292=EDGE_CURVE('',#1047,#1049,#561,.T.);
#1293=EDGE_CURVE('',#1050,#1051,#562,.T.);
#1294=EDGE_CURVE('',#1051,#974,#563,.T.);
#1295=EDGE_CURVE('',#1050,#977,#564,.T.);
#1296=EDGE_CURVE('',#1052,#1050,#565,.T.);
#1297=EDGE_CURVE('',#1052,#976,#566,.T.);
#1298=EDGE_CURVE('',#1053,#1052,#567,.T.);
#1299=EDGE_CURVE('',#1053,#975,#568,.T.);
#1300=EDGE_CURVE('',#1051,#1053,#569,.T.);
#1301=EDGE_CURVE('',#1054,#1055,#570,.T.);
#1302=EDGE_CURVE('',#1055,#978,#571,.T.);
#1303=EDGE_CURVE('',#1054,#981,#572,.T.);
#1304=EDGE_CURVE('',#1056,#1054,#573,.T.);
#1305=EDGE_CURVE('',#1056,#980,#574,.T.);
#1306=EDGE_CURVE('',#1057,#1056,#575,.T.);
#1307=EDGE_CURVE('',#1057,#979,#576,.T.);
#1308=EDGE_CURVE('',#1055,#1057,#577,.T.);
#1309=EDGE_CURVE('',#1058,#1058,#896,.T.);
#1310=EDGE_CURVE('',#1058,#982,#578,.T.);
#1311=EDGE_CURVE('',#1059,#1060,#579,.T.);
#1312=EDGE_CURVE('',#1060,#983,#580,.T.);
#1313=EDGE_CURVE('',#1059,#986,#581,.T.);
#1314=EDGE_CURVE('',#1061,#1059,#582,.T.);
#1315=EDGE_CURVE('',#1061,#985,#583,.T.);
#1316=EDGE_CURVE('',#1062,#1061,#584,.T.);
#1317=EDGE_CURVE('',#1062,#984,#585,.T.);
#1318=EDGE_CURVE('',#1060,#1062,#586,.T.);
#1319=EDGE_CURVE('',#1063,#1064,#587,.T.);
#1320=EDGE_CURVE('',#1064,#987,#588,.T.);
#1321=EDGE_CURVE('',#1063,#992,#589,.T.);
#1322=EDGE_CURVE('',#1065,#1063,#590,.T.);
#1323=EDGE_CURVE('',#1065,#991,#591,.T.);
#1324=EDGE_CURVE('',#1066,#1065,#592,.T.);
#1325=EDGE_CURVE('',#1066,#990,#593,.T.);
#1326=EDGE_CURVE('',#1067,#1066,#594,.T.);
#1327=EDGE_CURVE('',#1067,#989,#595,.T.);
#1328=EDGE_CURVE('',#1068,#1067,#596,.T.);
#1329=EDGE_CURVE('',#1068,#988,#597,.T.);
#1330=EDGE_CURVE('',#1064,#1068,#598,.T.);
#1331=EDGE_CURVE('',#1069,#1070,#599,.T.);
#1332=EDGE_CURVE('',#1070,#993,#600,.T.);
#1333=EDGE_CURVE('',#1069,#996,#601,.T.);
#1334=EDGE_CURVE('',#1071,#1069,#602,.T.);
#1335=EDGE_CURVE('',#1071,#995,#603,.T.);
#1336=EDGE_CURVE('',#1072,#1071,#604,.T.);
#1337=EDGE_CURVE('',#1072,#994,#605,.T.);
#1338=EDGE_CURVE('',#1070,#1072,#606,.T.);
#1339=EDGE_CURVE('',#1073,#922,#607,.T.);
#1340=EDGE_CURVE('',#1074,#1073,#608,.T.);
#1341=EDGE_CURVE('',#1074,#902,#609,.T.);
#1342=EDGE_CURVE('',#1073,#998,#610,.T.);
#1343=EDGE_CURVE('',#1075,#917,#611,.T.);
#1344=EDGE_CURVE('',#997,#1075,#612,.T.);
#1345=EDGE_CURVE('',#1076,#915,#613,.T.);
#1346=EDGE_CURVE('',#1076,#1075,#897,.T.);
#1347=EDGE_CURVE('',#1077,#913,#614,.T.);
#1348=EDGE_CURVE('',#1076,#1077,#615,.T.);
#1349=EDGE_CURVE('',#1078,#911,#616,.T.);
#1350=EDGE_CURVE('',#1078,#1077,#898,.T.);
#1351=EDGE_CURVE('',#1079,#909,#617,.T.);
#1352=EDGE_CURVE('',#1078,#1079,#618,.T.);
#1353=EDGE_CURVE('',#1080,#907,#619,.T.);
#1354=EDGE_CURVE('',#1080,#1079,#899,.T.);
#1355=EDGE_CURVE('',#1081,#905,#620,.T.);
#1356=EDGE_CURVE('',#1080,#1081,#621,.T.);
#1357=EDGE_CURVE('',#1082,#903,#622,.T.);
#1358=EDGE_CURVE('',#1082,#1081,#900,.T.);
#1359=EDGE_CURVE('',#1082,#1074,#623,.T.);
#1360=ORIENTED_EDGE('',*,*,#1083,.T.);
#1361=ORIENTED_EDGE('',*,*,#1084,.T.);
#1362=ORIENTED_EDGE('',*,*,#1085,.T.);
#1363=ORIENTED_EDGE('',*,*,#1086,.T.);
#1364=ORIENTED_EDGE('',*,*,#1087,.T.);
#1365=ORIENTED_EDGE('',*,*,#1088,.T.);
#1366=ORIENTED_EDGE('',*,*,#1085,.F.);
#1367=ORIENTED_EDGE('',*,*,#1089,.T.);
#1368=ORIENTED_EDGE('',*,*,#1090,.T.);
#1369=ORIENTED_EDGE('',*,*,#1091,.T.);
#1370=ORIENTED_EDGE('',*,*,#1087,.F.);
#1371=ORIENTED_EDGE('',*,*,#1092,.T.);
#1372=ORIENTED_EDGE('',*,*,#1093,.T.);
#1373=ORIENTED_EDGE('',*,*,#1094,.T.);
#1374=ORIENTED_EDGE('',*,*,#1090,.F.);
#1375=ORIENTED_EDGE('',*,*,#1095,.T.);
#1376=ORIENTED_EDGE('',*,*,#1096,.T.);
#1377=ORIENTED_EDGE('',*,*,#1097,.T.);
#1378=ORIENTED_EDGE('',*,*,#1093,.F.);
#1379=ORIENTED_EDGE('',*,*,#1098,.T.);
#1380=ORIENTED_EDGE('',*,*,#1099,.T.);
#1381=ORIENTED_EDGE('',*,*,#1100,.T.);
#1382=ORIENTED_EDGE('',*,*,#1096,.F.);
#1383=ORIENTED_EDGE('',*,*,#1101,.T.);
#1384=ORIENTED_EDGE('',*,*,#1102,.T.);
#1385=ORIENTED_EDGE('',*,*,#1103,.T.);
#1386=ORIENTED_EDGE('',*,*,#1099,.F.);
#1387=ORIENTED_EDGE('',*,*,#1104,.T.);
#1388=ORIENTED_EDGE('',*,*,#1105,.T.);
#1389=ORIENTED_EDGE('',*,*,#1106,.T.);
#1390=ORIENTED_EDGE('',*,*,#1102,.F.);
#1391=ORIENTED_EDGE('',*,*,#1107,.T.);
#1392=ORIENTED_EDGE('',*,*,#1108,.T.);
#1393=ORIENTED_EDGE('',*,*,#1109,.T.);
#1394=ORIENTED_EDGE('',*,*,#1105,.F.);
#1395=ORIENTED_EDGE('',*,*,#1110,.T.);
#1396=ORIENTED_EDGE('',*,*,#1086,.F.);
#1397=ORIENTED_EDGE('',*,*,#1088,.F.);
#1398=ORIENTED_EDGE('',*,*,#1091,.F.);
#1399=ORIENTED_EDGE('',*,*,#1094,.F.);
#1400=ORIENTED_EDGE('',*,*,#1097,.F.);
#1401=ORIENTED_EDGE('',*,*,#1100,.F.);
#1402=ORIENTED_EDGE('',*,*,#1103,.F.);
#1403=ORIENTED_EDGE('',*,*,#1106,.F.);
#1404=ORIENTED_EDGE('',*,*,#1109,.F.);
#1405=ORIENTED_EDGE('',*,*,#1111,.T.);
#1406=ORIENTED_EDGE('',*,*,#1112,.T.);
#1407=ORIENTED_EDGE('',*,*,#1113,.T.);
#1408=ORIENTED_EDGE('',*,*,#1114,.T.);
#1409=ORIENTED_EDGE('',*,*,#1115,.T.);
#1410=ORIENTED_EDGE('',*,*,#1116,.T.);
#1411=ORIENTED_EDGE('',*,*,#1117,.T.);
#1412=ORIENTED_EDGE('',*,*,#1118,.T.);
#1413=ORIENTED_EDGE('',*,*,#1119,.T.);
#1414=ORIENTED_EDGE('',*,*,#1120,.T.);
#1415=ORIENTED_EDGE('',*,*,#1121,.T.);
#1416=ORIENTED_EDGE('',*,*,#1122,.T.);
#1417=ORIENTED_EDGE('',*,*,#1123,.T.);
#1418=ORIENTED_EDGE('',*,*,#1124,.T.);
#1419=ORIENTED_EDGE('',*,*,#1125,.T.);
#1420=ORIENTED_EDGE('',*,*,#1126,.T.);
#1421=ORIENTED_EDGE('',*,*,#1127,.T.);
#1422=ORIENTED_EDGE('',*,*,#1128,.T.);
#1423=ORIENTED_EDGE('',*,*,#1129,.T.);
#1424=ORIENTED_EDGE('',*,*,#1130,.T.);
#1425=ORIENTED_EDGE('',*,*,#1131,.T.);
#1426=ORIENTED_EDGE('',*,*,#1132,.T.);
#1427=ORIENTED_EDGE('',*,*,#1133,.T.);
#1428=ORIENTED_EDGE('',*,*,#1134,.T.);
#1429=ORIENTED_EDGE('',*,*,#1135,.T.);
#1430=ORIENTED_EDGE('',*,*,#1136,.T.);
#1431=ORIENTED_EDGE('',*,*,#1137,.T.);
#1432=ORIENTED_EDGE('',*,*,#1138,.T.);
#1433=ORIENTED_EDGE('',*,*,#1139,.T.);
#1434=ORIENTED_EDGE('',*,*,#1140,.T.);
#1435=ORIENTED_EDGE('',*,*,#1141,.T.);
#1436=ORIENTED_EDGE('',*,*,#1142,.T.);
#1437=ORIENTED_EDGE('',*,*,#1143,.T.);
#1438=ORIENTED_EDGE('',*,*,#1144,.T.);
#1439=ORIENTED_EDGE('',*,*,#1145,.T.);
#1440=ORIENTED_EDGE('',*,*,#1146,.T.);
#1441=ORIENTED_EDGE('',*,*,#1147,.T.);
#1442=ORIENTED_EDGE('',*,*,#1148,.T.);
#1443=ORIENTED_EDGE('',*,*,#1149,.T.);
#1444=ORIENTED_EDGE('',*,*,#1150,.T.);
#1445=ORIENTED_EDGE('',*,*,#1151,.T.);
#1446=ORIENTED_EDGE('',*,*,#1152,.T.);
#1447=ORIENTED_EDGE('',*,*,#1153,.T.);
#1448=ORIENTED_EDGE('',*,*,#1154,.T.);
#1449=ORIENTED_EDGE('',*,*,#1155,.T.);
#1450=ORIENTED_EDGE('',*,*,#1156,.T.);
#1451=ORIENTED_EDGE('',*,*,#1157,.T.);
#1452=ORIENTED_EDGE('',*,*,#1158,.T.);
#1453=ORIENTED_EDGE('',*,*,#1159,.T.);
#1454=ORIENTED_EDGE('',*,*,#1160,.T.);
#1455=ORIENTED_EDGE('',*,*,#1161,.T.);
#1456=ORIENTED_EDGE('',*,*,#1162,.T.);
#1457=ORIENTED_EDGE('',*,*,#1163,.T.);
#1458=ORIENTED_EDGE('',*,*,#1164,.T.);
#1459=ORIENTED_EDGE('',*,*,#1165,.T.);
#1460=ORIENTED_EDGE('',*,*,#1166,.T.);
#1461=ORIENTED_EDGE('',*,*,#1167,.T.);
#1462=ORIENTED_EDGE('',*,*,#1168,.T.);
#1463=ORIENTED_EDGE('',*,*,#1169,.T.);
#1464=ORIENTED_EDGE('',*,*,#1170,.T.);
#1465=ORIENTED_EDGE('',*,*,#1171,.T.);
#1466=ORIENTED_EDGE('',*,*,#1172,.T.);
#1467=ORIENTED_EDGE('',*,*,#1173,.T.);
#1468=ORIENTED_EDGE('',*,*,#1174,.T.);
#1469=ORIENTED_EDGE('',*,*,#1175,.T.);
#1470=ORIENTED_EDGE('',*,*,#1176,.T.);
#1471=ORIENTED_EDGE('',*,*,#1177,.T.);
#1472=ORIENTED_EDGE('',*,*,#1178,.T.);
#1473=ORIENTED_EDGE('',*,*,#1179,.T.);
#1474=ORIENTED_EDGE('',*,*,#1180,.T.);
#1475=ORIENTED_EDGE('',*,*,#1181,.T.);
#1476=ORIENTED_EDGE('',*,*,#1182,.T.);
#1477=ORIENTED_EDGE('',*,*,#1183,.T.);
#1478=ORIENTED_EDGE('',*,*,#1184,.T.);
#1479=ORIENTED_EDGE('',*,*,#1185,.T.);
#1480=ORIENTED_EDGE('',*,*,#1186,.T.);
#1481=ORIENTED_EDGE('',*,*,#1187,.T.);
#1482=ORIENTED_EDGE('',*,*,#1108,.F.);
#1483=ORIENTED_EDGE('',*,*,#1188,.F.);
#1484=ORIENTED_EDGE('',*,*,#1189,.F.);
#1485=ORIENTED_EDGE('',*,*,#1190,.T.);
#1486=ORIENTED_EDGE('',*,*,#1111,.F.);
#1487=ORIENTED_EDGE('',*,*,#1191,.T.);
#1488=ORIENTED_EDGE('',*,*,#1192,.T.);
#1489=ORIENTED_EDGE('',*,*,#1117,.F.);
#1490=ORIENTED_EDGE('',*,*,#1193,.F.);
#1491=ORIENTED_EDGE('',*,*,#1194,.T.);
#1492=ORIENTED_EDGE('',*,*,#1193,.T.);
#1493=ORIENTED_EDGE('',*,*,#1116,.F.);
#1494=ORIENTED_EDGE('',*,*,#1195,.F.);
#1495=ORIENTED_EDGE('',*,*,#1196,.T.);
#1496=ORIENTED_EDGE('',*,*,#1195,.T.);
#1497=ORIENTED_EDGE('',*,*,#1115,.F.);
#1498=ORIENTED_EDGE('',*,*,#1197,.F.);
#1499=ORIENTED_EDGE('',*,*,#1198,.T.);
#1500=ORIENTED_EDGE('',*,*,#1197,.T.);
#1501=ORIENTED_EDGE('',*,*,#1114,.F.);
#1502=ORIENTED_EDGE('',*,*,#1192,.F.);
#1503=ORIENTED_EDGE('',*,*,#1199,.T.);
#1504=ORIENTED_EDGE('',*,*,#1200,.T.);
#1505=ORIENTED_EDGE('',*,*,#1121,.F.);
#1506=ORIENTED_EDGE('',*,*,#1201,.F.);
#1507=ORIENTED_EDGE('',*,*,#1202,.T.);
#1508=ORIENTED_EDGE('',*,*,#1201,.T.);
#1509=ORIENTED_EDGE('',*,*,#1120,.F.);
#1510=ORIENTED_EDGE('',*,*,#1203,.F.);
#1511=ORIENTED_EDGE('',*,*,#1204,.T.);
#1512=ORIENTED_EDGE('',*,*,#1203,.T.);
#1513=ORIENTED_EDGE('',*,*,#1119,.F.);
#1514=ORIENTED_EDGE('',*,*,#1205,.F.);
#1515=ORIENTED_EDGE('',*,*,#1206,.T.);
#1516=ORIENTED_EDGE('',*,*,#1205,.T.);
#1517=ORIENTED_EDGE('',*,*,#1118,.F.);
#1518=ORIENTED_EDGE('',*,*,#1200,.F.);
#1519=ORIENTED_EDGE('',*,*,#1207,.T.);
#1520=ORIENTED_EDGE('',*,*,#1208,.T.);
#1521=ORIENTED_EDGE('',*,*,#1125,.F.);
#1522=ORIENTED_EDGE('',*,*,#1209,.F.);
#1523=ORIENTED_EDGE('',*,*,#1210,.T.);
#1524=ORIENTED_EDGE('',*,*,#1209,.T.);
#1525=ORIENTED_EDGE('',*,*,#1124,.F.);
#1526=ORIENTED_EDGE('',*,*,#1211,.F.);
#1527=ORIENTED_EDGE('',*,*,#1212,.T.);
#1528=ORIENTED_EDGE('',*,*,#1211,.T.);
#1529=ORIENTED_EDGE('',*,*,#1123,.F.);
#1530=ORIENTED_EDGE('',*,*,#1213,.F.);
#1531=ORIENTED_EDGE('',*,*,#1214,.T.);
#1532=ORIENTED_EDGE('',*,*,#1213,.T.);
#1533=ORIENTED_EDGE('',*,*,#1122,.F.);
#1534=ORIENTED_EDGE('',*,*,#1208,.F.);
#1535=ORIENTED_EDGE('',*,*,#1215,.T.);
#1536=ORIENTED_EDGE('',*,*,#1216,.T.);
#1537=ORIENTED_EDGE('',*,*,#1126,.F.);
#1538=ORIENTED_EDGE('',*,*,#1216,.F.);
#1539=ORIENTED_EDGE('',*,*,#1217,.T.);
#1540=ORIENTED_EDGE('',*,*,#1218,.T.);
#1541=ORIENTED_EDGE('',*,*,#1130,.F.);
#1542=ORIENTED_EDGE('',*,*,#1219,.F.);
#1543=ORIENTED_EDGE('',*,*,#1220,.T.);
#1544=ORIENTED_EDGE('',*,*,#1219,.T.);
#1545=ORIENTED_EDGE('',*,*,#1129,.F.);
#1546=ORIENTED_EDGE('',*,*,#1221,.F.);
#1547=ORIENTED_EDGE('',*,*,#1222,.T.);
#1548=ORIENTED_EDGE('',*,*,#1221,.T.);
#1549=ORIENTED_EDGE('',*,*,#1128,.F.);
#1550=ORIENTED_EDGE('',*,*,#1223,.F.);
#1551=ORIENTED_EDGE('',*,*,#1224,.T.);
#1552=ORIENTED_EDGE('',*,*,#1223,.T.);
#1553=ORIENTED_EDGE('',*,*,#1127,.F.);
#1554=ORIENTED_EDGE('',*,*,#1218,.F.);
#1555=ORIENTED_EDGE('',*,*,#1225,.T.);
#1556=ORIENTED_EDGE('',*,*,#1226,.T.);
#1557=ORIENTED_EDGE('',*,*,#1134,.F.);
#1558=ORIENTED_EDGE('',*,*,#1227,.F.);
#1559=ORIENTED_EDGE('',*,*,#1228,.T.);
#1560=ORIENTED_EDGE('',*,*,#1227,.T.);
#1561=ORIENTED_EDGE('',*,*,#1133,.F.);
#1562=ORIENTED_EDGE('',*,*,#1229,.F.);
#1563=ORIENTED_EDGE('',*,*,#1230,.T.);
#1564=ORIENTED_EDGE('',*,*,#1229,.T.);
#1565=ORIENTED_EDGE('',*,*,#1132,.F.);
#1566=ORIENTED_EDGE('',*,*,#1231,.F.);
#1567=ORIENTED_EDGE('',*,*,#1232,.T.);
#1568=ORIENTED_EDGE('',*,*,#1231,.T.);
#1569=ORIENTED_EDGE('',*,*,#1131,.F.);
#1570=ORIENTED_EDGE('',*,*,#1226,.F.);
#1571=ORIENTED_EDGE('',*,*,#1233,.T.);
#1572=ORIENTED_EDGE('',*,*,#1234,.T.);
#1573=ORIENTED_EDGE('',*,*,#1138,.F.);
#1574=ORIENTED_EDGE('',*,*,#1235,.F.);
#1575=ORIENTED_EDGE('',*,*,#1236,.T.);
#1576=ORIENTED_EDGE('',*,*,#1235,.T.);
#1577=ORIENTED_EDGE('',*,*,#1137,.F.);
#1578=ORIENTED_EDGE('',*,*,#1237,.F.);
#1579=ORIENTED_EDGE('',*,*,#1238,.T.);
#1580=ORIENTED_EDGE('',*,*,#1237,.T.);
#1581=ORIENTED_EDGE('',*,*,#1136,.F.);
#1582=ORIENTED_EDGE('',*,*,#1239,.F.);
#1583=ORIENTED_EDGE('',*,*,#1240,.T.);
#1584=ORIENTED_EDGE('',*,*,#1239,.T.);
#1585=ORIENTED_EDGE('',*,*,#1135,.F.);
#1586=ORIENTED_EDGE('',*,*,#1234,.F.);
#1587=ORIENTED_EDGE('',*,*,#1241,.T.);
#1588=ORIENTED_EDGE('',*,*,#1242,.T.);
#1589=ORIENTED_EDGE('',*,*,#1142,.F.);
#1590=ORIENTED_EDGE('',*,*,#1243,.F.);
#1591=ORIENTED_EDGE('',*,*,#1244,.T.);
#1592=ORIENTED_EDGE('',*,*,#1243,.T.);
#1593=ORIENTED_EDGE('',*,*,#1141,.F.);
#1594=ORIENTED_EDGE('',*,*,#1245,.F.);
#1595=ORIENTED_EDGE('',*,*,#1246,.T.);
#1596=ORIENTED_EDGE('',*,*,#1245,.T.);
#1597=ORIENTED_EDGE('',*,*,#1140,.F.);
#1598=ORIENTED_EDGE('',*,*,#1247,.F.);
#1599=ORIENTED_EDGE('',*,*,#1248,.T.);
#1600=ORIENTED_EDGE('',*,*,#1247,.T.);
#1601=ORIENTED_EDGE('',*,*,#1139,.F.);
#1602=ORIENTED_EDGE('',*,*,#1242,.F.);
#1603=ORIENTED_EDGE('',*,*,#1249,.T.);
#1604=ORIENTED_EDGE('',*,*,#1250,.T.);
#1605=ORIENTED_EDGE('',*,*,#1146,.F.);
#1606=ORIENTED_EDGE('',*,*,#1251,.F.);
#1607=ORIENTED_EDGE('',*,*,#1252,.T.);
#1608=ORIENTED_EDGE('',*,*,#1251,.T.);
#1609=ORIENTED_EDGE('',*,*,#1145,.F.);
#1610=ORIENTED_EDGE('',*,*,#1253,.F.);
#1611=ORIENTED_EDGE('',*,*,#1254,.T.);
#1612=ORIENTED_EDGE('',*,*,#1253,.T.);
#1613=ORIENTED_EDGE('',*,*,#1144,.F.);
#1614=ORIENTED_EDGE('',*,*,#1255,.F.);
#1615=ORIENTED_EDGE('',*,*,#1256,.T.);
#1616=ORIENTED_EDGE('',*,*,#1255,.T.);
#1617=ORIENTED_EDGE('',*,*,#1143,.F.);
#1618=ORIENTED_EDGE('',*,*,#1250,.F.);
#1619=ORIENTED_EDGE('',*,*,#1257,.T.);
#1620=ORIENTED_EDGE('',*,*,#1258,.T.);
#1621=ORIENTED_EDGE('',*,*,#1150,.F.);
#1622=ORIENTED_EDGE('',*,*,#1259,.F.);
#1623=ORIENTED_EDGE('',*,*,#1260,.T.);
#1624=ORIENTED_EDGE('',*,*,#1259,.T.);
#1625=ORIENTED_EDGE('',*,*,#1149,.F.);
#1626=ORIENTED_EDGE('',*,*,#1261,.F.);
#1627=ORIENTED_EDGE('',*,*,#1262,.T.);
#1628=ORIENTED_EDGE('',*,*,#1261,.T.);
#1629=ORIENTED_EDGE('',*,*,#1148,.F.);
#1630=ORIENTED_EDGE('',*,*,#1263,.F.);
#1631=ORIENTED_EDGE('',*,*,#1264,.T.);
#1632=ORIENTED_EDGE('',*,*,#1263,.T.);
#1633=ORIENTED_EDGE('',*,*,#1147,.F.);
#1634=ORIENTED_EDGE('',*,*,#1258,.F.);
#1635=ORIENTED_EDGE('',*,*,#1265,.T.);
#1636=ORIENTED_EDGE('',*,*,#1266,.T.);
#1637=ORIENTED_EDGE('',*,*,#1154,.F.);
#1638=ORIENTED_EDGE('',*,*,#1267,.F.);
#1639=ORIENTED_EDGE('',*,*,#1268,.T.);
#1640=ORIENTED_EDGE('',*,*,#1267,.T.);
#1641=ORIENTED_EDGE('',*,*,#1153,.F.);
#1642=ORIENTED_EDGE('',*,*,#1269,.F.);
#1643=ORIENTED_EDGE('',*,*,#1270,.T.);
#1644=ORIENTED_EDGE('',*,*,#1269,.T.);
#1645=ORIENTED_EDGE('',*,*,#1152,.F.);
#1646=ORIENTED_EDGE('',*,*,#1271,.F.);
#1647=ORIENTED_EDGE('',*,*,#1272,.T.);
#1648=ORIENTED_EDGE('',*,*,#1271,.T.);
#1649=ORIENTED_EDGE('',*,*,#1151,.F.);
#1650=ORIENTED_EDGE('',*,*,#1266,.F.);
#1651=ORIENTED_EDGE('',*,*,#1273,.T.);
#1652=ORIENTED_EDGE('',*,*,#1274,.T.);
#1653=ORIENTED_EDGE('',*,*,#1155,.F.);
#1654=ORIENTED_EDGE('',*,*,#1274,.F.);
#1655=ORIENTED_EDGE('',*,*,#1275,.T.);
#1656=ORIENTED_EDGE('',*,*,#1276,.T.);
#1657=ORIENTED_EDGE('',*,*,#1156,.F.);
#1658=ORIENTED_EDGE('',*,*,#1276,.F.);
#1659=ORIENTED_EDGE('',*,*,#1277,.T.);
#1660=ORIENTED_EDGE('',*,*,#1278,.T.);
#1661=ORIENTED_EDGE('',*,*,#1160,.F.);
#1662=ORIENTED_EDGE('',*,*,#1279,.F.);
#1663=ORIENTED_EDGE('',*,*,#1280,.T.);
#1664=ORIENTED_EDGE('',*,*,#1279,.T.);
#1665=ORIENTED_EDGE('',*,*,#1159,.F.);
#1666=ORIENTED_EDGE('',*,*,#1281,.F.);
#1667=ORIENTED_EDGE('',*,*,#1282,.T.);
#1668=ORIENTED_EDGE('',*,*,#1281,.T.);
#1669=ORIENTED_EDGE('',*,*,#1158,.F.);
#1670=ORIENTED_EDGE('',*,*,#1283,.F.);
#1671=ORIENTED_EDGE('',*,*,#1284,.T.);
#1672=ORIENTED_EDGE('',*,*,#1283,.T.);
#1673=ORIENTED_EDGE('',*,*,#1157,.F.);
#1674=ORIENTED_EDGE('',*,*,#1278,.F.);
#1675=ORIENTED_EDGE('',*,*,#1285,.T.);
#1676=ORIENTED_EDGE('',*,*,#1286,.T.);
#1677=ORIENTED_EDGE('',*,*,#1164,.F.);
#1678=ORIENTED_EDGE('',*,*,#1287,.F.);
#1679=ORIENTED_EDGE('',*,*,#1288,.T.);
#1680=ORIENTED_EDGE('',*,*,#1287,.T.);
#1681=ORIENTED_EDGE('',*,*,#1163,.F.);
#1682=ORIENTED_EDGE('',*,*,#1289,.F.);
#1683=ORIENTED_EDGE('',*,*,#1290,.T.);
#1684=ORIENTED_EDGE('',*,*,#1289,.T.);
#1685=ORIENTED_EDGE('',*,*,#1162,.F.);
#1686=ORIENTED_EDGE('',*,*,#1291,.F.);
#1687=ORIENTED_EDGE('',*,*,#1292,.T.);
#1688=ORIENTED_EDGE('',*,*,#1291,.T.);
#1689=ORIENTED_EDGE('',*,*,#1161,.F.);
#1690=ORIENTED_EDGE('',*,*,#1286,.F.);
#1691=ORIENTED_EDGE('',*,*,#1293,.T.);
#1692=ORIENTED_EDGE('',*,*,#1294,.T.);
#1693=ORIENTED_EDGE('',*,*,#1168,.F.);
#1694=ORIENTED_EDGE('',*,*,#1295,.F.);
#1695=ORIENTED_EDGE('',*,*,#1296,.T.);
#1696=ORIENTED_EDGE('',*,*,#1295,.T.);
#1697=ORIENTED_EDGE('',*,*,#1167,.F.);
#1698=ORIENTED_EDGE('',*,*,#1297,.F.);
#1699=ORIENTED_EDGE('',*,*,#1298,.T.);
#1700=ORIENTED_EDGE('',*,*,#1297,.T.);
#1701=ORIENTED_EDGE('',*,*,#1166,.F.);
#1702=ORIENTED_EDGE('',*,*,#1299,.F.);
#1703=ORIENTED_EDGE('',*,*,#1300,.T.);
#1704=ORIENTED_EDGE('',*,*,#1299,.T.);
#1705=ORIENTED_EDGE('',*,*,#1165,.F.);
#1706=ORIENTED_EDGE('',*,*,#1294,.F.);
#1707=ORIENTED_EDGE('',*,*,#1301,.T.);
#1708=ORIENTED_EDGE('',*,*,#1302,.T.);
#1709=ORIENTED_EDGE('',*,*,#1172,.F.);
#1710=ORIENTED_EDGE('',*,*,#1303,.F.);
#1711=ORIENTED_EDGE('',*,*,#1304,.T.);
#1712=ORIENTED_EDGE('',*,*,#1303,.T.);
#1713=ORIENTED_EDGE('',*,*,#1171,.F.);
#1714=ORIENTED_EDGE('',*,*,#1305,.F.);
#1715=ORIENTED_EDGE('',*,*,#1306,.T.);
#1716=ORIENTED_EDGE('',*,*,#1305,.T.);
#1717=ORIENTED_EDGE('',*,*,#1170,.F.);
#1718=ORIENTED_EDGE('',*,*,#1307,.F.);
#1719=ORIENTED_EDGE('',*,*,#1308,.T.);
#1720=ORIENTED_EDGE('',*,*,#1307,.T.);
#1721=ORIENTED_EDGE('',*,*,#1169,.F.);
#1722=ORIENTED_EDGE('',*,*,#1302,.F.);
#1723=ORIENTED_EDGE('',*,*,#1309,.T.);
#1724=ORIENTED_EDGE('',*,*,#1310,.T.);
#1725=ORIENTED_EDGE('',*,*,#1173,.F.);
#1726=ORIENTED_EDGE('',*,*,#1310,.F.);
#1727=ORIENTED_EDGE('',*,*,#1311,.T.);
#1728=ORIENTED_EDGE('',*,*,#1312,.T.);
#1729=ORIENTED_EDGE('',*,*,#1177,.F.);
#1730=ORIENTED_EDGE('',*,*,#1313,.F.);
#1731=ORIENTED_EDGE('',*,*,#1314,.T.);
#1732=ORIENTED_EDGE('',*,*,#1313,.T.);
#1733=ORIENTED_EDGE('',*,*,#1176,.F.);
#1734=ORIENTED_EDGE('',*,*,#1315,.F.);
#1735=ORIENTED_EDGE('',*,*,#1316,.T.);
#1736=ORIENTED_EDGE('',*,*,#1315,.T.);
#1737=ORIENTED_EDGE('',*,*,#1175,.F.);
#1738=ORIENTED_EDGE('',*,*,#1317,.F.);
#1739=ORIENTED_EDGE('',*,*,#1318,.T.);
#1740=ORIENTED_EDGE('',*,*,#1317,.T.);
#1741=ORIENTED_EDGE('',*,*,#1174,.F.);
#1742=ORIENTED_EDGE('',*,*,#1312,.F.);
#1743=ORIENTED_EDGE('',*,*,#1319,.T.);
#1744=ORIENTED_EDGE('',*,*,#1320,.T.);
#1745=ORIENTED_EDGE('',*,*,#1183,.F.);
#1746=ORIENTED_EDGE('',*,*,#1321,.F.);
#1747=ORIENTED_EDGE('',*,*,#1322,.T.);
#1748=ORIENTED_EDGE('',*,*,#1321,.T.);
#1749=ORIENTED_EDGE('',*,*,#1182,.F.);
#1750=ORIENTED_EDGE('',*,*,#1323,.F.);
#1751=ORIENTED_EDGE('',*,*,#1324,.T.);
#1752=ORIENTED_EDGE('',*,*,#1323,.T.);
#1753=ORIENTED_EDGE('',*,*,#1181,.F.);
#1754=ORIENTED_EDGE('',*,*,#1325,.F.);
#1755=ORIENTED_EDGE('',*,*,#1326,.T.);
#1756=ORIENTED_EDGE('',*,*,#1325,.T.);
#1757=ORIENTED_EDGE('',*,*,#1180,.F.);
#1758=ORIENTED_EDGE('',*,*,#1327,.F.);
#1759=ORIENTED_EDGE('',*,*,#1328,.T.);
#1760=ORIENTED_EDGE('',*,*,#1327,.T.);
#1761=ORIENTED_EDGE('',*,*,#1179,.F.);
#1762=ORIENTED_EDGE('',*,*,#1329,.F.);
#1763=ORIENTED_EDGE('',*,*,#1330,.T.);
#1764=ORIENTED_EDGE('',*,*,#1329,.T.);
#1765=ORIENTED_EDGE('',*,*,#1178,.F.);
#1766=ORIENTED_EDGE('',*,*,#1320,.F.);
#1767=ORIENTED_EDGE('',*,*,#1331,.T.);
#1768=ORIENTED_EDGE('',*,*,#1332,.T.);
#1769=ORIENTED_EDGE('',*,*,#1187,.F.);
#1770=ORIENTED_EDGE('',*,*,#1333,.F.);
#1771=ORIENTED_EDGE('',*,*,#1334,.T.);
#1772=ORIENTED_EDGE('',*,*,#1333,.T.);
#1773=ORIENTED_EDGE('',*,*,#1186,.F.);
#1774=ORIENTED_EDGE('',*,*,#1335,.F.);
#1775=ORIENTED_EDGE('',*,*,#1336,.T.);
#1776=ORIENTED_EDGE('',*,*,#1335,.T.);
#1777=ORIENTED_EDGE('',*,*,#1185,.F.);
#1778=ORIENTED_EDGE('',*,*,#1337,.F.);
#1779=ORIENTED_EDGE('',*,*,#1338,.T.);
#1780=ORIENTED_EDGE('',*,*,#1337,.T.);
#1781=ORIENTED_EDGE('',*,*,#1184,.F.);
#1782=ORIENTED_EDGE('',*,*,#1332,.F.);
#1783=ORIENTED_EDGE('',*,*,#1083,.F.);
#1784=ORIENTED_EDGE('',*,*,#1113,.F.);
#1785=ORIENTED_EDGE('',*,*,#1339,.F.);
#1786=ORIENTED_EDGE('',*,*,#1340,.F.);
#1787=ORIENTED_EDGE('',*,*,#1341,.T.);
#1788=ORIENTED_EDGE('',*,*,#1342,.F.);
#1789=ORIENTED_EDGE('',*,*,#1339,.T.);
#1790=ORIENTED_EDGE('',*,*,#1112,.F.);
#1791=ORIENTED_EDGE('',*,*,#1190,.F.);
#1792=ORIENTED_EDGE('',*,*,#1110,.F.);
#1793=ORIENTED_EDGE('',*,*,#1343,.F.);
#1794=ORIENTED_EDGE('',*,*,#1344,.F.);
#1795=ORIENTED_EDGE('',*,*,#1188,.T.);
#1796=ORIENTED_EDGE('',*,*,#1107,.F.);
#1797=ORIENTED_EDGE('',*,*,#1345,.F.);
#1798=ORIENTED_EDGE('',*,*,#1346,.T.);
#1799=ORIENTED_EDGE('',*,*,#1343,.T.);
#1800=ORIENTED_EDGE('',*,*,#1104,.F.);
#1801=ORIENTED_EDGE('',*,*,#1347,.F.);
#1802=ORIENTED_EDGE('',*,*,#1348,.F.);
#1803=ORIENTED_EDGE('',*,*,#1345,.T.);
#1804=ORIENTED_EDGE('',*,*,#1101,.F.);
#1805=ORIENTED_EDGE('',*,*,#1349,.F.);
#1806=ORIENTED_EDGE('',*,*,#1350,.T.);
#1807=ORIENTED_EDGE('',*,*,#1347,.T.);
#1808=ORIENTED_EDGE('',*,*,#1098,.F.);
#1809=ORIENTED_EDGE('',*,*,#1351,.F.);
#1810=ORIENTED_EDGE('',*,*,#1352,.F.);
#1811=ORIENTED_EDGE('',*,*,#1349,.T.);
#1812=ORIENTED_EDGE('',*,*,#1095,.F.);
#1813=ORIENTED_EDGE('',*,*,#1353,.F.);
#1814=ORIENTED_EDGE('',*,*,#1354,.T.);
#1815=ORIENTED_EDGE('',*,*,#1351,.T.);
#1816=ORIENTED_EDGE('',*,*,#1092,.F.);
#1817=ORIENTED_EDGE('',*,*,#1355,.F.);
#1818=ORIENTED_EDGE('',*,*,#1356,.F.);
#1819=ORIENTED_EDGE('',*,*,#1353,.T.);
#1820=ORIENTED_EDGE('',*,*,#1089,.F.);
#1821=ORIENTED_EDGE('',*,*,#1357,.F.);
#1822=ORIENTED_EDGE('',*,*,#1358,.T.);
#1823=ORIENTED_EDGE('',*,*,#1355,.T.);
#1824=ORIENTED_EDGE('',*,*,#1084,.F.);
#1825=ORIENTED_EDGE('',*,*,#1341,.F.);
#1826=ORIENTED_EDGE('',*,*,#1359,.F.);
#1827=ORIENTED_EDGE('',*,*,#1357,.T.);
#1828=ORIENTED_EDGE('',*,*,#1359,.T.);
#1829=ORIENTED_EDGE('',*,*,#1340,.T.);
#1830=ORIENTED_EDGE('',*,*,#1342,.T.);
#1831=ORIENTED_EDGE('',*,*,#1189,.T.);
#1832=ORIENTED_EDGE('',*,*,#1344,.T.);
#1833=ORIENTED_EDGE('',*,*,#1346,.F.);
#1834=ORIENTED_EDGE('',*,*,#1348,.T.);
#1835=ORIENTED_EDGE('',*,*,#1350,.F.);
#1836=ORIENTED_EDGE('',*,*,#1352,.T.);
#1837=ORIENTED_EDGE('',*,*,#1354,.F.);
#1838=ORIENTED_EDGE('',*,*,#1356,.T.);
#1839=ORIENTED_EDGE('',*,*,#1358,.F.);
#1840=ORIENTED_EDGE('',*,*,#1338,.F.);
#1841=ORIENTED_EDGE('',*,*,#1331,.F.);
#1842=ORIENTED_EDGE('',*,*,#1334,.F.);
#1843=ORIENTED_EDGE('',*,*,#1336,.F.);
#1844=ORIENTED_EDGE('',*,*,#1330,.F.);
#1845=ORIENTED_EDGE('',*,*,#1319,.F.);
#1846=ORIENTED_EDGE('',*,*,#1322,.F.);
#1847=ORIENTED_EDGE('',*,*,#1324,.F.);
#1848=ORIENTED_EDGE('',*,*,#1326,.F.);
#1849=ORIENTED_EDGE('',*,*,#1328,.F.);
#1850=ORIENTED_EDGE('',*,*,#1318,.F.);
#1851=ORIENTED_EDGE('',*,*,#1311,.F.);
#1852=ORIENTED_EDGE('',*,*,#1314,.F.);
#1853=ORIENTED_EDGE('',*,*,#1316,.F.);
#1854=ORIENTED_EDGE('',*,*,#1309,.F.);
#1855=ORIENTED_EDGE('',*,*,#1308,.F.);
#1856=ORIENTED_EDGE('',*,*,#1301,.F.);
#1857=ORIENTED_EDGE('',*,*,#1304,.F.);
#1858=ORIENTED_EDGE('',*,*,#1306,.F.);
#1859=ORIENTED_EDGE('',*,*,#1300,.F.);
#1860=ORIENTED_EDGE('',*,*,#1293,.F.);
#1861=ORIENTED_EDGE('',*,*,#1296,.F.);
#1862=ORIENTED_EDGE('',*,*,#1298,.F.);
#1863=ORIENTED_EDGE('',*,*,#1292,.F.);
#1864=ORIENTED_EDGE('',*,*,#1285,.F.);
#1865=ORIENTED_EDGE('',*,*,#1288,.F.);
#1866=ORIENTED_EDGE('',*,*,#1290,.F.);
#1867=ORIENTED_EDGE('',*,*,#1284,.F.);
#1868=ORIENTED_EDGE('',*,*,#1277,.F.);
#1869=ORIENTED_EDGE('',*,*,#1280,.F.);
#1870=ORIENTED_EDGE('',*,*,#1282,.F.);
#1871=ORIENTED_EDGE('',*,*,#1275,.F.);
#1872=ORIENTED_EDGE('',*,*,#1273,.F.);
#1873=ORIENTED_EDGE('',*,*,#1272,.F.);
#1874=ORIENTED_EDGE('',*,*,#1265,.F.);
#1875=ORIENTED_EDGE('',*,*,#1268,.F.);
#1876=ORIENTED_EDGE('',*,*,#1270,.F.);
#1877=ORIENTED_EDGE('',*,*,#1264,.F.);
#1878=ORIENTED_EDGE('',*,*,#1257,.F.);
#1879=ORIENTED_EDGE('',*,*,#1260,.F.);
#1880=ORIENTED_EDGE('',*,*,#1262,.F.);
#1881=ORIENTED_EDGE('',*,*,#1256,.F.);
#1882=ORIENTED_EDGE('',*,*,#1249,.F.);
#1883=ORIENTED_EDGE('',*,*,#1252,.F.);
#1884=ORIENTED_EDGE('',*,*,#1254,.F.);
#1885=ORIENTED_EDGE('',*,*,#1248,.F.);
#1886=ORIENTED_EDGE('',*,*,#1241,.F.);
#1887=ORIENTED_EDGE('',*,*,#1244,.F.);
#1888=ORIENTED_EDGE('',*,*,#1246,.F.);
#1889=ORIENTED_EDGE('',*,*,#1240,.F.);
#1890=ORIENTED_EDGE('',*,*,#1233,.F.);
#1891=ORIENTED_EDGE('',*,*,#1236,.F.);
#1892=ORIENTED_EDGE('',*,*,#1238,.F.);
#1893=ORIENTED_EDGE('',*,*,#1232,.F.);
#1894=ORIENTED_EDGE('',*,*,#1225,.F.);
#1895=ORIENTED_EDGE('',*,*,#1228,.F.);
#1896=ORIENTED_EDGE('',*,*,#1230,.F.);
#1897=ORIENTED_EDGE('',*,*,#1224,.F.);
#1898=ORIENTED_EDGE('',*,*,#1217,.F.);
#1899=ORIENTED_EDGE('',*,*,#1220,.F.);
#1900=ORIENTED_EDGE('',*,*,#1222,.F.);
#1901=ORIENTED_EDGE('',*,*,#1215,.F.);
#1902=ORIENTED_EDGE('',*,*,#1214,.F.);
#1903=ORIENTED_EDGE('',*,*,#1207,.F.);
#1904=ORIENTED_EDGE('',*,*,#1210,.F.);
#1905=ORIENTED_EDGE('',*,*,#1212,.F.);
#1906=ORIENTED_EDGE('',*,*,#1206,.F.);
#1907=ORIENTED_EDGE('',*,*,#1199,.F.);
#1908=ORIENTED_EDGE('',*,*,#1202,.F.);
#1909=ORIENTED_EDGE('',*,*,#1204,.F.);
#1910=ORIENTED_EDGE('',*,*,#1198,.F.);
#1911=ORIENTED_EDGE('',*,*,#1191,.F.);
#1912=ORIENTED_EDGE('',*,*,#1194,.F.);
#1913=ORIENTED_EDGE('',*,*,#1196,.F.);
#1914=CYLINDRICAL_SURFACE('',#2038,0.7);
#1915=CYLINDRICAL_SURFACE('',#2045,0.7);
#1916=CYLINDRICAL_SURFACE('',#2051,0.7);
#1917=CYLINDRICAL_SURFACE('',#2057,0.7);
#1918=CYLINDRICAL_SURFACE('',#2063,0.7);
#1919=CYLINDRICAL_SURFACE('',#2083,1.7);
#1920=CYLINDRICAL_SURFACE('',#2113,1.7);
#1921=CYLINDRICAL_SURFACE('',#2115,1.7);
#1922=CYLINDRICAL_SURFACE('',#2133,1.7);
#1923=CYLINDRICAL_SURFACE('',#2152,5.00000000325492);
#1924=CYLINDRICAL_SURFACE('',#2155,5.00000000000002);
#1925=CYLINDRICAL_SURFACE('',#2158,5.00000000000002);
#1926=CYLINDRICAL_SURFACE('',#2161,4.99999999999999);
#1927=ADVANCED_FACE('',(#141),#1914,.T.);
#1928=ADVANCED_FACE('',(#142),#137,.T.);
#1929=ADVANCED_FACE('',(#143),#1915,.T.);
#1930=ADVANCED_FACE('',(#144),#138,.T.);
#1931=ADVANCED_FACE('',(#145),#1916,.T.);
#1932=ADVANCED_FACE('',(#146),#139,.T.);
#1933=ADVANCED_FACE('',(#147),#1917,.T.);
#1934=ADVANCED_FACE('',(#148),#140,.T.);
#1935=ADVANCED_FACE('',(#149),#1918,.T.);
#1936=ADVANCED_FACE('',(#150,#15,#16,#17,#18,#19,#20,#21,#22,#23,#24,#25,
#26,#27,#28,#29,#30,#31,#32,#33,#34,#35),#57,.T.);
#1937=ADVANCED_FACE('',(#151),#58,.T.);
#1938=ADVANCED_FACE('',(#152),#59,.T.);
#1939=ADVANCED_FACE('',(#153),#60,.T.);
#1940=ADVANCED_FACE('',(#154),#61,.T.);
#1941=ADVANCED_FACE('',(#155),#62,.T.);
#1942=ADVANCED_FACE('',(#156),#63,.T.);
#1943=ADVANCED_FACE('',(#157),#64,.T.);
#1944=ADVANCED_FACE('',(#158),#65,.T.);
#1945=ADVANCED_FACE('',(#159),#66,.T.);
#1946=ADVANCED_FACE('',(#160),#67,.T.);
#1947=ADVANCED_FACE('',(#161),#68,.T.);
#1948=ADVANCED_FACE('',(#162),#69,.T.);
#1949=ADVANCED_FACE('',(#163),#70,.T.);
#1950=ADVANCED_FACE('',(#164),#1919,.F.);
#1951=ADVANCED_FACE('',(#165),#71,.T.);
#1952=ADVANCED_FACE('',(#166),#72,.T.);
#1953=ADVANCED_FACE('',(#167),#73,.T.);
#1954=ADVANCED_FACE('',(#168),#74,.T.);
#1955=ADVANCED_FACE('',(#169),#75,.T.);
#1956=ADVANCED_FACE('',(#170),#76,.T.);
#1957=ADVANCED_FACE('',(#171),#77,.T.);
#1958=ADVANCED_FACE('',(#172),#78,.T.);
#1959=ADVANCED_FACE('',(#173),#79,.T.);
#1960=ADVANCED_FACE('',(#174),#80,.T.);
#1961=ADVANCED_FACE('',(#175),#81,.T.);
#1962=ADVANCED_FACE('',(#176),#82,.T.);
#1963=ADVANCED_FACE('',(#177),#83,.T.);
#1964=ADVANCED_FACE('',(#178),#84,.T.);
#1965=ADVANCED_FACE('',(#179),#85,.T.);
#1966=ADVANCED_FACE('',(#180),#86,.T.);
#1967=ADVANCED_FACE('',(#181),#87,.T.);
#1968=ADVANCED_FACE('',(#182),#88,.T.);
#1969=ADVANCED_FACE('',(#183),#89,.T.);
#1970=ADVANCED_FACE('',(#184),#90,.T.);
#1971=ADVANCED_FACE('',(#185),#91,.T.);
#1972=ADVANCED_FACE('',(#186),#92,.T.);
#1973=ADVANCED_FACE('',(#187),#93,.T.);
#1974=ADVANCED_FACE('',(#188),#94,.T.);
#1975=ADVANCED_FACE('',(#189),#95,.T.);
#1976=ADVANCED_FACE('',(#190),#96,.T.);
#1977=ADVANCED_FACE('',(#191),#97,.T.);
#1978=ADVANCED_FACE('',(#192),#98,.T.);
#1979=ADVANCED_FACE('',(#193),#1920,.F.);
#1980=ADVANCED_FACE('',(#194),#1921,.F.);
#1981=ADVANCED_FACE('',(#195),#99,.T.);
#1982=ADVANCED_FACE('',(#196),#100,.T.);
#1983=ADVANCED_FACE('',(#197),#101,.T.);
#1984=ADVANCED_FACE('',(#198),#102,.T.);
#1985=ADVANCED_FACE('',(#199),#103,.T.);
#1986=ADVANCED_FACE('',(#200),#104,.T.);
#1987=ADVANCED_FACE('',(#201),#105,.T.);
#1988=ADVANCED_FACE('',(#202),#106,.T.);
#1989=ADVANCED_FACE('',(#203),#107,.T.);
#1990=ADVANCED_FACE('',(#204),#108,.T.);
#1991=ADVANCED_FACE('',(#205),#109,.T.);
#1992=ADVANCED_FACE('',(#206),#110,.T.);
#1993=ADVANCED_FACE('',(#207),#111,.T.);
#1994=ADVANCED_FACE('',(#208),#112,.T.);
#1995=ADVANCED_FACE('',(#209),#113,.T.);
#1996=ADVANCED_FACE('',(#210),#114,.T.);
#1997=ADVANCED_FACE('',(#211),#1922,.F.);
#1998=ADVANCED_FACE('',(#212),#115,.T.);
#1999=ADVANCED_FACE('',(#213),#116,.T.);
#2000=ADVANCED_FACE('',(#214),#117,.T.);
#2001=ADVANCED_FACE('',(#215),#118,.T.);
#2002=ADVANCED_FACE('',(#216),#119,.T.);
#2003=ADVANCED_FACE('',(#217),#120,.T.);
#2004=ADVANCED_FACE('',(#218),#121,.T.);
#2005=ADVANCED_FACE('',(#219),#122,.T.);
#2006=ADVANCED_FACE('',(#220),#123,.T.);
#2007=ADVANCED_FACE('',(#221),#124,.T.);
#2008=ADVANCED_FACE('',(#222),#125,.T.);
#2009=ADVANCED_FACE('',(#223),#126,.T.);
#2010=ADVANCED_FACE('',(#224),#127,.T.);
#2011=ADVANCED_FACE('',(#225),#128,.T.);
#2012=ADVANCED_FACE('',(#226),#129,.T.);
#2013=ADVANCED_FACE('',(#227),#130,.T.);
#2014=ADVANCED_FACE('',(#228),#131,.T.);
#2015=ADVANCED_FACE('',(#229),#1923,.T.);
#2016=ADVANCED_FACE('',(#230),#132,.T.);
#2017=ADVANCED_FACE('',(#231),#1924,.T.);
#2018=ADVANCED_FACE('',(#232),#133,.T.);
#2019=ADVANCED_FACE('',(#233),#1925,.T.);
#2020=ADVANCED_FACE('',(#234),#134,.T.);
#2021=ADVANCED_FACE('',(#235),#1926,.T.);
#2022=ADVANCED_FACE('',(#236),#135,.T.);
#2023=ADVANCED_FACE('',(#237,#36,#37,#38,#39,#40,#41,#42,#43,#44,#45,#46,
#47,#48,#49,#50,#51,#52,#53,#54,#55,#56),#136,.F.);
#2024=CLOSED_SHELL('',(#1927,#1928,#1929,#1930,#1931,#1932,#1933,#1934,
#1935,#1936,#1937,#1938,#1939,#1940,#1941,#1942,#1943,#1944,#1945,#1946,
#1947,#1948,#1949,#1950,#1951,#1952,#1953,#1954,#1955,#1956,#1957,#1958,
#1959,#1960,#1961,#1962,#1963,#1964,#1965,#1966,#1967,#1968,#1969,#1970,
#1971,#1972,#1973,#1974,#1975,#1976,#1977,#1978,#1979,#1980,#1981,#1982,
#1983,#1984,#1985,#1986,#1987,#1988,#1989,#1990,#1991,#1992,#1993,#1994,
#1995,#1996,#1997,#1998,#1999,#2000,#2001,#2002,#2003,#2004,#2005,#2006,
#2007,#2008,#2009,#2010,#2011,#2012,#2013,#2014,#2015,#2016,#2017,#2018,
#2019,#2020,#2021,#2022,#2023));
#2025=DERIVED_UNIT_ELEMENT(#2027,1.);
#2026=DERIVED_UNIT_ELEMENT(#3230,-3.);
#2027=(
MASS_UNIT()
NAMED_UNIT(*)
SI_UNIT(.KILO.,.GRAM.)
);
#2028=DERIVED_UNIT((#2025,#2026));
#2029=MEASURE_REPRESENTATION_ITEM('density measure',
POSITIVE_RATIO_MEASURE(7850.),#2028);
#2030=PROPERTY_DEFINITION_REPRESENTATION(#2035,#2032);
#2031=PROPERTY_DEFINITION_REPRESENTATION(#2036,#2033);
#2032=REPRESENTATION('material name',(#2034),#3227);
#2033=REPRESENTATION('density',(#2029),#3227);
#2034=DESCRIPTIVE_REPRESENTATION_ITEM('Steel','Steel');
#2035=PROPERTY_DEFINITION('material property','material name',#3237);
#2036=PROPERTY_DEFINITION('material property','density of part',#3237);
#2037=AXIS2_PLACEMENT_3D('',#2668,#2165,#2166);
#2038=AXIS2_PLACEMENT_3D('',#2669,#2167,#2168);
#2039=AXIS2_PLACEMENT_3D('',#2672,#2169,#2170);
#2040=AXIS2_PLACEMENT_3D('',#2676,#2172,#2173);
#2041=AXIS2_PLACEMENT_3D('',#2678,#2175,#2176);
#2042=AXIS2_PLACEMENT_3D('',#2681,#2177,#2178);
#2043=AXIS2_PLACEMENT_3D('',#2682,#2179,#2180);
#2044=AXIS2_PLACEMENT_3D('',#2683,#2181,#2182);
#2045=AXIS2_PLACEMENT_3D('',#2684,#2183,#2184);
#2046=AXIS2_PLACEMENT_3D('',#2687,#2185,#2186);
#2047=AXIS2_PLACEMENT_3D('',#2690,#2189,#2190);
#2048=AXIS2_PLACEMENT_3D('',#2693,#2191,#2192);
#2049=AXIS2_PLACEMENT_3D('',#2694,#2193,#2194);
#2050=AXIS2_PLACEMENT_3D('',#2695,#2195,#2196);
#2051=AXIS2_PLACEMENT_3D('',#2696,#2197,#2198);
#2052=AXIS2_PLACEMENT_3D('',#2699,#2199,#2200);
#2053=AXIS2_PLACEMENT_3D('',#2702,#2203,#2204);
#2054=AXIS2_PLACEMENT_3D('',#2705,#2205,#2206);
#2055=AXIS2_PLACEMENT_3D('',#2706,#2207,#2208);
#2056=AXIS2_PLACEMENT_3D('',#2707,#2209,#2210);
#2057=AXIS2_PLACEMENT_3D('',#2708,#2211,#2212);
#2058=AXIS2_PLACEMENT_3D('',#2711,#2213,#2214);
#2059=AXIS2_PLACEMENT_3D('',#2714,#2217,#2218);
#2060=AXIS2_PLACEMENT_3D('',#2717,#2219,#2220);
#2061=AXIS2_PLACEMENT_3D('',#2718,#2221,#2222);
#2062=AXIS2_PLACEMENT_3D('',#2719,#2223,#2224);
#2063=AXIS2_PLACEMENT_3D('',#2720,#2225,#2226);
#2064=AXIS2_PLACEMENT_3D('',#2723,#2227,#2228);
#2065=AXIS2_PLACEMENT_3D('',#2726,#2231,#2232);
#2066=AXIS2_PLACEMENT_3D('',#2757,#2248,#2249);
#2067=AXIS2_PLACEMENT_3D('',#2815,#2278,#2279);
#2068=AXIS2_PLACEMENT_3D('',#2817,#2280,#2281);
#2069=AXIS2_PLACEMENT_3D('',#2851,#2298,#2299);
#2070=AXIS2_PLACEMENT_3D('',#2880,#2314,#2315);
#2071=AXIS2_PLACEMENT_3D('',#2886,#2319,#2320);
#2072=AXIS2_PLACEMENT_3D('',#2892,#2324,#2325);
#2073=AXIS2_PLACEMENT_3D('',#2896,#2328,#2329);
#2074=AXIS2_PLACEMENT_3D('',#2900,#2332,#2333);
#2075=AXIS2_PLACEMENT_3D('',#2902,#2335,#2336);
#2076=AXIS2_PLACEMENT_3D('',#2908,#2340,#2341);
#2077=AXIS2_PLACEMENT_3D('',#2912,#2344,#2345);
#2078=AXIS2_PLACEMENT_3D('',#2916,#2348,#2349);
#2079=AXIS2_PLACEMENT_3D('',#2918,#2351,#2352);
#2080=AXIS2_PLACEMENT_3D('',#2924,#2356,#2357);
#2081=AXIS2_PLACEMENT_3D('',#2928,#2360,#2361);
#2082=AXIS2_PLACEMENT_3D('',#2932,#2364,#2365);
#2083=AXIS2_PLACEMENT_3D('',#2934,#2367,#2368);
#2084=AXIS2_PLACEMENT_3D('',#2936,#2369,#2370);
#2085=AXIS2_PLACEMENT_3D('',#2938,#2372,#2373);
#2086=AXIS2_PLACEMENT_3D('',#2944,#2377,#2378);
#2087=AXIS2_PLACEMENT_3D('',#2948,#2381,#2382);
#2088=AXIS2_PLACEMENT_3D('',#2952,#2385,#2386);
#2089=AXIS2_PLACEMENT_3D('',#2954,#2388,#2389);
#2090=AXIS2_PLACEMENT_3D('',#2960,#2393,#2394);
#2091=AXIS2_PLACEMENT_3D('',#2964,#2397,#2398);
#2092=AXIS2_PLACEMENT_3D('',#2968,#2401,#2402);
#2093=AXIS2_PLACEMENT_3D('',#2970,#2404,#2405);
#2094=AXIS2_PLACEMENT_3D('',#2976,#2409,#2410);
#2095=AXIS2_PLACEMENT_3D('',#2980,#2413,#2414);
#2096=AXIS2_PLACEMENT_3D('',#2984,#2417,#2418);
#2097=AXIS2_PLACEMENT_3D('',#2986,#2420,#2421);
#2098=AXIS2_PLACEMENT_3D('',#2992,#2425,#2426);
#2099=AXIS2_PLACEMENT_3D('',#2996,#2429,#2430);
#2100=AXIS2_PLACEMENT_3D('',#3000,#2433,#2434);
#2101=AXIS2_PLACEMENT_3D('',#3002,#2436,#2437);
#2102=AXIS2_PLACEMENT_3D('',#3008,#2441,#2442);
#2103=AXIS2_PLACEMENT_3D('',#3012,#2445,#2446);
#2104=AXIS2_PLACEMENT_3D('',#3016,#2449,#2450);
#2105=AXIS2_PLACEMENT_3D('',#3018,#2452,#2453);
#2106=AXIS2_PLACEMENT_3D('',#3024,#2457,#2458);
#2107=AXIS2_PLACEMENT_3D('',#3028,#2461,#2462);
#2108=AXIS2_PLACEMENT_3D('',#3032,#2465,#2466);
#2109=AXIS2_PLACEMENT_3D('',#3034,#2468,#2469);
#2110=AXIS2_PLACEMENT_3D('',#3040,#2473,#2474);
#2111=AXIS2_PLACEMENT_3D('',#3044,#2477,#2478);
#2112=AXIS2_PLACEMENT_3D('',#3048,#2481,#2482);
#2113=AXIS2_PLACEMENT_3D('',#3050,#2484,#2485);
#2114=AXIS2_PLACEMENT_3D('',#3052,#2486,#2487);
#2115=AXIS2_PLACEMENT_3D('',#3054,#2489,#2490);
#2116=AXIS2_PLACEMENT_3D('',#3056,#2491,#2492);
#2117=AXIS2_PLACEMENT_3D('',#3058,#2494,#2495);
#2118=AXIS2_PLACEMENT_3D('',#3064,#2499,#2500);
#2119=AXIS2_PLACEMENT_3D('',#3068,#2503,#2504);
#2120=AXIS2_PLACEMENT_3D('',#3072,#2507,#2508);
#2121=AXIS2_PLACEMENT_3D('',#3074,#2510,#2511);
#2122=AXIS2_PLACEMENT_3D('',#3080,#2515,#2516);
#2123=AXIS2_PLACEMENT_3D('',#3084,#2519,#2520);
#2124=AXIS2_PLACEMENT_3D('',#3088,#2523,#2524);
#2125=AXIS2_PLACEMENT_3D('',#3090,#2526,#2527);
#2126=AXIS2_PLACEMENT_3D('',#3096,#2531,#2532);
#2127=AXIS2_PLACEMENT_3D('',#3100,#2535,#2536);
#2128=AXIS2_PLACEMENT_3D('',#3104,#2539,#2540);
#2129=AXIS2_PLACEMENT_3D('',#3106,#2542,#2543);
#2130=AXIS2_PLACEMENT_3D('',#3112,#2547,#2548);
#2131=AXIS2_PLACEMENT_3D('',#3116,#2551,#2552);
#2132=AXIS2_PLACEMENT_3D('',#3120,#2555,#2556);
#2133=AXIS2_PLACEMENT_3D('',#3122,#2558,#2559);
#2134=AXIS2_PLACEMENT_3D('',#3124,#2560,#2561);
#2135=AXIS2_PLACEMENT_3D('',#3126,#2563,#2564);
#2136=AXIS2_PLACEMENT_3D('',#3132,#2568,#2569);
#2137=AXIS2_PLACEMENT_3D('',#3136,#2572,#2573);
#2138=AXIS2_PLACEMENT_3D('',#3140,#2576,#2577);
#2139=AXIS2_PLACEMENT_3D('',#3142,#2579,#2580);
#2140=AXIS2_PLACEMENT_3D('',#3148,#2584,#2585);
#2141=AXIS2_PLACEMENT_3D('',#3152,#2588,#2589);
#2142=AXIS2_PLACEMENT_3D('',#3156,#2592,#2593);
#2143=AXIS2_PLACEMENT_3D('',#3160,#2596,#2597);
#2144=AXIS2_PLACEMENT_3D('',#3164,#2600,#2601);
#2145=AXIS2_PLACEMENT_3D('',#3166,#2603,#2604);
#2146=AXIS2_PLACEMENT_3D('',#3172,#2608,#2609);
#2147=AXIS2_PLACEMENT_3D('',#3176,#2612,#2613);
#2148=AXIS2_PLACEMENT_3D('',#3180,#2616,#2617);
#2149=AXIS2_PLACEMENT_3D('',#3182,#2619,#2620);
#2150=AXIS2_PLACEMENT_3D('',#3188,#2624,#2625);
#2151=AXIS2_PLACEMENT_3D('',#3190,#2627,#2628);
#2152=AXIS2_PLACEMENT_3D('',#3194,#2631,#2632);
#2153=AXIS2_PLACEMENT_3D('',#3197,#2634,#2635);
#2154=AXIS2_PLACEMENT_3D('',#3198,#2636,#2637);
#2155=AXIS2_PLACEMENT_3D('',#3202,#2640,#2641);
#2156=AXIS2_PLACEMENT_3D('',#3205,#2643,#2644);
#2157=AXIS2_PLACEMENT_3D('',#3206,#2645,#2646);
#2158=AXIS2_PLACEMENT_3D('',#3210,#2649,#2650);
#2159=AXIS2_PLACEMENT_3D('',#3213,#2652,#2653);
#2160=AXIS2_PLACEMENT_3D('',#3214,#2654,#2655);
#2161=AXIS2_PLACEMENT_3D('',#3218,#2658,#2659);
#2162=AXIS2_PLACEMENT_3D('',#3221,#2661,#2662);
#2163=AXIS2_PLACEMENT_3D('',#3222,#2663,#2664);
#2164=AXIS2_PLACEMENT_3D('',#3224,#2666,#2667);
#2165=DIRECTION('axis',(0.,0.,1.));
#2166=DIRECTION('refdir',(1.,0.,0.));
#2167=DIRECTION('center_axis',(-1.,0.,0.));
#2168=DIRECTION('ref_axis',(0.,0.707106781186547,0.707106781186548));
#2169=DIRECTION('center_axis',(-1.,0.,0.));
#2170=DIRECTION('ref_axis',(0.,0.707106781186547,0.707106781186548));
#2171=DIRECTION('',(-1.,0.,0.));
#2172=DIRECTION('center_axis',(1.,3.17206578464331E-15,0.));
#2173=DIRECTION('ref_axis',(-3.17206578464331E-15,1.,0.));
#2174=DIRECTION('',(1.,0.,0.));
#2175=DIRECTION('center_axis',(0.,0.,1.));
#2176=DIRECTION('ref_axis',(1.,0.,0.));
#2177=DIRECTION('center_axis',(0.,1.,0.));
#2178=DIRECTION('ref_axis',(-1.,0.,0.));
#2179=DIRECTION('center_axis',(0.,0.,-1.));
#2180=DIRECTION('ref_axis',(-0.707106781186548,0.707106781186548,0.));
#2181=DIRECTION('center_axis',(0.,0.,1.));
#2182=DIRECTION('ref_axis',(-0.707106781186547,0.707106781186547,0.));
#2183=DIRECTION('center_axis',(-6.0834138335625E-17,-1.,0.));
#2184=DIRECTION('ref_axis',(-0.707106781186549,4.3016231744761E-17,0.707106781186546));
#2185=DIRECTION('center_axis',(0.,1.,0.));
#2186=DIRECTION('ref_axis',(-1.,0.,0.));
#2187=DIRECTION('',(6.0834138335625E-17,1.,0.));
#2188=DIRECTION('',(-6.0834138335625E-17,-1.,0.));
#2189=DIRECTION('center_axis',(0.,0.,1.));
#2190=DIRECTION('ref_axis',(1.,0.,0.));
#2191=DIRECTION('center_axis',(-1.,7.93016446160823E-16,0.));
#2192=DIRECTION('ref_axis',(-7.93016446160823E-16,-1.,0.));
#2193=DIRECTION('center_axis',(0.,0.,-1.));
#2194=DIRECTION('ref_axis',(-0.707106781186546,-0.70710678118655,0.));
#2195=DIRECTION('center_axis',(0.,0.,1.));
#2196=DIRECTION('ref_axis',(-0.707106781186546,-0.70710678118655,0.));
#2197=DIRECTION('center_axis',(1.,0.,0.));
#2198=DIRECTION('ref_axis',(0.,-0.707106781186549,0.707106781186546));
#2199=DIRECTION('center_axis',(-1.,0.,0.));
#2200=DIRECTION('ref_axis',(0.,-1.,0.));
#2201=DIRECTION('',(-1.,0.,0.));
#2202=DIRECTION('',(1.,0.,0.));
#2203=DIRECTION('center_axis',(0.,0.,1.));
#2204=DIRECTION('ref_axis',(1.,0.,0.));
#2205=DIRECTION('center_axis',(0.,-1.,0.));
#2206=DIRECTION('ref_axis',(1.,0.,0.));
#2207=DIRECTION('center_axis',(0.,0.,-1.));
#2208=DIRECTION('ref_axis',(0.707106781186547,-0.707106781186547,0.));
#2209=DIRECTION('center_axis',(0.,0.,1.));
#2210=DIRECTION('ref_axis',(0.707106781186548,-0.707106781186548,0.));
#2211=DIRECTION('center_axis',(0.,1.,0.));
#2212=DIRECTION('ref_axis',(0.707106781186549,0.,0.707106781186546));
#2213=DIRECTION('center_axis',(-1.58603289232165E-15,-1.,0.));
#2214=DIRECTION('ref_axis',(1.,-1.58603289232165E-15,0.));
#2215=DIRECTION('',(0.,-1.,0.));
#2216=DIRECTION('',(0.,1.,0.));
#2217=DIRECTION('center_axis',(0.,0.,1.));
#2218=DIRECTION('ref_axis',(1.,0.,0.));
#2219=DIRECTION('center_axis',(1.,-2.53765263361452E-14,0.));
#2220=DIRECTION('ref_axis',(2.53765263361452E-14,1.,0.));
#2221=DIRECTION('center_axis',(0.,0.,-1.));
#2222=DIRECTION('ref_axis',(0.707094023914735,0.707119538228203,0.));
#2223=DIRECTION('center_axis',(0.,0.,1.));
#2224=DIRECTION('ref_axis',(0.707094023914735,0.707119538228204,0.));
#2225=DIRECTION('center_axis',(-1.,0.,0.));
#2226=DIRECTION('ref_axis',(0.,0.707106781186547,0.707106781186548));
#2227=DIRECTION('center_axis',(1.,0.,0.));
#2228=DIRECTION('ref_axis',(0.,0.707106781186547,0.707106781186548));
#2229=DIRECTION('',(1.,0.,0.));
#2230=DIRECTION('',(-1.,0.,0.));
#2231=DIRECTION('center_axis',(0.,0.,1.));
#2232=DIRECTION('ref_axis',(1.,0.,0.));
#2233=DIRECTION('',(0.,-1.,0.));
#2234=DIRECTION('',(-1.,0.,0.));
#2235=DIRECTION('',(0.,1.,0.));
#2236=DIRECTION('',(0.,1.,0.));
#2237=DIRECTION('',(1.,0.,0.));
#2238=DIRECTION('',(0.,-1.,0.));
#2239=DIRECTION('',(-1.,0.,0.));
#2240=DIRECTION('',(0.00611950063941603,0.999981275680662,0.));
#2241=DIRECTION('',(1.,0.,0.));
#2242=DIRECTION('',(0.,-1.,0.));
#2243=DIRECTION('',(-1.,0.,0.));
#2244=DIRECTION('',(-1.,0.,0.));
#2245=DIRECTION('',(0.,1.,0.));
#2246=DIRECTION('',(1.,0.,0.));
#2247=DIRECTION('',(0.,-1.,0.));
#2248=DIRECTION('center_axis',(0.,0.,-1.));
#2249=DIRECTION('ref_axis',(1.,0.,0.));
#2250=DIRECTION('',(0.,-1.,0.));
#2251=DIRECTION('',(-1.,0.,0.));
#2252=DIRECTION('',(0.,1.,0.));
#2253=DIRECTION('',(1.,0.,0.));
#2254=DIRECTION('',(0.,1.,0.));
#2255=DIRECTION('',(1.,0.,0.));
#2256=DIRECTION('',(0.,-1.,0.));
#2257=DIRECTION('',(-1.,0.,0.));
#2258=DIRECTION('',(0.,1.,0.));
#2259=DIRECTION('',(1.,0.,0.));
#2260=DIRECTION('',(0.,-1.,0.));
#2261=DIRECTION('',(-1.,0.,0.));
#2262=DIRECTION('',(0.,-1.,0.));
#2263=DIRECTION('',(-1.,0.,0.));
#2264=DIRECTION('',(0.,1.,0.));
#2265=DIRECTION('',(1.,0.,0.));
#2266=DIRECTION('',(0.,-1.,0.));
#2267=DIRECTION('',(-1.,0.,0.));
#2268=DIRECTION('',(0.,1.,0.));
#2269=DIRECTION('',(1.,0.,0.));
#2270=DIRECTION('',(1.,0.,0.));
#2271=DIRECTION('',(0.,-1.,0.));
#2272=DIRECTION('',(-1.,0.,0.));
#2273=DIRECTION('',(0.,1.,0.));
#2274=DIRECTION('',(1.,0.,0.));
#2275=DIRECTION('',(0.,-1.,0.));
#2276=DIRECTION('',(-1.,0.,0.));
#2277=DIRECTION('',(0.,1.,0.));
#2278=DIRECTION('center_axis',(0.,0.,-1.));
#2279=DIRECTION('ref_axis',(1.,0.,0.));
#2280=DIRECTION('center_axis',(0.,0.,-1.));
#2281=DIRECTION('ref_axis',(1.,0.,0.));
#2282=DIRECTION('',(0.,1.,0.));
#2283=DIRECTION('',(1.,0.,0.));
#2284=DIRECTION('',(0.,-1.,0.));
#2285=DIRECTION('',(-1.,0.,0.));
#2286=DIRECTION('',(0.,1.,0.));
#2287=DIRECTION('',(1.,0.,0.));
#2288=DIRECTION('',(0.,-1.,0.));
#2289=DIRECTION('',(-1.,0.,0.));
#2290=DIRECTION('',(1.,0.,0.));
#2291=DIRECTION('',(0.,-1.,0.));
#2292=DIRECTION('',(-1.,0.,0.));
#2293=DIRECTION('',(0.,1.,0.));
#2294=DIRECTION('',(0.,-1.,0.));
#2295=DIRECTION('',(-1.,0.,0.));
#2296=DIRECTION('',(0.,1.,0.));
#2297=DIRECTION('',(1.,0.,0.));
#2298=DIRECTION('center_axis',(0.,0.,-1.));
#2299=DIRECTION('ref_axis',(1.,0.,0.));
#2300=DIRECTION('',(-1.,0.,0.));
#2301=DIRECTION('',(0.,1.,0.));
#2302=DIRECTION('',(1.,0.,0.));
#2303=DIRECTION('',(0.,-1.,0.));
#2304=DIRECTION('',(0.,-1.,0.));
#2305=DIRECTION('',(-1.11758711451859E-7,-0.999999999999994,0.));
#2306=DIRECTION('',(-1.,0.,0.));
#2307=DIRECTION('',(0.,1.,0.));
#2308=DIRECTION('',(1.,0.,0.));
#2309=DIRECTION('',(2.2351741457704E-7,-0.999999999999975,0.));
#2310=DIRECTION('',(0.,1.,0.));
#2311=DIRECTION('',(1.,0.,0.));
#2312=DIRECTION('',(0.,-1.,0.));
#2313=DIRECTION('',(-1.,0.,0.));
#2314=DIRECTION('center_axis',(-1.,0.,0.));
#2315=DIRECTION('ref_axis',(0.,-1.,0.));
#2316=DIRECTION('',(0.,0.,1.));
#2317=DIRECTION('',(0.,1.,0.));
#2318=DIRECTION('',(0.,0.,1.));
#2319=DIRECTION('center_axis',(0.,1.,0.));
#2320=DIRECTION('ref_axis',(-1.,0.,0.));
#2321=DIRECTION('',(-1.,0.,0.));
#2322=DIRECTION('',(0.,0.,1.));
#2323=DIRECTION('',(0.,0.,1.));
#2324=DIRECTION('center_axis',(-1.,0.,0.));
#2325=DIRECTION('ref_axis',(0.,-1.,0.));
#2326=DIRECTION('',(0.,-1.,0.));
#2327=DIRECTION('',(0.,0.,1.));
#2328=DIRECTION('center_axis',(0.,-1.,0.));
#2329=DIRECTION('ref_axis',(1.,0.,0.));
#2330=DIRECTION('',(1.,0.,0.));
#2331=DIRECTION('',(0.,0.,1.));
#2332=DIRECTION('center_axis',(1.,0.,0.));
#2333=DIRECTION('ref_axis',(0.,1.,0.));
#2334=DIRECTION('',(0.,1.,0.));
#2335=DIRECTION('center_axis',(0.,1.,0.));
#2336=DIRECTION('ref_axis',(-1.,0.,0.));
#2337=DIRECTION('',(-1.,0.,0.));
#2338=DIRECTION('',(0.,0.,1.));
#2339=DIRECTION('',(0.,0.,1.));
#2340=DIRECTION('center_axis',(-1.,0.,0.));
#2341=DIRECTION('ref_axis',(0.,-1.,0.));
#2342=DIRECTION('',(0.,-1.,0.));
#2343=DIRECTION('',(0.,0.,1.));
#2344=DIRECTION('center_axis',(0.,-1.,0.));
#2345=DIRECTION('ref_axis',(1.,0.,0.));
#2346=DIRECTION('',(1.,0.,0.));
#2347=DIRECTION('',(0.,0.,1.));
#2348=DIRECTION('center_axis',(0.999981275680662,-0.00611950063941604,0.));
#2349=DIRECTION('ref_axis',(0.00611950063941604,0.999981275680662,0.));
#2350=DIRECTION('',(0.00611950063941603,0.999981275680662,0.));
#2351=DIRECTION('center_axis',(-1.,0.,0.));
#2352=DIRECTION('ref_axis',(0.,-1.,0.));
#2353=DIRECTION('',(0.,-1.,0.));
#2354=DIRECTION('',(0.,0.,1.));
#2355=DIRECTION('',(0.,0.,1.));
#2356=DIRECTION('center_axis',(0.,-1.,0.));
#2357=DIRECTION('ref_axis',(1.,0.,0.));
#2358=DIRECTION('',(1.,0.,0.));
#2359=DIRECTION('',(0.,0.,1.));
#2360=DIRECTION('center_axis',(1.,0.,0.));
#2361=DIRECTION('ref_axis',(0.,1.,0.));
#2362=DIRECTION('',(0.,1.,0.));
#2363=DIRECTION('',(0.,0.,1.));
#2364=DIRECTION('center_axis',(0.,1.,0.));
#2365=DIRECTION('ref_axis',(-1.,0.,0.));
#2366=DIRECTION('',(-1.,0.,0.));
#2367=DIRECTION('center_axis',(0.,0.,1.));
#2368=DIRECTION('ref_axis',(1.,0.,0.));
#2369=DIRECTION('center_axis',(0.,0.,-1.));
#2370=DIRECTION('ref_axis',(1.,0.,0.));
#2371=DIRECTION('',(0.,0.,1.));
#2372=DIRECTION('center_axis',(0.,-1.,0.));
#2373=DIRECTION('ref_axis',(1.,0.,0.));
#2374=DIRECTION('',(1.,0.,0.));
#2375=DIRECTION('',(0.,0.,1.));
#2376=DIRECTION('',(0.,0.,1.));
#2377=DIRECTION('center_axis',(1.,0.,0.));
#2378=DIRECTION('ref_axis',(0.,1.,0.));
#2379=DIRECTION('',(0.,1.,0.));
#2380=DIRECTION('',(0.,0.,1.));
#2381=DIRECTION('center_axis',(0.,1.,0.));
#2382=DIRECTION('ref_axis',(-1.,0.,0.));
#2383=DIRECTION('',(-1.,0.,0.));
#2384=DIRECTION('',(0.,0.,1.));
#2385=DIRECTION('center_axis',(-1.,0.,0.));
#2386=DIRECTION('ref_axis',(0.,-1.,0.));
#2387=DIRECTION('',(0.,-1.,0.));
#2388=DIRECTION('center_axis',(0.,1.,0.));
#2389=DIRECTION('ref_axis',(-1.,0.,0.));
#2390=DIRECTION('',(-1.,0.,0.));
#2391=DIRECTION('',(0.,0.,1.));
#2392=DIRECTION('',(0.,0.,1.));
#2393=DIRECTION('center_axis',(-1.,0.,0.));
#2394=DIRECTION('ref_axis',(0.,-1.,0.));
#2395=DIRECTION('',(0.,-1.,0.));
#2396=DIRECTION('',(0.,0.,1.));
#2397=DIRECTION('center_axis',(0.,-1.,0.));
#2398=DIRECTION('ref_axis',(1.,0.,0.));
#2399=DIRECTION('',(1.,0.,0.));
#2400=DIRECTION('',(0.,0.,1.));
#2401=DIRECTION('center_axis',(1.,0.,0.));
#2402=DIRECTION('ref_axis',(0.,1.,0.));
#2403=DIRECTION('',(0.,1.,0.));
#2404=DIRECTION('center_axis',(0.,1.,0.));
#2405=DIRECTION('ref_axis',(-1.,0.,0.));
#2406=DIRECTION('',(-1.,0.,0.));
#2407=DIRECTION('',(0.,0.,1.));
#2408=DIRECTION('',(0.,0.,1.));
#2409=DIRECTION('center_axis',(-1.,0.,0.));
#2410=DIRECTION('ref_axis',(0.,-1.,0.));
#2411=DIRECTION('',(0.,-1.,0.));
#2412=DIRECTION('',(0.,0.,1.));
#2413=DIRECTION('center_axis',(0.,-1.,0.));
#2414=DIRECTION('ref_axis',(1.,0.,0.));
#2415=DIRECTION('',(1.,0.,0.));
#2416=DIRECTION('',(0.,0.,1.));
#2417=DIRECTION('center_axis',(1.,0.,0.));
#2418=DIRECTION('ref_axis',(0.,1.,0.));
#2419=DIRECTION('',(0.,1.,0.));
#2420=DIRECTION('center_axis',(0.,-1.,0.));
#2421=DIRECTION('ref_axis',(1.,0.,0.));
#2422=DIRECTION('',(1.,0.,0.));
#2423=DIRECTION('',(0.,0.,1.));
#2424=DIRECTION('',(0.,0.,1.));
#2425=DIRECTION('center_axis',(1.,0.,0.));
#2426=DIRECTION('ref_axis',(0.,1.,0.));
#2427=DIRECTION('',(0.,1.,0.));
#2428=DIRECTION('',(0.,0.,1.));
#2429=DIRECTION('center_axis',(0.,1.,0.));
#2430=DIRECTION('ref_axis',(-1.,0.,0.));
#2431=DIRECTION('',(-1.,0.,0.));
#2432=DIRECTION('',(0.,0.,1.));
#2433=DIRECTION('center_axis',(-1.,0.,0.));
#2434=DIRECTION('ref_axis',(0.,-1.,0.));
#2435=DIRECTION('',(0.,-1.,0.));
#2436=DIRECTION('center_axis',(0.,-1.,0.));
#2437=DIRECTION('ref_axis',(1.,0.,0.));
#2438=DIRECTION('',(1.,0.,0.));
#2439=DIRECTION('',(0.,0.,1.));
#2440=DIRECTION('',(0.,0.,1.));
#2441=DIRECTION('center_axis',(1.,0.,0.));
#2442=DIRECTION('ref_axis',(0.,1.,0.));
#2443=DIRECTION('',(0.,1.,0.));
#2444=DIRECTION('',(0.,0.,1.));
#2445=DIRECTION('center_axis',(0.,1.,0.));
#2446=DIRECTION('ref_axis',(-1.,0.,0.));
#2447=DIRECTION('',(-1.,0.,0.));
#2448=DIRECTION('',(0.,0.,1.));
#2449=DIRECTION('center_axis',(-1.,0.,0.));
#2450=DIRECTION('ref_axis',(0.,-1.,0.));
#2451=DIRECTION('',(0.,-1.,0.));
#2452=DIRECTION('center_axis',(1.,0.,0.));
#2453=DIRECTION('ref_axis',(0.,1.,0.));
#2454=DIRECTION('',(0.,1.,0.));
#2455=DIRECTION('',(0.,0.,1.));
#2456=DIRECTION('',(0.,0.,1.));
#2457=DIRECTION('center_axis',(0.,1.,0.));
#2458=DIRECTION('ref_axis',(-1.,0.,0.));
#2459=DIRECTION('',(-1.,0.,0.));
#2460=DIRECTION('',(0.,0.,1.));
#2461=DIRECTION('center_axis',(-1.,0.,0.));
#2462=DIRECTION('ref_axis',(0.,-1.,0.));
#2463=DIRECTION('',(0.,-1.,0.));
#2464=DIRECTION('',(0.,0.,1.));
#2465=DIRECTION('center_axis',(0.,-1.,0.));
#2466=DIRECTION('ref_axis',(1.,0.,0.));
#2467=DIRECTION('',(1.,0.,0.));
#2468=DIRECTION('center_axis',(1.,0.,0.));
#2469=DIRECTION('ref_axis',(0.,1.,0.));
#2470=DIRECTION('',(0.,1.,0.));
#2471=DIRECTION('',(0.,0.,1.));
#2472=DIRECTION('',(0.,0.,1.));
#2473=DIRECTION('center_axis',(0.,1.,0.));
#2474=DIRECTION('ref_axis',(-1.,0.,0.));
#2475=DIRECTION('',(-1.,0.,0.));
#2476=DIRECTION('',(0.,0.,1.));
#2477=DIRECTION('center_axis',(-1.,0.,0.));
#2478=DIRECTION('ref_axis',(0.,-1.,0.));
#2479=DIRECTION('',(0.,-1.,0.));
#2480=DIRECTION('',(0.,0.,1.));
#2481=DIRECTION('center_axis',(0.,-1.,0.));
#2482=DIRECTION('ref_axis',(1.,0.,0.));
#2483=DIRECTION('',(1.,0.,0.));
#2484=DIRECTION('center_axis',(0.,0.,1.));
#2485=DIRECTION('ref_axis',(1.,0.,0.));
#2486=DIRECTION('center_axis',(0.,0.,-1.));
#2487=DIRECTION('ref_axis',(1.,0.,0.));
#2488=DIRECTION('',(0.,0.,1.));
#2489=DIRECTION('center_axis',(0.,0.,1.));
#2490=DIRECTION('ref_axis',(1.,0.,0.));
#2491=DIRECTION('center_axis',(0.,0.,-1.));
#2492=DIRECTION('ref_axis',(1.,0.,0.));
#2493=DIRECTION('',(0.,0.,1.));
#2494=DIRECTION('center_axis',(0.,1.,0.));
#2495=DIRECTION('ref_axis',(-1.,0.,0.));
#2496=DIRECTION('',(-1.,0.,0.));
#2497=DIRECTION('',(0.,0.,1.));
#2498=DIRECTION('',(0.,0.,1.));
#2499=DIRECTION('center_axis',(-1.,0.,0.));
#2500=DIRECTION('ref_axis',(0.,-1.,0.));
#2501=DIRECTION('',(0.,-1.,0.));
#2502=DIRECTION('',(0.,0.,1.));
#2503=DIRECTION('center_axis',(0.,-1.,0.));
#2504=DIRECTION('ref_axis',(1.,0.,0.));
#2505=DIRECTION('',(1.,0.,0.));
#2506=DIRECTION('',(0.,0.,1.));
#2507=DIRECTION('center_axis',(1.,0.,0.));
#2508=DIRECTION('ref_axis',(0.,1.,0.));
#2509=DIRECTION('',(0.,1.,0.));
#2510=DIRECTION('center_axis',(0.,1.,0.));
#2511=DIRECTION('ref_axis',(-1.,0.,0.));
#2512=DIRECTION('',(-1.,0.,0.));
#2513=DIRECTION('',(0.,0.,1.));
#2514=DIRECTION('',(0.,0.,1.));
#2515=DIRECTION('center_axis',(-1.,0.,0.));
#2516=DIRECTION('ref_axis',(0.,-1.,0.));
#2517=DIRECTION('',(0.,-1.,0.));
#2518=DIRECTION('',(0.,0.,1.));
#2519=DIRECTION('center_axis',(0.,-1.,0.));
#2520=DIRECTION('ref_axis',(1.,0.,0.));
#2521=DIRECTION('',(1.,0.,0.));
#2522=DIRECTION('',(0.,0.,1.));
#2523=DIRECTION('center_axis',(1.,0.,0.));
#2524=DIRECTION('ref_axis',(0.,1.,0.));
#2525=DIRECTION('',(0.,1.,0.));
#2526=DIRECTION('center_axis',(1.,0.,0.));
#2527=DIRECTION('ref_axis',(0.,1.,0.));
#2528=DIRECTION('',(0.,1.,0.));
#2529=DIRECTION('',(0.,0.,1.));
#2530=DIRECTION('',(0.,0.,1.));
#2531=DIRECTION('center_axis',(0.,1.,0.));
#2532=DIRECTION('ref_axis',(-1.,0.,0.));
#2533=DIRECTION('',(-1.,0.,0.));
#2534=DIRECTION('',(0.,0.,1.));
#2535=DIRECTION('center_axis',(-1.,0.,0.));
#2536=DIRECTION('ref_axis',(0.,-1.,0.));
#2537=DIRECTION('',(0.,-1.,0.));
#2538=DIRECTION('',(0.,0.,1.));
#2539=DIRECTION('center_axis',(0.,-1.,0.));
#2540=DIRECTION('ref_axis',(1.,0.,0.));
#2541=DIRECTION('',(1.,0.,0.));
#2542=DIRECTION('center_axis',(0.,-1.,0.));
#2543=DIRECTION('ref_axis',(1.,0.,0.));
#2544=DIRECTION('',(1.,0.,0.));
#2545=DIRECTION('',(0.,0.,1.));
#2546=DIRECTION('',(0.,0.,1.));
#2547=DIRECTION('center_axis',(1.,0.,0.));
#2548=DIRECTION('ref_axis',(0.,1.,0.));
#2549=DIRECTION('',(0.,1.,0.));
#2550=DIRECTION('',(0.,0.,1.));
#2551=DIRECTION('center_axis',(0.,1.,0.));
#2552=DIRECTION('ref_axis',(-1.,0.,0.));
#2553=DIRECTION('',(-1.,0.,0.));
#2554=DIRECTION('',(0.,0.,1.));
#2555=DIRECTION('center_axis',(-1.,0.,0.));
#2556=DIRECTION('ref_axis',(0.,-1.,0.));
#2557=DIRECTION('',(0.,-1.,0.));
#2558=DIRECTION('center_axis',(0.,0.,1.));
#2559=DIRECTION('ref_axis',(1.,0.,0.));
#2560=DIRECTION('center_axis',(0.,0.,-1.));
#2561=DIRECTION('ref_axis',(1.,0.,0.));
#2562=DIRECTION('',(0.,0.,1.));
#2563=DIRECTION('center_axis',(-1.,0.,0.));
#2564=DIRECTION('ref_axis',(0.,-1.,0.));
#2565=DIRECTION('',(0.,-1.,0.));
#2566=DIRECTION('',(0.,0.,1.));
#2567=DIRECTION('',(0.,0.,1.));
#2568=DIRECTION('center_axis',(0.,-1.,0.));
#2569=DIRECTION('ref_axis',(1.,0.,0.));
#2570=DIRECTION('',(1.,0.,0.));
#2571=DIRECTION('',(0.,0.,1.));
#2572=DIRECTION('center_axis',(1.,0.,0.));
#2573=DIRECTION('ref_axis',(0.,1.,0.));
#2574=DIRECTION('',(0.,1.,0.));
#2575=DIRECTION('',(0.,0.,1.));
#2576=DIRECTION('center_axis',(0.,1.,0.));
#2577=DIRECTION('ref_axis',(-1.,0.,0.));
#2578=DIRECTION('',(-1.,0.,0.));
#2579=DIRECTION('center_axis',(-0.999999999999975,-2.2351741457704E-7,0.));
#2580=DIRECTION('ref_axis',(2.2351741457704E-7,-0.999999999999975,0.));
#2581=DIRECTION('',(2.2351741457704E-7,-0.999999999999975,0.));
#2582=DIRECTION('',(0.,0.,1.));
#2583=DIRECTION('',(0.,0.,1.));
#2584=DIRECTION('center_axis',(0.,-1.,0.));
#2585=DIRECTION('ref_axis',(1.,0.,0.));
#2586=DIRECTION('',(1.,0.,0.));
#2587=DIRECTION('',(0.,0.,1.));
#2588=DIRECTION('center_axis',(1.,0.,0.));
#2589=DIRECTION('ref_axis',(0.,1.,0.));
#2590=DIRECTION('',(0.,1.,0.));
#2591=DIRECTION('',(0.,0.,1.));
#2592=DIRECTION('center_axis',(0.,1.,0.));
#2593=DIRECTION('ref_axis',(-1.,0.,0.));
#2594=DIRECTION('',(-1.,0.,0.));
#2595=DIRECTION('',(0.,0.,1.));
#2596=DIRECTION('center_axis',(-0.999999999999994,1.11758711451859E-7,0.));
#2597=DIRECTION('ref_axis',(-1.11758711451859E-7,-0.999999999999994,0.));
#2598=DIRECTION('',(-1.11758711451859E-7,-0.999999999999994,0.));
#2599=DIRECTION('',(0.,0.,1.));
#2600=DIRECTION('center_axis',(-1.,0.,0.));
#2601=DIRECTION('ref_axis',(0.,-1.,0.));
#2602=DIRECTION('',(0.,-1.,0.));
#2603=DIRECTION('center_axis',(0.,1.,0.));
#2604=DIRECTION('ref_axis',(-1.,0.,0.));
#2605=DIRECTION('',(-1.,0.,0.));
#2606=DIRECTION('',(0.,0.,1.));
#2607=DIRECTION('',(0.,0.,1.));
#2608=DIRECTION('center_axis',(-1.,0.,0.));
#2609=DIRECTION('ref_axis',(0.,-1.,0.));
#2610=DIRECTION('',(0.,-1.,0.));
#2611=DIRECTION('',(0.,0.,1.));
#2612=DIRECTION('center_axis',(0.,-1.,0.));
#2613=DIRECTION('ref_axis',(1.,0.,0.));
#2614=DIRECTION('',(1.,0.,0.));
#2615=DIRECTION('',(0.,0.,1.));
#2616=DIRECTION('center_axis',(1.,0.,0.));
#2617=DIRECTION('ref_axis',(0.,1.,0.));
#2618=DIRECTION('',(0.,1.,0.));
#2619=DIRECTION('center_axis',(1.,0.,0.));
#2620=DIRECTION('ref_axis',(0.,1.,0.));
#2621=DIRECTION('',(0.,0.,1.));
#2622=DIRECTION('',(0.,-1.,0.));
#2623=DIRECTION('',(0.,0.,1.));
#2624=DIRECTION('center_axis',(0.,1.,0.));
#2625=DIRECTION('ref_axis',(-1.,0.,0.));
#2626=DIRECTION('',(1.,0.,0.));
#2627=DIRECTION('center_axis',(0.,1.,0.));
#2628=DIRECTION('ref_axis',(-1.,0.,0.));
#2629=DIRECTION('',(0.,0.,1.));
#2630=DIRECTION('',(1.,0.,0.));
#2631=DIRECTION('center_axis',(0.,0.,1.));
#2632=DIRECTION('ref_axis',(0.99999999934902,3.60826881384199E-5,0.));
#2633=DIRECTION('',(0.,0.,1.));
#2634=DIRECTION('center_axis',(0.,0.,1.));
#2635=DIRECTION('ref_axis',(0.99999999934902,3.60826881384199E-5,0.));
#2636=DIRECTION('center_axis',(1.,0.,0.));
#2637=DIRECTION('ref_axis',(0.,1.,0.));
#2638=DIRECTION('',(0.,0.,1.));
#2639=DIRECTION('',(0.,-1.,0.));
#2640=DIRECTION('center_axis',(0.,0.,1.));
#2641=DIRECTION('ref_axis',(3.55271367880049E-15,-1.,0.));
#2642=DIRECTION('',(0.,0.,1.));
#2643=DIRECTION('center_axis',(0.,0.,1.));
#2644=DIRECTION('ref_axis',(3.55271367880049E-15,-1.,0.));
#2645=DIRECTION('center_axis',(0.,-1.,0.));
#2646=DIRECTION('ref_axis',(1.,0.,0.));
#2647=DIRECTION('',(0.,0.,1.));
#2648=DIRECTION('',(-1.,0.,0.));
#2649=DIRECTION('center_axis',(0.,0.,1.));
#2650=DIRECTION('ref_axis',(-1.,-3.55271367880049E-15,0.));
#2651=DIRECTION('',(0.,0.,1.));
#2652=DIRECTION('center_axis',(0.,0.,1.));
#2653=DIRECTION('ref_axis',(-1.,-3.55271367880049E-15,0.));
#2654=DIRECTION('center_axis',(-1.,6.0834138335625E-17,0.));
#2655=DIRECTION('ref_axis',(-6.0834138335625E-17,-1.,0.));
#2656=DIRECTION('',(0.,0.,1.));
#2657=DIRECTION('',(6.0834138335625E-17,1.,0.));
#2658=DIRECTION('center_axis',(0.,0.,1.));
#2659=DIRECTION('ref_axis',(8.88178419700126E-16,1.,0.));
#2660=DIRECTION('',(0.,0.,1.));
#2661=DIRECTION('center_axis',(0.,0.,1.));
#2662=DIRECTION('ref_axis',(8.88178419700126E-16,1.,0.));
#2663=DIRECTION('center_axis',(0.,1.,0.));
#2664=DIRECTION('ref_axis',(-1.,0.,0.));
#2665=DIRECTION('',(1.,0.,0.));
#2666=DIRECTION('center_axis',(0.,0.,1.));
#2667=DIRECTION('ref_axis',(1.,0.,0.));
#2668=CARTESIAN_POINT('',(0.,0.,0.));
#2669=CARTESIAN_POINT('Origin',(53.195,9.3,0.8));
#2670=CARTESIAN_POINT('',(63.39,9.3,1.5));
#2671=CARTESIAN_POINT('',(63.39,10.,0.8));
#2672=CARTESIAN_POINT('Origin',(63.39,9.3,0.8));
#2673=CARTESIAN_POINT('',(-5.,10.,0.8));
#2674=CARTESIAN_POINT('',(53.195,10.,0.8));
#2675=CARTESIAN_POINT('',(-5.,9.3,1.5));
#2676=CARTESIAN_POINT('Origin',(-5.,9.3,0.8));
#2677=CARTESIAN_POINT('',(53.195,9.3,1.5));
#2678=CARTESIAN_POINT('Origin',(-5.00000000000001,5.00000000000001,0.8));
#2679=CARTESIAN_POINT('',(-10.,5.,0.8));
#2680=CARTESIAN_POINT('',(-9.3,5.,1.5));
#2681=CARTESIAN_POINT('Origin',(-9.3,5.,0.8));
#2682=CARTESIAN_POINT('Origin',(-5.00000000000001,5.00000000000001,1.5));
#2683=CARTESIAN_POINT('Origin',(-5.00000000000001,5.00000000000001,0.8));
#2684=CARTESIAN_POINT('Origin',(-9.3,-22.3749999991863,0.8));
#2685=CARTESIAN_POINT('',(-10.,-104.5,0.8));
#2686=CARTESIAN_POINT('',(-9.3,-104.5,1.5));
#2687=CARTESIAN_POINT('Origin',(-9.3,-104.5,0.8));
#2688=CARTESIAN_POINT('',(-9.3,-22.3749999991863,1.5));
#2689=CARTESIAN_POINT('',(-10.,-22.3749999991863,0.8));
#2690=CARTESIAN_POINT('Origin',(-4.99999999999999,-104.5,0.8));
#2691=CARTESIAN_POINT('',(-5.,-109.5,0.8));
#2692=CARTESIAN_POINT('',(-5.,-108.8,1.5));
#2693=CARTESIAN_POINT('Origin',(-5.,-108.8,0.8));
#2694=CARTESIAN_POINT('Origin',(-4.99999999999999,-104.5,1.5));
#2695=CARTESIAN_POINT('Origin',(-4.99999999999999,-104.5,0.8));
#2696=CARTESIAN_POINT('Origin',(19.,-108.8,0.8));
#2697=CARTESIAN_POINT('',(91.,-109.5,0.8));
#2698=CARTESIAN_POINT('',(91.,-108.8,1.5));
#2699=CARTESIAN_POINT('Origin',(91.,-108.8,0.8));
#2700=CARTESIAN_POINT('',(19.,-108.8,1.5));
#2701=CARTESIAN_POINT('',(19.,-109.5,0.8));
#2702=CARTESIAN_POINT('Origin',(91.,-104.5,0.8));
#2703=CARTESIAN_POINT('',(96.,-104.5,0.8));
#2704=CARTESIAN_POINT('',(95.3,-104.5,1.5));
#2705=CARTESIAN_POINT('Origin',(95.3,-104.5,0.8));
#2706=CARTESIAN_POINT('Origin',(91.,-104.5,1.5));
#2707=CARTESIAN_POINT('Origin',(91.,-104.5,0.8));
#2708=CARTESIAN_POINT('Origin',(95.3,-77.1249999991863,0.8));
#2709=CARTESIAN_POINT('',(96.,5.0001804134408,0.8));
#2710=CARTESIAN_POINT('',(95.3,5.0001804134408,1.5));
#2711=CARTESIAN_POINT('Origin',(95.3,5.0001804134408,0.8));
#2712=CARTESIAN_POINT('',(95.3,-77.1249999991863,1.5));
#2713=CARTESIAN_POINT('',(96.,-77.1249999991863,0.8));
#2714=CARTESIAN_POINT('Origin',(91.,4.99999999999999,0.8));
#2715=CARTESIAN_POINT('',(91.,10.0000000016275,0.8));
#2716=CARTESIAN_POINT('',(91.,9.30000000180828,1.49999999945752));
#2717=CARTESIAN_POINT('Origin',(91.,9.30000000325491,0.8));
#2718=CARTESIAN_POINT('Origin',(91.,4.99999999999999,1.5));
#2719=CARTESIAN_POINT('Origin',(91.,4.99999999999999,0.8));
#2720=CARTESIAN_POINT('Origin',(67.,9.3,0.8));
#2721=CARTESIAN_POINT('',(81.89,10.,0.8));
#2722=CARTESIAN_POINT('',(81.89,9.3,1.5));
#2723=CARTESIAN_POINT('Origin',(81.89,9.3,0.8));
#2724=CARTESIAN_POINT('',(67.,9.3,1.5));
#2725=CARTESIAN_POINT('',(67.,10.,0.8));
#2726=CARTESIAN_POINT('Origin',(43.,-49.7499999983726,1.5));
#2727=CARTESIAN_POINT('',(81.89,-21.,1.5));
#2728=CARTESIAN_POINT('',(81.89,0.,1.5));
#2729=CARTESIAN_POINT('',(63.39,-21.,1.5));
#2730=CARTESIAN_POINT('',(63.39,-21.,1.5));
#2731=CARTESIAN_POINT('',(63.39,10.,1.5));
#2732=CARTESIAN_POINT('',(45.465,-77.15,1.5));
#2733=CARTESIAN_POINT('',(45.465,-63.18,1.5));
#2734=CARTESIAN_POINT('',(45.465,-63.18,1.5));
#2735=CARTESIAN_POINT('',(59.435,-63.18,1.5));
#2736=CARTESIAN_POINT('',(45.465,-63.18,1.5));
#2737=CARTESIAN_POINT('',(59.435,-77.15,1.5));
#2738=CARTESIAN_POINT('',(59.435,-63.18,1.5));
#2739=CARTESIAN_POINT('',(59.435,-77.15,1.5));
#2740=CARTESIAN_POINT('',(7.365,-77.15,1.5));
#2741=CARTESIAN_POINT('',(7.45049102469389,-63.18,1.5));
#2742=CARTESIAN_POINT('',(7.45049102469389,-63.18,1.5));
#2743=CARTESIAN_POINT('',(21.335,-63.18,1.5));
#2744=CARTESIAN_POINT('',(7.365,-63.18,1.5));
#2745=CARTESIAN_POINT('',(21.335,-77.15,1.5));
#2746=CARTESIAN_POINT('',(21.335,-63.18,1.5));
#2747=CARTESIAN_POINT('',(21.335,-77.15,1.5));
#2748=CARTESIAN_POINT('',(59.435,-58.1,1.5));
#2749=CARTESIAN_POINT('',(45.465,-58.1,1.5));
#2750=CARTESIAN_POINT('',(59.435,-58.1,1.5));
#2751=CARTESIAN_POINT('',(45.465,-44.13,1.5));
#2752=CARTESIAN_POINT('',(45.465,-58.1,1.5));
#2753=CARTESIAN_POINT('',(59.435,-44.13,1.5));
#2754=CARTESIAN_POINT('',(45.465,-44.13,1.5));
#2755=CARTESIAN_POINT('',(59.435,-44.13,1.5));
#2756=CARTESIAN_POINT('',(89.3,5.,1.5));
#2757=CARTESIAN_POINT('Origin',(91.,5.,1.5));
#2758=CARTESIAN_POINT('',(40.385,-44.13,1.5));
#2759=CARTESIAN_POINT('',(40.385,-58.1,1.5));
#2760=CARTESIAN_POINT('',(40.385,-44.13,1.5));
#2761=CARTESIAN_POINT('',(26.415,-58.1,1.5));
#2762=CARTESIAN_POINT('',(40.385,-58.1,1.5));
#2763=CARTESIAN_POINT('',(26.415,-44.13,1.5));
#2764=CARTESIAN_POINT('',(26.415,-58.1,1.5));
#2765=CARTESIAN_POINT('',(26.415,-44.13,1.5));
#2766=CARTESIAN_POINT('',(64.515,-58.1,1.5));
#2767=CARTESIAN_POINT('',(64.515,-44.13,1.5));
#2768=CARTESIAN_POINT('',(64.515,-58.1,1.5));
#2769=CARTESIAN_POINT('',(78.485,-44.13,1.5));
#2770=CARTESIAN_POINT('',(64.515,-44.13,1.5));
#2771=CARTESIAN_POINT('',(78.485,-58.1,1.5));
#2772=CARTESIAN_POINT('',(78.485,-44.13,1.5));
#2773=CARTESIAN_POINT('',(78.485,-58.1,1.5));
#2774=CARTESIAN_POINT('',(64.515,-77.15,1.5));
#2775=CARTESIAN_POINT('',(64.515,-63.18,1.5));
#2776=CARTESIAN_POINT('',(64.515,-63.18,1.5));
#2777=CARTESIAN_POINT('',(78.485,-63.18,1.5));
#2778=CARTESIAN_POINT('',(64.515,-63.18,1.5));
#2779=CARTESIAN_POINT('',(78.485,-77.15,1.5));
#2780=CARTESIAN_POINT('',(78.485,-77.15,1.5));
#2781=CARTESIAN_POINT('',(64.515,-77.15,1.5));
#2782=CARTESIAN_POINT('',(21.335,-44.13,1.5));
#2783=CARTESIAN_POINT('',(21.335,-58.1,1.5));
#2784=CARTESIAN_POINT('',(21.335,-58.1,1.5));
#2785=CARTESIAN_POINT('',(7.365,-58.1,1.5));
#2786=CARTESIAN_POINT('',(7.365,-58.1,1.5));
#2787=CARTESIAN_POINT('',(7.365,-44.13,1.5));
#2788=CARTESIAN_POINT('',(7.365,-44.13,1.5));
#2789=CARTESIAN_POINT('',(21.335,-44.13,1.5));
#2790=CARTESIAN_POINT('',(21.335,-25.08,1.5));
#2791=CARTESIAN_POINT('',(21.335,-39.05,1.5));
#2792=CARTESIAN_POINT('',(21.335,-25.08,1.5));
#2793=CARTESIAN_POINT('',(7.365,-39.05,1.5));
#2794=CARTESIAN_POINT('',(21.335,-39.05,1.5));
#2795=CARTESIAN_POINT('',(7.365,-25.08,1.5));
#2796=CARTESIAN_POINT('',(7.365,-39.05,1.5));
#2797=CARTESIAN_POINT('',(7.365,-25.08,1.5));
#2798=CARTESIAN_POINT('',(7.365,-82.23,1.5));
#2799=CARTESIAN_POINT('',(21.335,-82.23,1.5));
#2800=CARTESIAN_POINT('',(21.335,-82.23,1.5));
#2801=CARTESIAN_POINT('',(21.335,-96.2,1.5));
#2802=CARTESIAN_POINT('',(21.335,-82.23,1.5));
#2803=CARTESIAN_POINT('',(7.365,-96.2,1.5));
#2804=CARTESIAN_POINT('',(7.365,-96.2,1.5));
#2805=CARTESIAN_POINT('',(7.365,-82.23,1.5));
#2806=CARTESIAN_POINT('',(64.515,-82.23,1.5));
#2807=CARTESIAN_POINT('',(78.485,-82.23,1.5));
#2808=CARTESIAN_POINT('',(78.485,-82.23,1.5));
#2809=CARTESIAN_POINT('',(78.485,-96.2,1.5));
#2810=CARTESIAN_POINT('',(78.485,-82.23,1.5));
#2811=CARTESIAN_POINT('',(64.515,-96.2,1.5));
#2812=CARTESIAN_POINT('',(64.515,-96.2,1.5));
#2813=CARTESIAN_POINT('',(64.515,-82.23,1.5));
#2814=CARTESIAN_POINT('',(-6.70000007450581,5.00000007450581,1.5));
#2815=CARTESIAN_POINT('Origin',(-5.00000007450581,5.00000007450581,1.5));
#2816=CARTESIAN_POINT('',(89.3,-104.5,1.5));
#2817=CARTESIAN_POINT('Origin',(91.,-104.5,1.5));
#2818=CARTESIAN_POINT('',(64.515,-39.05,1.5));
#2819=CARTESIAN_POINT('',(64.515,-25.08,1.5));
#2820=CARTESIAN_POINT('',(64.515,-25.08,1.5));
#2821=CARTESIAN_POINT('',(78.485,-25.08,1.5));
#2822=CARTESIAN_POINT('',(78.485,-25.08,1.5));
#2823=CARTESIAN_POINT('',(78.485,-39.05,1.5));
#2824=CARTESIAN_POINT('',(78.485,-39.05,1.5));
#2825=CARTESIAN_POINT('',(64.515,-39.05,1.5));
#2826=CARTESIAN_POINT('',(26.415,-39.05,1.5));
#2827=CARTESIAN_POINT('',(26.415,-25.08,1.5));
#2828=CARTESIAN_POINT('',(26.415,-25.08,1.5));
#2829=CARTESIAN_POINT('',(40.385,-25.08,1.5));
#2830=CARTESIAN_POINT('',(40.385,-25.08,1.5));
#2831=CARTESIAN_POINT('',(40.385,-39.05,1.5));
#2832=CARTESIAN_POINT('',(40.385,-39.05,1.5));
#2833=CARTESIAN_POINT('',(26.415,-39.05,1.5));
#2834=CARTESIAN_POINT('',(26.415,-82.23,1.5));
#2835=CARTESIAN_POINT('',(40.385,-82.23,1.5));
#2836=CARTESIAN_POINT('',(40.385,-82.23,1.5));
#2837=CARTESIAN_POINT('',(40.385,-96.2,1.5));
#2838=CARTESIAN_POINT('',(40.385,-82.23,1.5));
#2839=CARTESIAN_POINT('',(26.415,-96.2,1.5));
#2840=CARTESIAN_POINT('',(26.415,-96.2,1.5));
#2841=CARTESIAN_POINT('',(26.415,-82.23,1.5));
#2842=CARTESIAN_POINT('',(40.385,-63.18,1.5));
#2843=CARTESIAN_POINT('',(40.385,-77.15,1.5));
#2844=CARTESIAN_POINT('',(40.385,-63.18,1.5));
#2845=CARTESIAN_POINT('',(26.415,-77.15,1.5));
#2846=CARTESIAN_POINT('',(40.385,-77.15,1.5));
#2847=CARTESIAN_POINT('',(26.415,-63.18,1.5));
#2848=CARTESIAN_POINT('',(26.415,-77.15,1.5));
#2849=CARTESIAN_POINT('',(26.415,-63.18,1.5));
#2850=CARTESIAN_POINT('',(-6.70000000000001,-104.5,1.5));
#2851=CARTESIAN_POINT('Origin',(-5.,-104.5,1.5));
#2852=CARTESIAN_POINT('',(59.435,-39.05,1.5));
#2853=CARTESIAN_POINT('',(45.465,-39.05,1.5));
#2854=CARTESIAN_POINT('',(59.435,-39.05,1.5));
#2855=CARTESIAN_POINT('',(45.465,-25.08,1.5));
#2856=CARTESIAN_POINT('',(45.465,-39.05,1.5));
#2857=CARTESIAN_POINT('',(59.435,-25.08,1.5));
#2858=CARTESIAN_POINT('',(45.465,-25.08,1.5));
#2859=CARTESIAN_POINT('',(59.435,-25.08,1.5));
#2860=CARTESIAN_POINT('',(60.0000008940697,-4.00000005960464,1.5));
#2861=CARTESIAN_POINT('',(60.0000008940697,-12.0000001788139,1.5));
#2862=CARTESIAN_POINT('',(60.0000008940697,-4.00000005960464,1.5));
#2863=CARTESIAN_POINT('',(60.,-20.,1.5));
#2864=CARTESIAN_POINT('',(60.0000008940697,-12.0000001788139,1.5));
#2865=CARTESIAN_POINT('',(0.,-20.,1.5));
#2866=CARTESIAN_POINT('',(60.,-20.,1.5));
#2867=CARTESIAN_POINT('',(0.,0.,1.5));
#2868=CARTESIAN_POINT('',(0.,-20.,1.5));
#2869=CARTESIAN_POINT('',(60.,0.,1.5));
#2870=CARTESIAN_POINT('',(0.,0.,1.5));
#2871=CARTESIAN_POINT('',(60.,0.,1.5));
#2872=CARTESIAN_POINT('',(45.465,-96.2,1.5));
#2873=CARTESIAN_POINT('',(45.465,-82.23,1.5));
#2874=CARTESIAN_POINT('',(45.465,-82.23,1.5));
#2875=CARTESIAN_POINT('',(59.435,-82.23,1.5));
#2876=CARTESIAN_POINT('',(45.465,-82.23,1.5));
#2877=CARTESIAN_POINT('',(59.435,-96.2,1.5));
#2878=CARTESIAN_POINT('',(59.435,-82.23,1.5));
#2879=CARTESIAN_POINT('',(45.465,-96.2,1.5));
#2880=CARTESIAN_POINT('Origin',(81.89,10.,0.));
#2881=CARTESIAN_POINT('',(81.89,10.,0.));
#2882=CARTESIAN_POINT('',(81.89,10.,0.));
#2883=CARTESIAN_POINT('',(81.89,-21.,0.));
#2884=CARTESIAN_POINT('',(81.89,0.,0.));
#2885=CARTESIAN_POINT('',(81.89,-21.,0.));
#2886=CARTESIAN_POINT('Origin',(59.435,-77.15,0.));
#2887=CARTESIAN_POINT('',(59.435,-77.15,0.));
#2888=CARTESIAN_POINT('',(45.465,-77.15,0.));
#2889=CARTESIAN_POINT('',(59.435,-77.15,0.));
#2890=CARTESIAN_POINT('',(45.465,-77.15,0.));
#2891=CARTESIAN_POINT('',(59.435,-77.15,0.));
#2892=CARTESIAN_POINT('Origin',(59.435,-63.18,0.));
#2893=CARTESIAN_POINT('',(59.435,-63.18,0.));
#2894=CARTESIAN_POINT('',(59.435,-63.18,0.));
#2895=CARTESIAN_POINT('',(59.435,-63.18,0.));
#2896=CARTESIAN_POINT('Origin',(45.465,-63.18,0.));
#2897=CARTESIAN_POINT('',(45.465,-63.18,0.));
#2898=CARTESIAN_POINT('',(45.465,-63.18,0.));
#2899=CARTESIAN_POINT('',(45.465,-63.18,0.));
#2900=CARTESIAN_POINT('Origin',(45.465,-77.15,0.));
#2901=CARTESIAN_POINT('',(45.465,-63.18,0.));
#2902=CARTESIAN_POINT('Origin',(21.335,-77.15,0.));
#2903=CARTESIAN_POINT('',(21.335,-77.15,0.));
#2904=CARTESIAN_POINT('',(7.365,-77.15,0.));
#2905=CARTESIAN_POINT('',(21.335,-77.15,0.));
#2906=CARTESIAN_POINT('',(7.365,-77.15,0.));
#2907=CARTESIAN_POINT('',(21.335,-77.15,0.));
#2908=CARTESIAN_POINT('Origin',(21.335,-63.18,0.));
#2909=CARTESIAN_POINT('',(21.335,-63.18,0.));
#2910=CARTESIAN_POINT('',(21.335,-63.18,0.));
#2911=CARTESIAN_POINT('',(21.335,-63.18,0.));
#2912=CARTESIAN_POINT('Origin',(7.45049102469389,-63.18,0.));
#2913=CARTESIAN_POINT('',(7.45049102469389,-63.18,0.));
#2914=CARTESIAN_POINT('',(7.365,-63.18,0.));
#2915=CARTESIAN_POINT('',(7.45049102469389,-63.18,0.));
#2916=CARTESIAN_POINT('Origin',(7.365,-77.15,0.));
#2917=CARTESIAN_POINT('',(7.45049102469389,-63.18,0.));
#2918=CARTESIAN_POINT('Origin',(59.435,-44.13,0.));
#2919=CARTESIAN_POINT('',(59.435,-44.13,0.));
#2920=CARTESIAN_POINT('',(59.435,-58.1,0.));
#2921=CARTESIAN_POINT('',(59.435,-44.13,0.));
#2922=CARTESIAN_POINT('',(59.435,-58.1,0.));
#2923=CARTESIAN_POINT('',(59.435,-44.13,0.));
#2924=CARTESIAN_POINT('Origin',(45.465,-44.13,0.));
#2925=CARTESIAN_POINT('',(45.465,-44.13,0.));
#2926=CARTESIAN_POINT('',(45.465,-44.13,0.));
#2927=CARTESIAN_POINT('',(45.465,-44.13,0.));
#2928=CARTESIAN_POINT('Origin',(45.465,-58.1,0.));
#2929=CARTESIAN_POINT('',(45.465,-58.1,0.));
#2930=CARTESIAN_POINT('',(45.465,-58.1,0.));
#2931=CARTESIAN_POINT('',(45.465,-58.1,0.));
#2932=CARTESIAN_POINT('Origin',(59.435,-58.1,0.));
#2933=CARTESIAN_POINT('',(59.435,-58.1,0.));
#2934=CARTESIAN_POINT('Origin',(91.,5.,0.));
#2935=CARTESIAN_POINT('',(89.3,5.,0.));
#2936=CARTESIAN_POINT('Origin',(91.,5.,0.));
#2937=CARTESIAN_POINT('',(89.3,5.,0.));
#2938=CARTESIAN_POINT('Origin',(26.415,-44.13,0.));
#2939=CARTESIAN_POINT('',(26.415,-44.13,0.));
#2940=CARTESIAN_POINT('',(40.385,-44.13,0.));
#2941=CARTESIAN_POINT('',(26.415,-44.13,0.));
#2942=CARTESIAN_POINT('',(40.385,-44.13,0.));
#2943=CARTESIAN_POINT('',(26.415,-44.13,0.));
#2944=CARTESIAN_POINT('Origin',(26.415,-58.1,0.));
#2945=CARTESIAN_POINT('',(26.415,-58.1,0.));
#2946=CARTESIAN_POINT('',(26.415,-58.1,0.));
#2947=CARTESIAN_POINT('',(26.415,-58.1,0.));
#2948=CARTESIAN_POINT('Origin',(40.385,-58.1,0.));
#2949=CARTESIAN_POINT('',(40.385,-58.1,0.));
#2950=CARTESIAN_POINT('',(40.385,-58.1,0.));
#2951=CARTESIAN_POINT('',(40.385,-58.1,0.));
#2952=CARTESIAN_POINT('Origin',(40.385,-44.13,0.));
#2953=CARTESIAN_POINT('',(40.385,-44.13,0.));
#2954=CARTESIAN_POINT('Origin',(78.485,-58.1,0.));
#2955=CARTESIAN_POINT('',(78.485,-58.1,0.));
#2956=CARTESIAN_POINT('',(64.515,-58.1,0.));
#2957=CARTESIAN_POINT('',(78.485,-58.1,0.));
#2958=CARTESIAN_POINT('',(64.515,-58.1,0.));
#2959=CARTESIAN_POINT('',(78.485,-58.1,0.));
#2960=CARTESIAN_POINT('Origin',(78.485,-44.13,0.));
#2961=CARTESIAN_POINT('',(78.485,-44.13,0.));
#2962=CARTESIAN_POINT('',(78.485,-44.13,0.));
#2963=CARTESIAN_POINT('',(78.485,-44.13,0.));
#2964=CARTESIAN_POINT('Origin',(64.515,-44.13,0.));
#2965=CARTESIAN_POINT('',(64.515,-44.13,0.));
#2966=CARTESIAN_POINT('',(64.515,-44.13,0.));
#2967=CARTESIAN_POINT('',(64.515,-44.13,0.));
#2968=CARTESIAN_POINT('Origin',(64.515,-58.1,0.));
#2969=CARTESIAN_POINT('',(64.515,-58.1,0.));
#2970=CARTESIAN_POINT('Origin',(78.485,-77.15,0.));
#2971=CARTESIAN_POINT('',(78.485,-77.15,0.));
#2972=CARTESIAN_POINT('',(64.515,-77.15,0.));
#2973=CARTESIAN_POINT('',(64.515,-77.15,0.));
#2974=CARTESIAN_POINT('',(64.515,-77.15,0.));
#2975=CARTESIAN_POINT('',(78.485,-77.15,0.));
#2976=CARTESIAN_POINT('Origin',(78.485,-63.18,0.));
#2977=CARTESIAN_POINT('',(78.485,-63.18,0.));
#2978=CARTESIAN_POINT('',(78.485,-77.15,0.));
#2979=CARTESIAN_POINT('',(78.485,-63.18,0.));
#2980=CARTESIAN_POINT('Origin',(64.515,-63.18,0.));
#2981=CARTESIAN_POINT('',(64.515,-63.18,0.));
#2982=CARTESIAN_POINT('',(64.515,-63.18,0.));
#2983=CARTESIAN_POINT('',(64.515,-63.18,0.));
#2984=CARTESIAN_POINT('Origin',(64.515,-77.15,0.));
#2985=CARTESIAN_POINT('',(64.515,-63.18,0.));
#2986=CARTESIAN_POINT('Origin',(7.365,-44.13,0.));
#2987=CARTESIAN_POINT('',(7.365,-44.13,0.));
#2988=CARTESIAN_POINT('',(21.335,-44.13,0.));
#2989=CARTESIAN_POINT('',(21.335,-44.13,0.));
#2990=CARTESIAN_POINT('',(21.335,-44.13,0.));
#2991=CARTESIAN_POINT('',(7.365,-44.13,0.));
#2992=CARTESIAN_POINT('Origin',(7.365,-58.1,0.));
#2993=CARTESIAN_POINT('',(7.365,-58.1,0.));
#2994=CARTESIAN_POINT('',(7.365,-44.13,0.));
#2995=CARTESIAN_POINT('',(7.365,-58.1,0.));
#2996=CARTESIAN_POINT('Origin',(21.335,-58.1,0.));
#2997=CARTESIAN_POINT('',(21.335,-58.1,0.));
#2998=CARTESIAN_POINT('',(7.365,-58.1,0.));
#2999=CARTESIAN_POINT('',(21.335,-58.1,0.));
#3000=CARTESIAN_POINT('Origin',(21.335,-44.13,0.));
#3001=CARTESIAN_POINT('',(21.335,-58.1,0.));
#3002=CARTESIAN_POINT('Origin',(7.365,-25.08,0.));
#3003=CARTESIAN_POINT('',(7.365,-25.08,0.));
#3004=CARTESIAN_POINT('',(21.335,-25.08,0.));
#3005=CARTESIAN_POINT('',(7.365,-25.08,0.));
#3006=CARTESIAN_POINT('',(21.335,-25.08,0.));
#3007=CARTESIAN_POINT('',(7.365,-25.08,0.));
#3008=CARTESIAN_POINT('Origin',(7.365,-39.05,0.));
#3009=CARTESIAN_POINT('',(7.365,-39.05,0.));
#3010=CARTESIAN_POINT('',(7.365,-39.05,0.));
#3011=CARTESIAN_POINT('',(7.365,-39.05,0.));
#3012=CARTESIAN_POINT('Origin',(21.335,-39.05,0.));
#3013=CARTESIAN_POINT('',(21.335,-39.05,0.));
#3014=CARTESIAN_POINT('',(21.335,-39.05,0.));
#3015=CARTESIAN_POINT('',(21.335,-39.05,0.));
#3016=CARTESIAN_POINT('Origin',(21.335,-25.08,0.));
#3017=CARTESIAN_POINT('',(21.335,-25.08,0.));
#3018=CARTESIAN_POINT('Origin',(7.365,-96.2,0.));
#3019=CARTESIAN_POINT('',(7.365,-96.2,0.));
#3020=CARTESIAN_POINT('',(7.365,-82.23,0.));
#3021=CARTESIAN_POINT('',(7.365,-82.23,0.));
#3022=CARTESIAN_POINT('',(7.365,-82.23,0.));
#3023=CARTESIAN_POINT('',(7.365,-96.2,0.));
#3024=CARTESIAN_POINT('Origin',(21.335,-96.2,0.));
#3025=CARTESIAN_POINT('',(21.335,-96.2,0.));
#3026=CARTESIAN_POINT('',(7.365,-96.2,0.));
#3027=CARTESIAN_POINT('',(21.335,-96.2,0.));
#3028=CARTESIAN_POINT('Origin',(21.335,-82.23,0.));
#3029=CARTESIAN_POINT('',(21.335,-82.23,0.));
#3030=CARTESIAN_POINT('',(21.335,-82.23,0.));
#3031=CARTESIAN_POINT('',(21.335,-82.23,0.));
#3032=CARTESIAN_POINT('Origin',(7.365,-82.23,0.));
#3033=CARTESIAN_POINT('',(21.335,-82.23,0.));
#3034=CARTESIAN_POINT('Origin',(64.515,-96.2,0.));
#3035=CARTESIAN_POINT('',(64.515,-96.2,0.));
#3036=CARTESIAN_POINT('',(64.515,-82.23,0.));
#3037=CARTESIAN_POINT('',(64.515,-82.23,0.));
#3038=CARTESIAN_POINT('',(64.515,-82.23,0.));
#3039=CARTESIAN_POINT('',(64.515,-96.2,0.));
#3040=CARTESIAN_POINT('Origin',(78.485,-96.2,0.));
#3041=CARTESIAN_POINT('',(78.485,-96.2,0.));
#3042=CARTESIAN_POINT('',(64.515,-96.2,0.));
#3043=CARTESIAN_POINT('',(78.485,-96.2,0.));
#3044=CARTESIAN_POINT('Origin',(78.485,-82.23,0.));
#3045=CARTESIAN_POINT('',(78.485,-82.23,0.));
#3046=CARTESIAN_POINT('',(78.485,-82.23,0.));
#3047=CARTESIAN_POINT('',(78.485,-82.23,0.));
#3048=CARTESIAN_POINT('Origin',(64.515,-82.23,0.));
#3049=CARTESIAN_POINT('',(78.485,-82.23,0.));
#3050=CARTESIAN_POINT('Origin',(-5.00000007450581,5.00000007450581,0.));
#3051=CARTESIAN_POINT('',(-6.70000007450581,5.00000007450581,0.));
#3052=CARTESIAN_POINT('Origin',(-5.00000007450581,5.00000007450581,0.));
#3053=CARTESIAN_POINT('',(-6.70000007450581,5.00000007450581,0.));
#3054=CARTESIAN_POINT('Origin',(91.,-104.5,0.));
#3055=CARTESIAN_POINT('',(89.3,-104.5,0.));
#3056=CARTESIAN_POINT('Origin',(91.,-104.5,0.));
#3057=CARTESIAN_POINT('',(89.3,-104.5,0.));
#3058=CARTESIAN_POINT('Origin',(78.485,-39.05,0.));
#3059=CARTESIAN_POINT('',(78.485,-39.05,0.));
#3060=CARTESIAN_POINT('',(64.515,-39.05,0.));
#3061=CARTESIAN_POINT('',(64.515,-39.05,0.));
#3062=CARTESIAN_POINT('',(64.515,-39.05,0.));
#3063=CARTESIAN_POINT('',(78.485,-39.05,0.));
#3064=CARTESIAN_POINT('Origin',(78.485,-25.08,0.));
#3065=CARTESIAN_POINT('',(78.485,-25.08,0.));
#3066=CARTESIAN_POINT('',(78.485,-39.05,0.));
#3067=CARTESIAN_POINT('',(78.485,-25.08,0.));
#3068=CARTESIAN_POINT('Origin',(64.515,-25.08,0.));
#3069=CARTESIAN_POINT('',(64.515,-25.08,0.));
#3070=CARTESIAN_POINT('',(78.485,-25.08,0.));
#3071=CARTESIAN_POINT('',(64.515,-25.08,0.));
#3072=CARTESIAN_POINT('Origin',(64.515,-39.05,0.));
#3073=CARTESIAN_POINT('',(64.515,-25.08,0.));
#3074=CARTESIAN_POINT('Origin',(40.385,-39.05,0.));
#3075=CARTESIAN_POINT('',(40.385,-39.05,0.));
#3076=CARTESIAN_POINT('',(26.415,-39.05,0.));
#3077=CARTESIAN_POINT('',(26.415,-39.05,0.));
#3078=CARTESIAN_POINT('',(26.415,-39.05,0.));
#3079=CARTESIAN_POINT('',(40.385,-39.05,0.));
#3080=CARTESIAN_POINT('Origin',(40.385,-25.08,0.));
#3081=CARTESIAN_POINT('',(40.385,-25.08,0.));
#3082=CARTESIAN_POINT('',(40.385,-39.05,0.));
#3083=CARTESIAN_POINT('',(40.385,-25.08,0.));
#3084=CARTESIAN_POINT('Origin',(26.415,-25.08,0.));
#3085=CARTESIAN_POINT('',(26.415,-25.08,0.));
#3086=CARTESIAN_POINT('',(40.385,-25.08,0.));
#3087=CARTESIAN_POINT('',(26.415,-25.08,0.));
#3088=CARTESIAN_POINT('Origin',(26.415,-39.05,0.));
#3089=CARTESIAN_POINT('',(26.415,-25.08,0.));
#3090=CARTESIAN_POINT('Origin',(26.415,-96.2,0.));
#3091=CARTESIAN_POINT('',(26.415,-96.2,0.));
#3092=CARTESIAN_POINT('',(26.415,-82.23,0.));
#3093=CARTESIAN_POINT('',(26.415,-82.23,0.));
#3094=CARTESIAN_POINT('',(26.415,-82.23,0.));
#3095=CARTESIAN_POINT('',(26.415,-96.2,0.));
#3096=CARTESIAN_POINT('Origin',(40.385,-96.2,0.));
#3097=CARTESIAN_POINT('',(40.385,-96.2,0.));
#3098=CARTESIAN_POINT('',(26.415,-96.2,0.));
#3099=CARTESIAN_POINT('',(40.385,-96.2,0.));
#3100=CARTESIAN_POINT('Origin',(40.385,-82.23,0.));
#3101=CARTESIAN_POINT('',(40.385,-82.23,0.));
#3102=CARTESIAN_POINT('',(40.385,-82.23,0.));
#3103=CARTESIAN_POINT('',(40.385,-82.23,0.));
#3104=CARTESIAN_POINT('Origin',(26.415,-82.23,0.));
#3105=CARTESIAN_POINT('',(40.385,-82.23,0.));
#3106=CARTESIAN_POINT('Origin',(26.415,-63.18,0.));
#3107=CARTESIAN_POINT('',(26.415,-63.18,0.));
#3108=CARTESIAN_POINT('',(40.385,-63.18,0.));
#3109=CARTESIAN_POINT('',(26.415,-63.18,0.));
#3110=CARTESIAN_POINT('',(40.385,-63.18,0.));
#3111=CARTESIAN_POINT('',(26.415,-63.18,0.));
#3112=CARTESIAN_POINT('Origin',(26.415,-77.15,0.));
#3113=CARTESIAN_POINT('',(26.415,-77.15,0.));
#3114=CARTESIAN_POINT('',(26.415,-77.15,0.));
#3115=CARTESIAN_POINT('',(26.415,-77.15,0.));
#3116=CARTESIAN_POINT('Origin',(40.385,-77.15,0.));
#3117=CARTESIAN_POINT('',(40.385,-77.15,0.));
#3118=CARTESIAN_POINT('',(40.385,-77.15,0.));
#3119=CARTESIAN_POINT('',(40.385,-77.15,0.));
#3120=CARTESIAN_POINT('Origin',(40.385,-63.18,0.));
#3121=CARTESIAN_POINT('',(40.385,-63.18,0.));
#3122=CARTESIAN_POINT('Origin',(-5.,-104.5,0.));
#3123=CARTESIAN_POINT('',(-6.7,-104.5,0.));
#3124=CARTESIAN_POINT('Origin',(-5.,-104.5,0.));
#3125=CARTESIAN_POINT('',(-6.7,-104.5,0.));
#3126=CARTESIAN_POINT('Origin',(59.435,-25.08,0.));
#3127=CARTESIAN_POINT('',(59.435,-25.08,0.));
#3128=CARTESIAN_POINT('',(59.435,-39.05,0.));
#3129=CARTESIAN_POINT('',(59.435,-25.08,0.));
#3130=CARTESIAN_POINT('',(59.435,-39.05,0.));
#3131=CARTESIAN_POINT('',(59.435,-25.08,0.));
#3132=CARTESIAN_POINT('Origin',(45.465,-25.08,0.));
#3133=CARTESIAN_POINT('',(45.465,-25.08,0.));
#3134=CARTESIAN_POINT('',(45.465,-25.08,0.));
#3135=CARTESIAN_POINT('',(45.465,-25.08,0.));
#3136=CARTESIAN_POINT('Origin',(45.465,-39.05,0.));
#3137=CARTESIAN_POINT('',(45.465,-39.05,0.));
#3138=CARTESIAN_POINT('',(45.465,-39.05,0.));
#3139=CARTESIAN_POINT('',(45.465,-39.05,0.));
#3140=CARTESIAN_POINT('Origin',(59.435,-39.05,0.));
#3141=CARTESIAN_POINT('',(59.435,-39.05,0.));
#3142=CARTESIAN_POINT('Origin',(60.,0.,0.));
#3143=CARTESIAN_POINT('',(60.,0.,0.));
#3144=CARTESIAN_POINT('',(60.0000008940697,-4.00000005960464,0.));
#3145=CARTESIAN_POINT('',(60.,0.,0.));
#3146=CARTESIAN_POINT('',(60.0000008940697,-4.00000005960464,0.));
#3147=CARTESIAN_POINT('',(60.,0.,0.));
#3148=CARTESIAN_POINT('Origin',(0.,0.,0.));
#3149=CARTESIAN_POINT('',(0.,0.,0.));
#3150=CARTESIAN_POINT('',(0.,0.,0.));
#3151=CARTESIAN_POINT('',(0.,0.,0.));
#3152=CARTESIAN_POINT('Origin',(0.,-20.,0.));
#3153=CARTESIAN_POINT('',(0.,-20.,0.));
#3154=CARTESIAN_POINT('',(0.,-20.,0.));
#3155=CARTESIAN_POINT('',(0.,-20.,0.));
#3156=CARTESIAN_POINT('Origin',(60.,-20.,0.));
#3157=CARTESIAN_POINT('',(60.,-20.,0.));
#3158=CARTESIAN_POINT('',(60.,-20.,0.));
#3159=CARTESIAN_POINT('',(60.,-20.,0.));
#3160=CARTESIAN_POINT('Origin',(60.0000008940697,-12.0000001788139,0.));
#3161=CARTESIAN_POINT('',(60.0000008940697,-12.0000001788139,0.));
#3162=CARTESIAN_POINT('',(60.0000008940697,-12.0000001788139,0.));
#3163=CARTESIAN_POINT('',(60.0000008940697,-12.0000001788139,0.));
#3164=CARTESIAN_POINT('Origin',(60.0000008940697,-4.00000005960464,0.));
#3165=CARTESIAN_POINT('',(60.0000008940697,-4.00000005960464,0.));
#3166=CARTESIAN_POINT('Origin',(59.435,-96.2,0.));
#3167=CARTESIAN_POINT('',(59.435,-96.2,0.));
#3168=CARTESIAN_POINT('',(45.465,-96.2,0.));
#3169=CARTESIAN_POINT('',(45.465,-96.2,0.));
#3170=CARTESIAN_POINT('',(45.465,-96.2,0.));
#3171=CARTESIAN_POINT('',(59.435,-96.2,0.));
#3172=CARTESIAN_POINT('Origin',(59.435,-82.23,0.));
#3173=CARTESIAN_POINT('',(59.435,-82.23,0.));
#3174=CARTESIAN_POINT('',(59.435,-82.23,0.));
#3175=CARTESIAN_POINT('',(59.435,-82.23,0.));
#3176=CARTESIAN_POINT('Origin',(45.465,-82.23,0.));
#3177=CARTESIAN_POINT('',(45.465,-82.23,0.));
#3178=CARTESIAN_POINT('',(45.465,-82.23,0.));
#3179=CARTESIAN_POINT('',(45.465,-82.23,0.));
#3180=CARTESIAN_POINT('Origin',(45.465,-96.2,0.));
#3181=CARTESIAN_POINT('',(45.465,-82.23,0.));
#3182=CARTESIAN_POINT('Origin',(63.39,-21.,0.));
#3183=CARTESIAN_POINT('',(63.39,-21.,0.));
#3184=CARTESIAN_POINT('',(63.39,-21.,0.));
#3185=CARTESIAN_POINT('',(63.39,10.,0.));
#3186=CARTESIAN_POINT('',(63.39,10.,0.));
#3187=CARTESIAN_POINT('',(63.39,10.,0.));
#3188=CARTESIAN_POINT('Origin',(81.89,-21.,0.));
#3189=CARTESIAN_POINT('',(63.39,-21.,0.));
#3190=CARTESIAN_POINT('Origin',(91.,10.,0.));
#3191=CARTESIAN_POINT('',(91.,10.0000000016275,0.));
#3192=CARTESIAN_POINT('',(91.,10.0000000016275,0.));
#3193=CARTESIAN_POINT('',(81.89,10.,0.));
#3194=CARTESIAN_POINT('Origin',(91.,4.99999999999999,0.));
#3195=CARTESIAN_POINT('',(96.,5.0001804134408,0.));
#3196=CARTESIAN_POINT('',(96.,5.0001804134408,0.));
#3197=CARTESIAN_POINT('Origin',(91.,4.99999999999999,0.));
#3198=CARTESIAN_POINT('Origin',(96.,-104.5,0.));
#3199=CARTESIAN_POINT('',(96.,-104.5,0.));
#3200=CARTESIAN_POINT('',(96.,-104.5,0.));
#3201=CARTESIAN_POINT('',(96.,5.,0.));
#3202=CARTESIAN_POINT('Origin',(91.,-104.5,0.));
#3203=CARTESIAN_POINT('',(91.,-109.5,0.));
#3204=CARTESIAN_POINT('',(91.,-109.5,0.));
#3205=CARTESIAN_POINT('Origin',(91.,-104.5,0.));
#3206=CARTESIAN_POINT('Origin',(-5.,-109.5,0.));
#3207=CARTESIAN_POINT('',(-5.,-109.5,0.));
#3208=CARTESIAN_POINT('',(-5.,-109.5,0.));
#3209=CARTESIAN_POINT('',(91.,-109.5,0.));
#3210=CARTESIAN_POINT('Origin',(-4.99999999999999,-104.5,0.));
#3211=CARTESIAN_POINT('',(-10.,-104.5,0.));
#3212=CARTESIAN_POINT('',(-10.,-104.5,0.));
#3213=CARTESIAN_POINT('Origin',(-4.99999999999999,-104.5,0.));
#3214=CARTESIAN_POINT('Origin',(-10.,5.,0.));
#3215=CARTESIAN_POINT('',(-10.,5.,0.));
#3216=CARTESIAN_POINT('',(-10.,5.,0.));
#3217=CARTESIAN_POINT('',(-10.,-104.5,0.));
#3218=CARTESIAN_POINT('Origin',(-5.00000000000001,5.00000000000001,0.));
#3219=CARTESIAN_POINT('',(-5.,10.,0.));
#3220=CARTESIAN_POINT('',(-5.,10.,0.));
#3221=CARTESIAN_POINT('Origin',(-5.00000000000001,5.00000000000001,0.));
#3222=CARTESIAN_POINT('Origin',(63.39,10.,0.));
#3223=CARTESIAN_POINT('',(-5.,10.,0.));
#3224=CARTESIAN_POINT('Origin',(43.,-49.7499999983726,0.));
#3225=UNCERTAINTY_MEASURE_WITH_UNIT(LENGTH_MEASURE(0.01),#3229,
'DISTANCE_ACCURACY_VALUE',
'Maximum model space distance between geometric entities at asserted c
onnectivities');
#3226=UNCERTAINTY_MEASURE_WITH_UNIT(LENGTH_MEASURE(0.01),#3229,
'DISTANCE_ACCURACY_VALUE',
'Maximum model space distance between geometric entities at asserted c
onnectivities');
#3227=(
GEOMETRIC_REPRESENTATION_CONTEXT(3)
GLOBAL_UNCERTAINTY_ASSIGNED_CONTEXT((#3225))
GLOBAL_UNIT_ASSIGNED_CONTEXT((#3229,#3231,#3232))
REPRESENTATION_CONTEXT('','3D')
);
#3228=(
GEOMETRIC_REPRESENTATION_CONTEXT(3)
GLOBAL_UNCERTAINTY_ASSIGNED_CONTEXT((#3226))
GLOBAL_UNIT_ASSIGNED_CONTEXT((#3229,#3231,#3232))
REPRESENTATION_CONTEXT('','3D')
);
#3229=(
LENGTH_UNIT()
NAMED_UNIT(*)
SI_UNIT(.MILLI.,.METRE.)
);
#3230=(
LENGTH_UNIT()
NAMED_UNIT(*)
SI_UNIT($,.METRE.)
);
#3231=(
NAMED_UNIT(*)
PLANE_ANGLE_UNIT()
SI_UNIT($,.RADIAN.)
);
#3232=(
NAMED_UNIT(*)
SI_UNIT($,.STERADIAN.)
SOLID_ANGLE_UNIT()
);
#3233=SHAPE_DEFINITION_REPRESENTATION(#3234,#3235);
#3234=PRODUCT_DEFINITION_SHAPE('',$,#3237);
#3235=SHAPE_REPRESENTATION('',(#2037),#3227);
#3236=PRODUCT_DEFINITION_CONTEXT('part definition',#3241,'design');
#3237=PRODUCT_DEFINITION('Bens macro pad lid','Sadrita 16 pad lid',#3238,
#3236);
#3238=PRODUCT_DEFINITION_FORMATION('',$,#3243);
#3239=PRODUCT_RELATED_PRODUCT_CATEGORY('Sadrita 16 pad lid',
'Sadrita 16 pad lid',(#3243));
#3240=APPLICATION_PROTOCOL_DEFINITION('international standard',
'automotive_design',2009,#3241);
#3241=APPLICATION_CONTEXT(
'Core Data for Automotive Mechanical Design Process');
#3242=PRODUCT_CONTEXT('part definition',#3241,'mechanical');
#3243=PRODUCT('Bens macro pad lid','Sadrita 16 pad lid',$,(#3242));
#3244=PRESENTATION_STYLE_ASSIGNMENT((#3246));
#3245=PRESENTATION_STYLE_ASSIGNMENT((#3247));
#3246=SURFACE_STYLE_USAGE(.BOTH.,#3248);
#3247=SURFACE_STYLE_USAGE(.BOTH.,#3249);
#3248=SURFACE_SIDE_STYLE('',(#3250));
#3249=SURFACE_SIDE_STYLE('',(#3251));
#3250=SURFACE_STYLE_FILL_AREA(#3252);
#3251=SURFACE_STYLE_FILL_AREA(#3253);
#3252=FILL_AREA_STYLE('Steel - Satin',(#3254));
#3253=FILL_AREA_STYLE('Opaque(160,160,160)',(#3255));
#3254=FILL_AREA_STYLE_COLOUR('Steel - Satin',#3256);
#3255=FILL_AREA_STYLE_COLOUR('Opaque(160,160,160)',#3257);
#3256=COLOUR_RGB('Steel - Satin',0.627450980392157,0.627450980392157,0.627450980392157);
#3257=COLOUR_RGB('Opaque(160,160,160)',0.627450980392157,0.627450980392157,
0.627450980392157);
ENDSEC;
END-ISO-10303-21;
